"number","value","datetime_start","datetime_complete","duration","params_decoder_layer_width_0","params_decoder_layer_width_1","params_decoder_layer_width_2","params_decoder_layer_width_3","params_decoder_layer_width_4","params_encoder_layer_width_0","params_encoder_layer_width_1","params_encoder_layer_width_2","params_encoder_layer_width_3","params_lr","params_n_decoder_layers","params_n_encoder_layers","params_transformer_dropout","params_transformer_heads","user_attrs_avg_mae","user_attrs_avg_mape","user_attrs_avg_ndcg10","user_attrs_avg_ndcg20","user_attrs_avg_ndcg50","user_attrs_avg_r2","user_attrs_fold10_mae","user_attrs_fold10_mape","user_attrs_fold10_ndcg10","user_attrs_fold10_ndcg20","user_attrs_fold10_ndcg50","user_attrs_fold10_r2","user_attrs_fold11_mae","user_attrs_fold11_mape","user_attrs_fold11_ndcg10","user_attrs_fold11_ndcg20","user_attrs_fold11_ndcg50","user_attrs_fold11_r2","user_attrs_fold12_mae","user_attrs_fold12_mape","user_attrs_fold12_ndcg10","user_attrs_fold12_ndcg20","user_attrs_fold12_ndcg50","user_attrs_fold12_r2","user_attrs_fold13_mae","user_attrs_fold13_mape","user_attrs_fold13_ndcg10","user_attrs_fold13_ndcg20","user_attrs_fold13_ndcg50","user_attrs_fold13_r2","user_attrs_fold14_mae","user_attrs_fold14_mape","user_attrs_fold14_ndcg10","user_attrs_fold14_ndcg20","user_attrs_fold14_ndcg50","user_attrs_fold14_r2","user_attrs_fold15_mae","user_attrs_fold15_mape","user_attrs_fold15_ndcg10","user_attrs_fold15_ndcg20","user_attrs_fold15_ndcg50","user_attrs_fold15_r2","user_attrs_fold16_mae","user_attrs_fold16_mape","user_attrs_fold16_ndcg10","user_attrs_fold16_ndcg20","user_attrs_fold16_ndcg50","user_attrs_fold16_r2","user_attrs_fold17_mae","user_attrs_fold17_mape","user_attrs_fold17_ndcg10","user_attrs_fold17_ndcg20","user_attrs_fold17_ndcg50","user_attrs_fold17_r2","user_attrs_fold1_mae","user_attrs_fold1_mape","user_attrs_fold1_ndcg10","user_attrs_fold1_ndcg20","user_attrs_fold1_ndcg50","user_attrs_fold1_r2","user_attrs_fold2_mae","user_attrs_fold2_mape","user_attrs_fold2_ndcg10","user_attrs_fold2_ndcg20","user_attrs_fold2_ndcg50","user_attrs_fold2_r2","user_attrs_fold3_mae","user_attrs_fold3_mape","user_attrs_fold3_ndcg10","user_attrs_fold3_ndcg20","user_attrs_fold3_ndcg50","user_attrs_fold3_r2","user_attrs_fold4_mae","user_attrs_fold4_mape","user_attrs_fold4_ndcg10","user_attrs_fold4_ndcg20","user_attrs_fold4_ndcg50","user_attrs_fold4_r2","user_attrs_fold5_mae","user_attrs_fold5_mape","user_attrs_fold5_ndcg10","user_attrs_fold5_ndcg20","user_attrs_fold5_ndcg50","user_attrs_fold5_r2","user_attrs_fold6_mae","user_attrs_fold6_mape","user_attrs_fold6_ndcg10","user_attrs_fold6_ndcg20","user_attrs_fold6_ndcg50","user_attrs_fold6_r2","user_attrs_fold7_mae","user_attrs_fold7_mape","user_attrs_fold7_ndcg10","user_attrs_fold7_ndcg20","user_attrs_fold7_ndcg50","user_attrs_fold7_r2","user_attrs_fold8_mae","user_attrs_fold8_mape","user_attrs_fold8_ndcg10","user_attrs_fold8_ndcg20","user_attrs_fold8_ndcg50","user_attrs_fold8_r2","user_attrs_fold9_mae","user_attrs_fold9_mape","user_attrs_fold9_ndcg10","user_attrs_fold9_ndcg20","user_attrs_fold9_ndcg50","user_attrs_fold9_r2","user_attrs_pca_components","system_attrs_completed_rung_0","system_attrs_completed_rung_1","system_attrs_completed_rung_2","state"
0,0.13152919424807324,"2025-05-16 21:40:44.241907","2025-05-16 21:40:53.054707","0 days 00:00:08.812800",128,"","","","",128,"","","",0.00152904413040177,1,1,0.5,10,0.13152919424807324,2051.228859396542,0.6506689863608164,0.6424585642183528,0.6365089451565462,0.04556159762775197,0.14565220475196838,223.66128540039062,0.05193870887160301,0.07578590512275696,0.09544683992862701,-0.4623361825942993,0.0690489113330841,471.33392333984375,0.9180051684379578,0.8440307378768921,0.8697893023490906,0.6786743104457855,0.15860381722450256,173.33444213867188,1.0,1.0,0.8228171467781067,0.26808470487594604,0.1147063747048378,52.408599853515625,1.0,1.0,0.9022664427757263,0.5623718202114105,0.09577298164367676,116.99998474121094,1.0,0.8461822867393494,0.7592771053314209,0.34621065855026245,0.15898200869560242,71.61139678955078,0.42674726247787476,0.3965179920196533,0.4997186064720154,-0.7475360631942749,0.21803617477416992,159.24227905273438,1.0,1.0,0.959096372127533,-0.0775519609451294,0.11007866263389587,217.8557891845703,0.904608428478241,0.8366334438323975,0.8161700367927551,0.24855124950408936,0.18710042536258698,63.51543045043945,0.3079359233379364,0.3392367362976074,0.38500848412513733,-0.8216272592544556,0.21811746060848236,798.445556640625,0.5616838932037354,0.40270331501960754,0.723856508731842,-0.482635498046875,0.12205158174037933,62.935726165771484,0.8510283827781677,0.9002185463905334,0.868826150894165,0.32242798805236816,0.10984527319669724,54.741539001464844,0.7643720507621765,0.8186548948287964,0.8529407978057861,0.44110000133514404,0.08929665386676788,30503.9375,0.16561420261859894,0.14103548228740692,0.14870013296604156,-0.05670726299285889,0.10121338069438934,704.3709716796875,0.2554168403148651,0.3998529016971588,0.3912048041820526,-0.03714704513549805,0.15006554126739502,265.9529113769531,0.2870215177536011,0.26478341221809387,0.28005680441856384,-0.19722282886505127,0.058224868029356,471.4121398925781,1.0,0.995047390460968,0.8051589727401733,0.4848182201385498,0.12919998168945312,459.1311340332031,0.5670003890991211,0.6611125469207764,0.6403175592422485,0.3050723075866699,10.0,"","","","COMPLETE"
1,0.10474747090655215,"2025-05-16 21:40:53.055104","2025-05-16 21:40:58.895443","0 days 00:00:05.840339",112,48.0,224.0,176.0,224.0,176,80.0,"","",0.0004766940424136155,5,2,0.2,1,0.10474747090655215,982.5775202582864,0.8010840152992922,0.8073124727782082,0.7903533753226785,0.37618892859010133,0.11358904093503952,380.1728820800781,0.4681309163570404,0.6188012957572937,0.6268672347068787,0.21647387742996216,0.0782637894153595,706.323974609375,0.9125926494598389,0.8923059701919556,0.8679486513137817,0.6514530777931213,0.1530827283859253,178.820068359375,0.9993374347686768,0.9995723962783813,0.8259309530258179,0.27560508251190186,0.11036145687103271,49.387939453125,1.0,1.0,0.9084429144859314,0.5660527944564819,0.09647403657436371,146.5147705078125,1.0,0.8657266497612,0.7762026786804199,0.39269810914993286,0.08490455150604248,63.061248779296875,0.9191439151763916,0.8522273302078247,0.8275918960571289,0.5053189992904663,0.14660261571407318,122.5809326171875,1.0,1.0,0.9628441333770752,0.5247315168380737,0.07846472412347794,101.89830017089844,0.893216609954834,0.8379859328269958,0.818115770816803,0.4535380005836487,0.10327397286891937,39.296730041503906,0.7116585373878479,0.7543715834617615,0.8064350485801697,0.3574315309524536,0.17985732853412628,2811.119140625,0.6280590891838074,0.6256712675094604,0.8369576930999756,0.11553674936294556,0.08794774860143661,50.95499801635742,0.8749563097953796,0.8977928161621094,0.8810752630233765,0.5547781884670258,0.10230815410614014,50.62046813964844,0.6453134417533875,0.7094033360481262,0.8076404333114624,0.41130781173706055,0.07444951683282852,10797.47265625,0.8258715867996216,0.7465736269950867,0.7051202654838562,0.30362600088119507,0.09326448291540146,518.3093872070312,0.3159297704696655,0.3738239109516144,0.5174227952957153,0.016594886779785156,0.11354044824838638,208.699462890625,0.8178084492683411,0.8396061658859253,0.7899028062820435,0.3660101294517517,0.048589807003736496,184.14491271972656,1.0,0.995047390460968,0.8082948327064514,0.4354707598686218,0.1157326027750969,294.4399719238281,0.6064095497131348,0.715402364730835,0.6692140102386475,0.24858427047729492,10.0,0.09104615449905396,0.0876086875796318,0.09095928817987442,"COMPLETE"
2,0.11670584231615067,"2025-05-16 21:40:58.895905","2025-05-16 21:41:00.293213","0 days 00:00:01.397308",208,32.0,224.0,240.0,"",144,96.0,"","",0.005278361314968211,4,2,0.5,6,"","","","","","","","","","","","","","","","","","","","","","","","","","","","","","","","","","","","","","","","","","","","","","","","","","","","","","",0.184715136885643,61.96532440185547,0.3079359233379364,0.3392367362976074,0.38500848412513733,-0.8008111715316772,"","","","","","","","","","","","","","","","","","","","","","","","","","","","","","","","","","","","","","","","","","","","","","","","","",0.11670584231615067,"","","PRUNED"
3,0.09260324388742447,"2025-05-16 21:41:00.293491","2025-05-16 21:41:01.966423","0 days 00:00:01.672932",80,96.0,256.0,48.0,"",96,160.0,"","",0.00939675835574216,4,2,0.30000000000000004,7,"","","","","","","","","","","","","","","","","","","","","","","","","","","","","","","","","","","","","","","","","","","","","","","","","","","","","","",0.1355057805776596,55.061805725097656,0.6968239545822144,0.7581124305725098,0.8037203550338745,0.17913955450057983,"","","","","","","","","","","","","","","","","","","","","","","","","","","","","","","","","","","","","","","","","","","","","","","","","",0.09260324388742447,"","","PRUNED"
4,0.09221599996089935,"2025-05-16 21:41:01.966708","2025-05-16 21:41:02.380388","0 days 00:00:00.413680",144,"","","","",64,"","","",0.0005300859808380881,1,1,0.5,2,"","","","","","","","","","","","","","","","","","","","","","","","","","","","","","","","","","","","","","","","","","","","","","","","","","","","","","",0.1109890416264534,44.62795639038086,0.7056912183761597,0.8074866533279419,0.8218737840652466,0.32815003395080566,"","","","","","","","","","","","","","","","","","","","","","","","","","","","","","","","","","","","","","","","","","","","","","","","","",0.09221599996089935,"","","PRUNED"
5,0.10225994534352247,"2025-05-16 21:41:02.380634","2025-05-16 21:41:07.286352","0 days 00:00:04.905718",112,112.0,"","","",128,16.0,"","",0.0016515814205350172,2,2,0.0,3,0.10225994534352247,1109.689380645752,0.813264119274476,0.8105883037342745,0.7879093622460085,0.36799981488901023,0.11003082990646362,238.23162841796875,0.5295314192771912,0.6398289799690247,0.6332622766494751,0.18345266580581665,0.07165151089429855,553.5191040039062,0.9125926494598389,0.8954726457595825,0.8945670127868652,0.6325326859951019,0.1454070508480072,156.4285888671875,1.0,1.0,0.8260565400123596,0.2818458676338196,0.10136102885007858,52.14342498779297,1.0,1.0,0.9157588481903076,0.611375093460083,0.09258770942687988,97.48371887207031,1.0,0.8649027347564697,0.774600625038147,0.342437207698822,0.08321905881166458,75.98658752441406,0.9276496767997742,0.8535193800926208,0.8157803416252136,0.5486758947372437,0.13422980904579163,102.8935775756836,1.0,1.0,0.9628441333770752,0.5275702476501465,0.07489513605833054,82.59541320800781,0.8920125365257263,0.8406175971031189,0.8206151127815247,0.47641444206237793,0.10774035006761551,41.97651672363281,0.7172331213951111,0.7680183053016663,0.7982978820800781,0.33825361728668213,0.17575083673000336,2792.98876953125,0.6734681725502014,0.6410585045814514,0.8407467603683472,0.09071981906890869,0.09187976270914078,47.72174835205078,0.850595235824585,0.8630235195159912,0.882824718952179,0.47052717208862305,0.10042466968297958,49.90078353881836,0.7153376936912537,0.7539129257202148,0.7945209741592407,0.4576258659362793,0.07304511219263077,13238.6748046875,0.8340374231338501,0.7397345900535583,0.6845867037773132,0.32077473402023315,0.09492848813533783,398.7738037109375,0.2784237563610077,0.36122792959213257,0.48733100295066833,-0.0815194845199585,0.10942541807889938,223.51693725585938,0.838874876499176,0.8330016136169434,0.7622544765472412,0.40451598167419434,0.05526631325483322,433.7767639160156,1.0,1.0,0.8349919319152832,0.4365634322166443,0.11657598614692688,278.1072998046875,0.6557334661483765,0.7256824374198914,0.6654198169708252,0.21423161029815674,10.0,0.0790509283542633,0.07952964305877686,0.08095743507146835,"COMPLETE"
6,0.09489502012729645,"2025-05-16 21:41:07.286822","2025-05-16 21:41:07.735051","0 days 00:00:00.448229",112,"","","","",96,"","","",0.00017232185431110468,1,1,0.30000000000000004,3,"","","","","","","","","","","","","","","","","","","","","","","","","","","","","","","","","","","","","","","","","","","","","","","","","","","","","","",0.11449179798364639,49.923194885253906,0.7861811518669128,0.8021558523178101,0.8268427848815918,0.3418794870376587,"","","","","","","","","","","","","","","","","","","","","","","","","","","","","","","","","","","","","","","","","","","","","","","","","",0.09489502012729645,"","","PRUNED"
7,0.08482061326503754,"2025-05-16 21:41:07.735320","2025-05-16 21:41:08.570971","0 days 00:00:00.835651",144,256.0,144.0,224.0,"",112,"","","",0.0014351256410989211,4,1,0.5,6,"","","","","","","","","","","","","","","","","","","","","","","","","","","","","","","","","","","","","","","","","","","","","","","","","","","","","","",0.09877502173185349,43.5511360168457,0.6906550526618958,0.78851717710495,0.8290165662765503,0.4942108988761902,"","","","","","","","","","","","","","","","","","","","","","","","","","","","","","","","","","","","","","","","","","","","","","","","","",0.08482061326503754,"","","PRUNED"
8,0.11422815918922424,"2025-05-16 21:41:08.571233","2025-05-16 21:41:09.343916","0 days 00:00:00.772683",160,144.0,208.0,128.0,16.0,192,32.0,"","",0.00974679787562691,5,2,0.4,3,"","","","","","","","","","","","","","","","","","","","","","","","","","","","","","","","","","","","","","","","","","","","","","","","","","","","","","",0.12829406559467316,49.99540328979492,0.7247763872146606,0.756994903087616,0.7955245971679688,0.17498010396957397,"","","","","","","","","","","","","","","","","","","","","","","","","","","","","","","","","","","","","","","","","","","","","","","","","",0.11422815918922424,"","","PRUNED"
9,0.0918109118938446,"2025-05-16 21:41:09.344186","2025-05-16 21:41:14.085715","0 days 00:00:04.741529",128,"","","","",192,96.0,"","",0.0008407968357281223,1,2,0.0,8,"","","","","","","","","","","","","","","","","","","","","","","","","","","","","","","","","","","","","","","","","","","","","","","","","","","","","","",0.11628281325101852,49.05418395996094,0.7196508049964905,0.7547387480735779,0.7945097088813782,0.30658936500549316,0.1764369010925293,1858.0020751953125,0.6310680508613586,0.6317955851554871,0.8386202454566956,-0.012412667274475098,0.09332180768251419,47.61234664916992,0.8958902955055237,0.8516606092453003,0.8553680181503296,0.46682029962539673,0.10348030924797058,55.28352355957031,0.6973546743392944,0.7716717720031738,0.8036443591117859,0.4846295118331909,"","","","","","","","","","","","","","","","","","","","","","","","","","","","","","","",0.08477059751749039,0.0918109118938446,"","PRUNED"
10,0.19032065570354462,"2025-05-16 21:41:14.085986","2025-05-16 21:41:15.293158","0 days 00:00:01.207172",16,176.0,"","","",48,16.0,48.0,176.0,0.062290667535847714,2,4,0.0,4,"","","","","","","","","","","","","","","","","","","","","","","","","","","","","","","","","","","","","","","","","","","","","","","","","","","","","","",0.1283983588218689,35.049842834472656,0.3079359233379364,0.3392367362976074,0.38500848412513733,-0.3271782398223877,"","","","","","","","","","","","","","","","","","","","","","","","","","","","","","","","","","","","","","","","","","","","","","","","","",0.19032065570354462,"","","PRUNED"
11,0.09807731211185455,"2025-05-16 21:41:15.293433","2025-05-16 21:41:16.045451","0 days 00:00:00.752018",64,48.0,48.0,"","",160,64.0,208.0,"",0.00013633844617265452,3,3,0.1,1,"","","","","","","","","","","","","","","","","","","","","","","","","","","","","","","","","","","","","","","","","","","","","","","","","","","","","","",0.12452280521392822,43.76095962524414,0.7084469199180603,0.7590265274047852,0.8171592950820923,0.10851871967315674,"","","","","","","","","","","","","","","","","","","","","","","","","","","","","","","","","","","","","","","","","","","","","","","","","",0.09807731211185455,"","","PRUNED"
12,0.08510652184486389,"2025-05-16 21:41:16.045741","2025-05-16 21:41:18.166570","0 days 00:00:02.120829",208,96.0,128.0,"","",208,192.0,160.0,"",0.00036022555321513656,3,3,0.2,1,"","","","","","","","","","","","","","","","","","","","","","","","","","","","","","","","","","","","","","","","","","","","","","","","","","","","","","",0.09859898686408997,38.073665618896484,0.7419900894165039,0.7810800671577454,0.7912688255310059,0.3522108793258667,0.16514591872692108,1894.319091796875,0.696406364440918,0.6215755939483643,0.84299635887146,0.09131217002868652,0.0881170853972435,47.422340393066406,0.8766089677810669,0.8836811184883118,0.880646288394928,0.5250730514526367,0.09759248793125153,40.4431266784668,0.6295602917671204,0.700420618057251,0.8039788007736206,0.33416247367858887,"","","","","","","","","","","","","","","","","","","","","","","","","","","","","","","",0.084715336561203,0.08510652184486389,"","PRUNED"
13,0.08118793368339539,"2025-05-16 21:41:18.166870","2025-05-16 21:41:20.199113","0 days 00:00:02.032243",64,80.0,160.0,144.0,256.0,16,48.0,16.0,"",0.0036392930202594925,5,3,0.1,4,"","","","","","","","","","","","","","","","","","","","","","","","","","","","","","","","","","","","","","","","","","","","","","","","","","","","","","",0.10335726290941238,41.60736083984375,0.7364615201950073,0.7810684442520142,0.7941927909851074,0.34984320402145386,0.1673291176557541,1631.353759765625,0.6803448796272278,0.6712508797645569,0.8494081497192383,0.06627452373504639,0.08958721160888672,49.448265075683594,0.8570985198020935,0.8647878766059875,0.87892746925354,0.4978588819503784,0.098596952855587,43.32639694213867,0.7163442373275757,0.797050952911377,0.8127934336662292,0.4088898301124573,"","","","","","","","","","","","","","","","","","","","","","","","","","","","","","","",0.08047103136777878,0.08118793368339539,"","PRUNED"
14,0.08499730378389359,"2025-05-16 21:41:20.199417","2025-05-16 21:41:22.765662","0 days 00:00:02.566245",240,16.0,"","","",176,128.0,96.0,16.0,0.0002967986008947363,2,4,0.1,2,"","","","","","","","","","","","","","","","","","","","","","","","","","","","","","","","","","","","","","","","","","","","","","","","","","","","","","",0.09940023720264435,37.885948181152344,0.7044777870178223,0.779542863368988,0.8259122967720032,0.35716378688812256,0.163845956325531,2044.9866943359375,0.696406364440918,0.6683445572853088,0.8485212326049805,0.13685059547424316,0.09787667542695999,52.396087646484375,0.8762755990028381,0.9110574722290039,0.8781996369361877,0.4417338967323303,0.11745967715978622,58.54336166381836,0.5874072909355164,0.6975486874580383,0.7845593690872192,0.3571113348007202,"","","","","","","","","","","","","","","","","","","","","","","","","","","","","","","",0.08256467431783676,0.08499730378389359,"","PRUNED"
15,0.11010018736124039,"2025-05-16 21:41:22.765976","2025-05-16 21:41:23.607873","0 days 00:00:00.841897",96,160.0,"","","",144,64.0,"","",0.028227095431665926,2,2,0.2,4,"","","","","","","","","","","","","","","","","","","","","","","","","","","","","","","","","","","","","","","","","","","","","","","","","","","","","","",0.1781977117061615,58.19809341430664,0.3079359233379364,0.3392367362976074,0.38500848412513733,-0.7411816120147705,"","","","","","","","","","","","","","","","","","","","","","","","","","","","","","","","","","","","","","","","","","","","","","","","","",0.11010018736124039,"","","PRUNED"
16,0.08207990229129791,"2025-05-16 21:41:23.608138","2025-05-16 21:41:25.497141","0 days 00:00:01.889003",16,64.0,48.0,"","",160,16.0,112.0,"",0.0014677356764011239,3,3,0.0,1,"","","","","","","","","","","","","","","","","","","","","","","","","","","","","","","","","","","","","","","","","","","","","","","","","","","","","","",0.09936230629682541,40.07735061645508,0.7011000514030457,0.7777296900749207,0.7997661232948303,0.3882424235343933,0.17020687460899353,2691.4033203125,0.6795506477355957,0.6325647234916687,0.8414745330810547,0.12372857332229614,0.09852545708417892,60.03498458862305,0.8774812817573547,0.9032375812530518,0.8771408796310425,0.5195586383342743,0.10318317264318466,42.76493835449219,0.6583649516105652,0.7130915522575378,0.8129891157150269,0.3232206702232361,"","","","","","","","","","","","","","","","","","","","","","","","","","","","","","","",0.08284835517406464,0.08207990229129791,"","PRUNED"
17,0.0825597271323204,"2025-05-16 21:41:25.497447","2025-05-16 21:41:27.908861","0 days 00:00:02.411414",176,208.0,192.0,160.0,240.0,112,128.0,"","",0.0008672593155149603,5,2,0.2,3,"","","","","","","","","","","","","","","","","","","","","","","","","","","","","","","","","","","","","","","","","","","","","","","","","","","","","","",0.10334283113479614,42.46173095703125,0.7149364948272705,0.7567040324211121,0.8025078177452087,0.38044339418411255,0.17585931718349457,2413.541259765625,0.6735732555389404,0.6439287662506104,0.8422219753265381,0.08071225881576538,0.08469259738922119,48.55038070678711,0.9033660292625427,0.8792233467102051,0.8830143213272095,0.5494853556156158,0.10057169198989868,47.31616973876953,0.6248799562454224,0.6987592577934265,0.7895689606666565,0.3859216570854187,"","","","","","","","","","","","","","","","","","","","","","","","","","","","","","","",0.08227375149726868,0.0825597271323204,"","PRUNED"
18,0.08265863358974457,"2025-05-16 21:41:27.909159","2025-05-16 21:41:29.514156","0 days 00:00:01.604997",48,112.0,"","","",80,80.0,208.0,"",0.002474196826137208,2,3,0.1,5,"","","","","","","","","","","","","","","","","","","","","","","","","","","","","","","","","","","","","","","","","","","","","","","","","","","","","","",0.09985692799091339,40.39654541015625,0.7065148949623108,0.748271644115448,0.7975414395332336,0.35478734970092773,"","","","","","","","","","","","","","","","","","","","","","","","","","","","","","","","","","","","","","","","","","","","","","","","","",0.08265863358974457,"","","PRUNED"
19,0.08639263361692429,"2025-05-16 21:41:29.514422","2025-05-16 21:41:30.060111","0 days 00:00:00.545689",176,128.0,96.0,"","",144,"","","",0.00046707506177998375,3,1,0.4,2,"","","","","","","","","","","","","","","","","","","","","","","","","","","","","","","","","","","","","","","","","","","","","","","","","","","","","","",0.11760818213224411,47.859092712402344,0.7537574172019958,0.7743092179298401,0.7967736124992371,0.2936347723007202,"","","","","","","","","","","","","","","","","","","","","","","","","","","","","","","","","","","","","","","","","","","","","","","","","",0.08639263361692429,"","","PRUNED"
20,0.08457629382610321,"2025-05-16 21:41:30.060383","2025-05-16 21:41:31.159789","0 days 00:00:01.099406",96,64.0,240.0,16.0,"",208,48.0,"","",0.0002341349798554793,4,2,0.30000000000000004,5,"","","","","","","","","","","","","","","","","","","","","","","","","","","","","","","","","","","","","","","","","","","","","","","","","","","","","","",0.16517274081707,62.598907470703125,0.7612661123275757,0.7742007374763489,0.8022081851959229,-0.29450857639312744,"","","","","","","","","","","","","","","","","","","","","","","","","","","","","","","","","","","","","","","","","","","","","","","","","",0.08457629382610321,"","","PRUNED"
21,0.12873360514640808,"2025-05-16 21:41:31.160102","2025-05-16 21:41:32.228732","0 days 00:00:01.068630",112,"","","","",128,"","","",0.0018306966868570302,1,1,0.4,10,"","","","","","","","","","","","","","","","","","","","","","","","","","","","","","","","","","","","","","","","","","","","","","","","","","","","","","",0.22805574536323547,89.1800537109375,0.22870776057243347,0.2371143400669098,0.3065098524093628,-1.3240997791290283,"","","","","","","","","","","","","","","","","","","","","","","","","","","","","","","","","","","","","","","","","","","","","","","","","",0.12873360514640808,"","","PRUNED"
22,0.08714820444583893,"2025-05-16 21:41:32.228988","2025-05-16 21:41:33.328945","0 days 00:00:01.099957",128,16.0,"","","",128,"","","",0.0009118240153355231,2,1,0.2,10,"","","","","","","","","","","","","","","","","","","","","","","","","","","","","","","","","","","","","","","","","","","","","","","","","","","","","","",0.10860618948936462,46.38371276855469,0.7688208222389221,0.8080089092254639,0.8112674951553345,0.4196503758430481,"","","","","","","","","","","","","","","","","","","","","","","","","","","","","","","","","","","","","","","","","","","","","","","","","",0.08714820444583893,"","","PRUNED"
23,0.1289219856262207,"2025-05-16 21:41:33.329206","2025-05-16 21:41:36.553251","0 days 00:00:03.224045",96,"","","","",160,208.0,"","",0.004807591275854012,1,2,0.4,9,"","","","","","","","","","","","","","","","","","","","","","","","","","","","","","","","","","","","","","","","","","","","","","","","","","","","","","",0.1768200546503067,57.5561637878418,0.3079359233379364,0.3392367362976074,0.38500848412513733,-0.7275286912918091,"","","","","","","","","","","","","","","","","","","","","","","","","","","","","","","","","","","","","","","","","","","","","","","","","",0.1289219856262207,"","","PRUNED"
24,0.08358202874660492,"2025-05-16 21:41:36.553524","2025-05-16 21:41:39.721589","0 days 00:00:03.168065",160,192.0,"","","",176,"","","",0.000735176395604834,2,1,0.0,8,"","","","","","","","","","","","","","","","","","","","","","","","","","","","","","","","","","","","","","","","","","","","","","","","","","","","","","",0.1067446768283844,45.73216247558594,0.7523970007896423,0.7992463707923889,0.804431140422821,0.4315757155418396,0.18236126005649567,3227.73046875,0.6244441866874695,0.6274948120117188,0.8362899422645569,0.11464029550552368,0.10123901814222336,58.022708892822266,0.8762755990028381,0.8746111989021301,0.8690599203109741,0.4796779751777649,0.10373511910438538,51.60478973388672,0.7330102324485779,0.7637678384780884,0.8160085678100586,0.485140860080719,"","","","","","","","","","","","","","","","","","","","","","","","","","","","","","","",0.0824861228466034,0.08358202874660492,"","PRUNED"
25,0.11326604336500168,"2025-05-16 21:41:39.721852","2025-05-16 21:41:40.433027","0 days 00:00:00.711175",112,"","","","",128,160.0,"","",0.009020117705339677,1,2,0.30000000000000004,2,"","","","","","","","","","","","","","","","","","","","","","","","","","","","","","","","","","","","","","","","","","","","","","","","","","","","","","",0.10836952179670334,39.06621170043945,0.7794337868690491,0.7736098766326904,0.8054973483085632,0.2599828243255615,"","","","","","","","","","","","","","","","","","","","","","","","","","","","","","","","","","","","","","","","","","","","","","","","","",0.11326604336500168,"","","PRUNED"
26,0.09285347908735275,"2025-05-16 21:41:40.433327","2025-05-16 21:41:41.122413","0 days 00:00:00.689086",48,128.0,"","","",96,"","","",0.00010881404708264783,2,1,0.1,7,"","","","","","","","","","","","","","","","","","","","","","","","","","","","","","","","","","","","","","","","","","","","","","","","","","","","","","",0.1190262883901596,49.08449172973633,0.7539687752723694,0.7603199481964111,0.7829387187957764,0.2905985713005066,"","","","","","","","","","","","","","","","","","","","","","","","","","","","","","","","","","","","","","","","","","","","","","","","","",0.09285347908735275,"","","PRUNED"
27,0.08535221219062805,"2025-05-16 21:41:41.122672","2025-05-16 21:41:42.550848","0 days 00:00:01.428176",80,"","","","",176,112.0,"","",0.0022898367246859497,1,2,0.2,1,"","","","","","","","","","","","","","","","","","","","","","","","","","","","","","","","","","","","","","","","","","","","","","","","","","","","","","",0.10003252327442169,39.064273834228516,0.7597666382789612,0.7928507328033447,0.8045363426208496,0.37175214290618896,0.17398521304130554,2217.707275390625,0.6769203543663025,0.6034647822380066,0.8392271399497986,0.05898642539978027,0.09287547320127487,43.965877532958984,0.8487599492073059,0.885395348072052,0.8721293210983276,0.41880542039871216,0.09977235645055771,43.35573959350586,0.6491954922676086,0.7907940745353699,0.7923621535301208,0.36362403631210327,"","","","","","","","","","","","","","","","","","","","","","","","","","","","","","","",0.08196430653333664,0.08535221219062805,"","PRUNED"
28,0.09534664452075958,"2025-05-16 21:41:42.551124","2025-05-16 21:41:44.178298","0 days 00:00:01.627174",192,224.0,176.0,"","",112,32.0,64.0,"",0.01648671435151603,3,3,0.4,9,"","","","","","","","","","","","","","","","","","","","","","","","","","","","","","","","","","","","","","","","","","","","","","","","","","","","","","",0.11898849159479141,42.807586669921875,0.7134508490562439,0.7633334994316101,0.8166397213935852,0.21461087465286255,"","","","","","","","","","","","","","","","","","","","","","","","","","","","","","","","","","","","","","","","","","","","","","","","","",0.09534664452075958,"","","PRUNED"
29,0.0868278220295906,"2025-05-16 21:41:44.178586","2025-05-16 21:41:45.508655","0 days 00:00:01.330069",224,48.0,112.0,192.0,144.0,144,80.0,"","",0.00418361532839115,5,2,0.5,6,"","","","","","","","","","","","","","","","","","","","","","","","","","","","","","","","","","","","","","","","","","","","","","","","","","","","","","",0.10097159445285797,40.15073013305664,0.7946292757987976,0.7851200103759766,0.8135009407997131,0.38645923137664795,"","","","","","","","","","","","","","","","","","","","","","","","","","","","","","","","","","","","","","","","","","","","","","","","","",0.0868278220295906,"","","PRUNED"
30,0.08911591023206711,"2025-05-16 21:41:45.508945","2025-05-16 21:41:45.984045","0 days 00:00:00.475100",160,96.0,80.0,96.0,"",64,"","","",0.0011940075388978506,4,1,0.5,3,"","","","","","","","","","","","","","","","","","","","","","","","","","","","","","","","","","","","","","","","","","","","","","","","","","","","","","",0.11242352426052094,45.919288635253906,0.7467063665390015,0.807899534702301,0.8239336609840393,0.3556848168373108,"","","","","","","","","","","","","","","","","","","","","","","","","","","","","","","","","","","","","","","","","","","","","","","","","",0.08911591023206711,"","","PRUNED"
31,0.08201853930950165,"2025-05-16 21:41:45.984339","2025-05-16 21:41:52.603362","0 days 00:00:06.619023",48,80.0,160.0,160.0,256.0,16,48.0,32.0,"",0.0034812233691930874,5,3,0.1,4,"","","","","","",0.1168830394744873,306.9247741699219,0.46039217710494995,0.45698490738868713,0.5661947131156921,0.08876711130142212,0.07381812483072281,569.1700439453125,0.9125926494598389,0.8141837120056152,0.8840444087982178,0.636615663766861,0.14465636014938354,141.19911193847656,1.0,0.9996656179428101,0.8322321772575378,0.23290163278579712,0.10278425365686417,53.313331604003906,1.0,1.0,0.9157792329788208,0.6020610630512238,0.09261805564165115,94.42901611328125,1.0,0.8397557735443115,0.7600871324539185,0.30964887142181396,0.08342204988002777,75.28154754638672,0.9191439151763916,0.8526073694229126,0.806818962097168,0.5329462587833405,0.13688093423843384,89.04090118408203,1.0,1.0,0.962844729423523,0.47460269927978516,"","","","","","",0.10049593448638916,39.23891067504883,0.7465848922729492,0.7931494116783142,0.7920141816139221,0.3615877032279968,0.17473194003105164,2307.959228515625,0.6757481694221497,0.644044041633606,0.8377849459648132,0.02545541524887085,0.08732756227254868,45.6156120300293,0.8997591733932495,0.8797487616539001,0.863183856010437,0.4914172887802124,0.10036526620388031,45.13564682006836,0.6696376204490662,0.7283698916435242,0.8025673031806946,0.4097890257835388,0.0731111690402031,15446.353515625,0.7936953902244568,0.7449341416358948,0.6608079671859741,0.31161975860595703,0.09579013288021088,312.5054931640625,0.31519556045532227,0.3905329406261444,0.46511310338974,-0.15686142444610596,0.10844776034355164,267.2112121582031,0.841418445110321,0.8009086847305298,0.7352331876754761,0.38919419050216675,0.05254196748137474,376.4657287597656,1.0,0.995047390460968,0.8476799726486206,0.45424193143844604,0.1128489300608635,248.39041137695312,0.6049326062202454,0.7122132182121277,0.6708391904830933,0.1840704083442688,"",0.07950036227703094,0.08105919510126114,0.08201853930950165,"PRUNED"
32,0.08136716485023499,"2025-05-16 21:41:52.603698","2025-05-16 21:41:55.198612","0 days 00:00:02.594914",32,64.0,192.0,192.0,192.0,16,48.0,16.0,48.0,0.0026212208009343996,5,4,0.1,5,"","","","","","","","","","","","","","","","","","","","","","","","","","","","","","","","","","","","","","","","","","","","","","","","","","","","","","",0.09868473559617996,39.28091049194336,0.7044777870178223,0.7777926921844482,0.7822436094284058,0.35981905460357666,0.16263173520565033,1644.762939453125,0.696406364440918,0.6825734376907349,0.8558123111724854,0.09371668100357056,0.07895693182945251,48.3931884765625,0.9011214971542358,0.8751516938209534,0.8847180604934692,0.5825998187065125,0.09904679656028748,46.724735260009766,0.6805846691131592,0.7282724976539612,0.7867581248283386,0.43063050508499146,"","","","","","","","","","","","","","","","","","","","","","","","","","","","","","","",0.08255046606063843,0.08136716485023499,"","PRUNED"
33,0.10242701979244456,"2025-05-16 21:41:55.198925","2025-05-16 21:42:03.222248","0 days 00:00:08.023323",80,112.0,16.0,96.0,"",32,16.0,144.0,"",0.006489020108686837,4,3,0.0,4,0.10242701979244456,1016.8985467798569,0.8097459183019751,0.791567697244532,0.7823631395311916,0.3618639392011306,0.11232700198888779,298.37890625,0.4326220154762268,0.4759662449359894,0.5564708113670349,0.1025574803352356,0.07594262808561325,880.9962158203125,0.9189135432243347,0.8981890082359314,0.8988177180290222,0.6502686738967896,0.14632578194141388,144.29913330078125,1.0,1.0,0.8331130146980286,0.27191537618637085,0.10286113619804382,59.080421447753906,1.0,1.0,0.9090058207511902,0.6212045252323151,0.09208273887634277,123.57323455810547,1.0,0.8399519324302673,0.7639762759208679,0.3847362995147705,0.0844382718205452,60.245849609375,0.9191439151763916,0.8663579225540161,0.8232026100158691,0.5249561965465546,0.13750600814819336,102.40738677978516,1.0,1.0,0.962844729423523,0.48678815364837646,0.07340728491544724,88.54135131835938,0.8921757340431213,0.8413479924201965,0.8119288086891174,0.480365514755249,0.10336370021104813,39.63762283325195,0.7629257440567017,0.7765380144119263,0.8233617544174194,0.366485595703125,0.1794278770685196,2701.274169921875,0.6344853043556213,0.5937687754631042,0.8360833525657654,0.056471943855285645,0.08178728073835373,52.59474563598633,0.8766089677810669,0.8838616609573364,0.894348680973053,0.6071959733963013,0.09802050143480301,44.89742660522461,0.7318628430366516,0.800783634185791,0.8252370953559875,0.47648781538009644,0.07264406234025955,11279.4990234375,0.8397100567817688,0.7312435507774353,0.6799694895744324,0.3227136731147766,0.09625986963510513,362.36175537109375,0.29199540615081787,0.3492497503757477,0.46026572585105896,-0.13629662990570068,0.11134608834981918,252.4119110107422,0.8178084492683411,0.7821031212806702,0.749524712562561,0.37083548307418823,0.057315535843372345,538.0648803710938,1.0,1.0,0.8162077069282532,0.4323776960372925,0.11620356887578964,259.0112609863281,0.6474286317825317,0.6172892451286316,0.655815064907074,0.13262319564819336,10.0,0.08076496422290802,0.07998629659414291,0.08091267943382263,"COMPLETE"
34,0.08290933072566986,"2025-05-16 21:42:03.222720","2025-05-16 21:42:05.481791","0 days 00:00:02.259071",80,144.0,16.0,80.0,"",48,16.0,160.0,"",0.008621000905553466,4,3,0.0,3,"","","","","","","","","","","","","","","","","","","","","","","","","","","","","","","","","","","","","","","","","","","","","","","","","","","","","","",0.10065905749797821,43.83173751831055,0.7452681064605713,0.7428585886955261,0.7997667193412781,0.44080281257629395,0.15688277781009674,1285.571044921875,0.696406364440918,0.6908995509147644,0.8617281317710876,0.11941879987716675,0.08187124133110046,57.47917938232422,0.9118452072143555,0.8758293986320496,0.8706582188606262,0.5858771800994873,0.09887401759624481,40.807769775390625,0.6244835257530212,0.6701852083206177,0.7929258346557617,0.3487507104873657,"","","","","","","","","","","","","","","","","","","","","","","","","","","","","","","",0.08060792833566666,0.08290933072566986,"","PRUNED"
35,0.08438541740179062,"2025-05-16 21:42:05.482126","2025-05-16 21:42:06.370521","0 days 00:00:00.888395",128,112.0,16.0,96.0,"",96,32.0,"","",0.0063556065510252426,4,2,0.0,7,"","","","","","","","","","","","","","","","","","","","","","","","","","","","","","","","","","","","","","","","","","","","","","","","","","","","","","",0.11694005131721497,48.654598236083984,0.7389826774597168,0.7260218262672424,0.7854943871498108,0.29701507091522217,"","","","","","","","","","","","","","","","","","","","","","","","","","","","","","","","","","","","","","","","","","","","","","","","","",0.08438541740179062,"","","PRUNED"
36,0.08430948853492737,"2025-05-16 21:42:06.370800","2025-05-16 21:42:07.059844","0 days 00:00:00.689044",144,160.0,64.0,192.0,"",80,16.0,"","",0.0005627368936547309,4,2,0.30000000000000004,5,"","","","","","","","","","","","","","","","","","","","","","","","","","","","","","","","","","","","","","","","","","","","","","","","","","","","","","",0.1019563153386116,42.41889572143555,0.7116585373878479,0.7551607489585876,0.8055081367492676,0.43686747550964355,"","","","","","","","","","","","","","","","","","","","","","","","","","","","","","","","","","","","","","","","","","","","","","","","","",0.08430948853492737,"","","PRUNED"
37,0.09182054549455643,"2025-05-16 21:42:07.060144","2025-05-16 21:42:08.439718","0 days 00:00:01.379574",112,48.0,256.0,112.0,64.0,32,"","","",0.02472822777716766,5,1,0.0,6,"","","","","","","","","","","","","","","","","","","","","","","","","","","","","","","","","","","","","","","","","","","","","","","","","","","","","","",0.11469463258981705,47.236595153808594,0.7073694467544556,0.7693077325820923,0.8309231996536255,0.3482653498649597,0.20424042642116547,3471.3671875,0.5905895829200745,0.6214458346366882,0.8240917921066284,-0.033335208892822266,0.10573112219572067,61.03472137451172,0.8751177191734314,0.851768434047699,0.8475822806358337,0.4399045705795288,0.1066865548491478,57.52314758300781,0.8525605201721191,0.8072840571403503,0.8329375982284546,0.4950495958328247,"","","","","","","","","","","","","","","","","","","","","","","","","","","","","","","",0.08112451434135437,0.09182054549455643,"","PRUNED"
38,0.0989921770113356,"2025-05-16 21:42:08.440048","2025-05-16 21:42:17.297914","0 days 00:00:08.857866",80,"","","","",128,64.0,160.0,208.0,0.0012754336166285298,1,4,0.0,2,0.0989921770113356,1334.3983300152947,0.8060396909713745,0.7885348130674923,0.7748230555478264,0.3384198949617498,0.10884978622198105,169.15835571289062,0.46285316348075867,0.4550779163837433,0.5134060978889465,-0.012970447540283203,0.07483530789613724,831.521484375,0.9120548367500305,0.8828524947166443,0.9023791551589966,0.6593791544437408,0.1436595916748047,127.27684020996094,1.0,1.0,0.826162576675415,0.16740256547927856,0.1003226786851883,54.030479431152344,1.0,1.0,0.9090379476547241,0.5877435505390167,0.09197481721639633,102.07866668701172,1.0,0.8322353363037109,0.7331345677375793,0.3091896176338196,0.08147142827510834,66.68763732910156,0.9191439151763916,0.852961003780365,0.8069050908088684,0.5262764990329742,0.13357359170913696,91.0030746459961,1.0,1.0,0.9628441333770752,0.4750460386276245,0.07326623797416687,82.74210357666016,0.8921757340431213,0.827648401260376,0.7890888452529907,0.43441110849380493,0.10169758647680283,41.454010009765625,0.7120990753173828,0.7810206413269043,0.7925440669059753,0.3650994896888733,0.16194526851177216,1453.7608642578125,0.6935995817184448,0.6717336773872375,0.8535317182540894,0.07358109951019287,0.08119611442089081,44.8377685546875,0.8692741394042969,0.8760057091712952,0.8690577745437622,0.5270780324935913,0.09882737696170807,41.37337112426758,0.6652191281318665,0.708274245262146,0.8013084530830383,0.329900860786438,0.07218971103429794,18278.603515625,0.8435449600219727,0.7361670732498169,0.6658902168273926,0.3213179111480713,0.09038258343935013,479.7066345214844,0.3465562164783478,0.39258989691734314,0.5158398151397705,0.04368788003921509,0.10833907872438431,277.20941162109375,0.8313987851142883,0.7877897024154663,0.7289214134216309,0.36961299180984497,0.049456920474767685,280.5206298828125,1.0,0.9870511293411255,0.8227635622024536,0.4395463466644287,0.11087892949581146,262.8067626953125,0.5547552108764648,0.6136845946311951,0.6791765093803406,0.136835515499115,10.0,0.07993563264608383,0.08074285089969635,0.08051858097314835,"COMPLETE"
39,0.08120952546596527,"2025-05-16 21:42:17.298363","2025-05-16 21:42:26.814092","0 days 00:00:09.515729",64,"","","","",128,64.0,160.0,208.0,0.001225019334460623,1,4,0.0,2,"","","","","","",0.1095331460237503,254.54518127441406,0.45887070894241333,0.4506438970565796,0.5084470510482788,0.04506188631057739,0.07043235749006271,600.3781127929688,0.9120548367500305,0.8675765991210938,0.9008000493049622,0.6404737830162048,0.14335039258003235,130.23635864257812,1.0,1.0,0.8325541019439697,0.18748199939727783,0.09896891564130783,52.15085220336914,1.0,1.0,0.909106433391571,0.5884366929531097,0.0927642434835434,101.70484924316406,1.0,0.8320705890655518,0.7454823851585388,0.3185523748397827,0.08174490928649902,64.16777801513672,0.9191439151763916,0.8530777096748352,0.8015021681785583,0.49724477529525757,0.13545462489128113,102.59185791015625,1.0,1.0,0.9628344774246216,0.4395826458930969,"","","","","","",0.10045386850833893,39.59407043457031,0.6853148937225342,0.7272967100143433,0.7906672358512878,0.3110421895980835,0.16302430629730225,1717.4044189453125,0.6795506477355957,0.6801034808158875,0.8547283411026001,0.08480113744735718,0.08209618926048279,49.4754638671875,0.8696932792663574,0.8712617754936218,0.8551124334335327,0.53611621260643,0.09681563824415207,41.34004211425781,0.6856365203857422,0.7442928552627563,0.8200979232788086,0.3875356912612915,0.07177668064832687,14307.3076171875,0.8515766263008118,0.7478530406951904,0.6593522429466248,0.30564069747924805,0.09104380011558533,408.8811340332031,0.3475330173969269,0.40014973282814026,0.4992770552635193,-0.01116490364074707,0.1086186096072197,267.9460144042969,0.8178084492683411,0.7695539593696594,0.7450063824653625,0.3750755190849304,0.0546887069940567,340.71478271484375,1.0,1.0,0.829413652420044,0.37575483322143555,0.11040091514587402,265.4062194824219,0.5118285417556763,0.6054667234420776,0.6605226397514343,0.13305515050888062,"",0.0798114761710167,0.08082973212003708,0.08120952546596527,"PRUNED"
40,0.08374492824077606,"2025-05-16 21:42:26.814455","2025-05-16 21:42:27.941973","0 days 00:00:01.127518",96,32.0,112.0,"","",80,80.0,144.0,128.0,0.00021484292946510658,3,4,0.0,2,"","","","","","","","","","","","","","","","","","","","","","","","","","","","","","","","","","","","","","","","","","","","","","","","","","","","","","",0.10158129781484604,40.19794845581055,0.7156695127487183,0.7741648554801941,0.8127341270446777,0.39795464277267456,"","","","","","","","","","","","","","","","","","","","","","","","","","","","","","","","","","","","","","","","","","","","","","","","","",0.08374492824077606,"","","PRUNED"
41,0.0813199058175087,"2025-05-16 21:42:27.942255","2025-05-16 21:42:38.690546","0 days 00:00:10.748291",80,"","","","",144,96.0,128.0,128.0,0.0018020747744654268,1,4,0.0,3,"","","","","","",0.11099368333816528,253.9027862548828,0.4621870219707489,0.4513598084449768,0.45840781927108765,-0.009164571762084961,0.0753144770860672,761.2373046875,0.9267730116844177,0.8288211226463318,0.8507538437843323,0.5998598337173462,0.14383476972579956,136.308837890625,1.0,1.0,0.826031506061554,0.2233530879020691,0.10154994577169418,60.82355880737305,1.0,1.0,0.9157311320304871,0.6221816837787628,0.09093990921974182,111.60621643066406,1.0,0.8311116695404053,0.7619326114654541,0.35887134075164795,0.08133313059806824,68.10247039794922,0.9191439151763916,0.8677431344985962,0.822721540927887,0.5458544790744781,0.13342386484146118,96.6626968383789,1.0,1.0,0.9628441333770752,0.486339807510376,"","","","","","",0.10160864889621735,39.41257858276367,0.7124608755111694,0.7819576263427734,0.793550968170166,0.33063822984695435,0.1612449437379837,1779.5804443359375,0.6935995817184448,0.6791699528694153,0.8524824976921082,0.11461710929870605,0.0796448290348053,47.578880310058594,0.8590125441551208,0.8770645260810852,0.8596333861351013,0.552987277507782,0.09991627186536789,39.75627899169922,0.6248799562454224,0.6968779563903809,0.7938877940177917,0.2914584279060364,0.07163895666599274,17570.2109375,0.7273600101470947,0.7150503993034363,0.6661289930343628,0.30981117486953735,0.09004855155944824,395.02276611328125,0.40865445137023926,0.4276452362537384,0.534092366695404,0.00386887788772583,0.10773634910583496,244.08409118652344,0.8178084492683411,0.7750257253646851,0.7313121557235718,0.35382920503616333,0.05125422775745392,250.69866943359375,1.0,0.995047390460968,0.8267858028411865,0.3992351293563843,0.11175412684679031,270.6341857910156,0.507925808429718,0.534606397151947,0.5817350149154663,0.08836919069290161,"",0.08065950125455856,0.07941170036792755,0.0813199058175087,"PRUNED"
42,0.08493384718894958,"2025-05-16 21:42:38.690870","2025-05-16 21:42:39.448577","0 days 00:00:00.757707",128,"","","","",112,32.0,192.0,"",0.0005123154681359262,1,3,0.1,1,"","","","","","","","","","","","","","","","","","","","","","","","","","","","","","","","","","","","","","","","","","","","","","","","","","","","","","",0.10379742830991745,41.29214096069336,0.7036582827568054,0.7710000276565552,0.8190438747406006,0.4034022092819214,"","","","","","","","","","","","","","","","","","","","","","","","","","","","","","","","","","","","","","","","","","","","","","","","","",0.08493384718894958,"","","PRUNED"
43,0.08166246861219406,"2025-05-16 21:42:39.449005","2025-05-16 21:42:42.971190","0 days 00:00:03.522185",112,112.0,"","","",128,112.0,80.0,208.0,0.0056394637580862985,2,4,0.0,3,"","","","","","","","","","","","","","","","","","","","","","","","","","","","","","","","","","","","","","","","","","","","","","","","","","","","","","",0.09982724487781525,37.76655197143555,0.7419900894165039,0.7273975610733032,0.793501615524292,0.31232815980911255,0.15797339379787445,1282.47900390625,0.69193035364151,0.6849521994590759,0.8561965823173523,0.10926061868667603,0.0829637348651886,48.73512268066406,0.8766089677810669,0.8728964328765869,0.8799276947975159,0.5590915083885193,0.10229791700839996,43.99406433105469,0.6381669044494629,0.6703076362609863,0.7539916634559631,0.2962343692779541,"","","","","","","","","","","","","","","","","","","","","","","","","","","","","","","",0.08071556687355042,0.08166246861219406,"","PRUNED"
44,0.0822487473487854,"2025-05-16 21:42:42.971476","2025-05-16 21:42:43.878576","0 days 00:00:00.907100",144,"","","","",192,64.0,"","",0.0003650497523273815,1,2,0.1,4,"","","","","","","","","","","","","","","","","","","","","","","","","","","","","","","","","","","","","","","","","","","","","","","","","","","","","","",0.10628215223550797,42.00043487548828,0.7145124077796936,0.7602389454841614,0.798001766204834,0.352699339389801,"","","","","","","","","","","","","","","","","","","","","","","","","","","","","","","","","","","","","","","","","","","","","","","","","",0.0822487473487854,"","","PRUNED"
45,0.08348704874515533,"2025-05-16 21:42:43.878883","2025-05-16 21:42:44.897390","0 days 00:00:01.018507",80,80.0,32.0,64.0,"",160,96.0,176.0,"",0.001096748256935038,4,3,0.30000000000000004,2,"","","","","","","","","","","","","","","","","","","","","","","","","","","","","","","","","","","","","","","","","","","","","","","","","","","","","","",0.0988626480102539,41.25242233276367,0.738477885723114,0.7970899939537048,0.79751056432724,0.40062880516052246,"","","","","","","","","","","","","","","","","","","","","","","","","","","","","","","","","","","","","","","","","","","","","","","","","",0.08348704874515533,"","","PRUNED"
46,0.08302373439073563,"2025-05-16 21:42:44.897692","2025-05-16 21:42:45.479277","0 days 00:00:00.581585",64,256.0,"","","",96,32.0,"","",0.01409378366388143,2,2,0.0,1,"","","","","","","","","","","","","","","","","","","","","","","","","","","","","","","","","","","","","","","","","","","","","","","","","","","","","","",0.10583667457103729,42.992042541503906,0.7213735580444336,0.7810160517692566,0.8217970728874207,0.38798797130584717,"","","","","","","","","","","","","","","","","","","","","","","","","","","","","","","","","","","","","","","","","","","","","","","","","",0.08302373439073563,"","","PRUNED"
47,0.08369562774896622,"2025-05-16 21:42:45.479554","2025-05-16 21:42:48.405746","0 days 00:00:02.926192",96,"","","","",64,16.0,128.0,80.0,0.0017548584632208907,1,4,0.1,4,"","","","","","","","","","","","","","","","","","","","","","","","","","","","","","","","","","","","","","","","","","","","","","","","","","","","","","",0.09906080365180969,40.3869514465332,0.7211286425590515,0.7564154267311096,0.7975063920021057,0.36772918701171875,0.1648758351802826,1751.749755859375,0.7447673678398132,0.6845148205757141,0.857698380947113,0.1057855486869812,0.08194480836391449,49.86457061767578,0.8668070435523987,0.872134804725647,0.8802537322044373,0.5657102465629578,0.10391166061162949,42.723880767822266,0.5959174633026123,0.7128322720527649,0.795167088508606,0.3270561695098877,"","","","","","","","","","","","","","","","","","","","","","","","","","","","","","","",0.08156488835811615,0.08369562774896622,"","PRUNED"
48,0.0824032872915268,"2025-05-16 21:42:48.406055","2025-05-16 21:42:50.940626","0 days 00:00:02.534571",112,160.0,224.0,"","",112,80.0,112.0,"",0.0006707458834397624,3,3,0.2,3,"","","","","","","","","","","","","","","","","","","","","","","","","","","","","","","","","","","","","","","","","","","","","","","","","","","","","","",0.10008545219898224,40.1566047668457,0.7427001595497131,0.7545025944709778,0.8003414869308472,0.38401252031326294,0.17153319716453552,2026.9520263671875,0.6767438054084778,0.646007776260376,0.842978298664093,0.06053096055984497,0.08365797996520996,46.69514846801758,0.9011214971542358,0.8834658265113831,0.8780710697174072,0.5444226562976837,0.09852034598588943,46.28803634643555,0.6295602917671204,0.7064011693000793,0.7796969413757324,0.3637377619743347,"","","","","","","","","","","","","","","","","","","","","","","","","","","","","","","",0.08060890436172485,0.0824032872915268,"","PRUNED"
49,0.0867970809340477,"2025-05-16 21:42:50.940974","2025-05-16 21:42:51.590786","0 days 00:00:00.649812",128,32.0,"","","",192,144.0,"","",0.0028749333514802027,2,2,0.5,1,"","","","","","","","","","","","","","","","","","","","","","","","","","","","","","","","","","","","","","","","","","","","","","","","","","","","","","",0.10571283102035522,38.09909439086914,0.7827863097190857,0.787702739238739,0.7979986667633057,0.2725059986114502,"","","","","","","","","","","","","","","","","","","","","","","","","","","","","","","","","","","","","","","","","","","","","","","","","",0.0867970809340477,"","","PRUNED"
50,0.1355036199092865,"2025-05-16 21:42:51.591072","2025-05-16 21:42:52.647363","0 days 00:00:01.056291",160,144.0,80.0,"","",144,32.0,176.0,"",0.05345124862213319,3,3,0.0,3,"","","","","","","","","","","","","","","","","","","","","","","","","","","","","","","","","","","","","","","","","","","","","","","","","","","","","","",0.15406812727451324,47.490055084228516,0.8633618354797363,0.7017269730567932,0.6945314407348633,-0.46248841285705566,"","","","","","","","","","","","","","","","","","","","","","","","","","","","","","","","","","","","","","","","","","","","","","","","","",0.1355036199092865,"","","PRUNED"
51,0.08164560794830322,"2025-05-16 21:42:52.647648","2025-05-16 21:42:55.441507","0 days 00:00:02.793859",64,"","","","",128,64.0,144.0,208.0,0.0011790899122777144,1,4,0.0,2,"","","","","","","","","","","","","","","","","","","","","","","","","","","","","","","","","","","","","","","","","","","","","","","","","","","","","","",0.09857318550348282,37.62217330932617,0.7140164375305176,0.7270480394363403,0.7918416261672974,0.325265109539032,0.16999930143356323,1397.13134765625,0.7116678357124329,0.6671006083488464,0.8588868379592896,0.038790106773376465,0.08259019255638123,49.08995819091797,0.8692741394042969,0.8725078105926514,0.8736680150032043,0.5375773310661316,0.09713023155927658,38.891212463378906,0.6286110877990723,0.6965712308883667,0.8007723093032837,0.30832213163375854,"","","","","","","","","","","","","","","","","","","","","","","","","","","","","","","",0.0796593576669693,0.08164560794830322,"","PRUNED"
52,0.09952037606169195,"2025-05-16 21:42:55.441832","2025-05-16 21:43:04.654747","0 days 00:00:09.212915",64,"","","","",112,48.0,176.0,160.0,0.0014430165912343589,1,4,0.0,2,0.09952037606169195,1237.7315714219037,0.800746838836109,0.784051495439866,0.7763309005428763,0.32903869011822867,0.11047295480966568,259.4099426269531,0.4621870219707489,0.49100837111473083,0.49174511432647705,0.021093547344207764,0.07176043838262558,638.903564453125,0.9267730116844177,0.8285175561904907,0.8846900463104248,0.6150781214237213,0.14527589082717896,110.29585266113281,1.0,1.0,0.8261666893959045,0.1408977508544922,0.09943172335624695,52.39962387084961,1.0,1.0,0.9090902805328369,0.5857695043087006,0.09153640270233154,106.53516387939453,1.0,0.8320705890655518,0.746692955493927,0.3289676904678345,0.08121613413095474,61.048316955566406,0.9191439151763916,0.8532987236976624,0.8156118392944336,0.5181070268154144,0.13572172820568085,107.98121643066406,1.0,1.0,0.962844729423523,0.4823559522628784,0.07297925651073456,77.8127670288086,0.8921757340431213,0.8405999541282654,0.7953351140022278,0.43770164251327515,0.10412237793207169,40.57823181152344,0.6941512823104858,0.7313067317008972,0.7928385734558105,0.26923078298568726,0.166301429271698,1977.800048828125,0.6795506477355957,0.6610824465751648,0.8519904017448425,0.10745561122894287,0.08105073869228363,48.7491569519043,0.8668070435523987,0.8617695569992065,0.8781450390815735,0.5510662496089935,0.09856477379798889,39.45917510986328,0.6265901923179626,0.696552038192749,0.7914096117019653,0.3145427107810974,0.07185666263103485,16291.36328125,0.7972143888473511,0.7397581338882446,0.6681455373764038,0.3062049150466919,0.09330277889966965,443.2696838378906,0.31414157152175903,0.3790607750415802,0.49231693148612976,-0.026362895965576172,0.10609232634305954,258.3804931640625,0.8313987851142883,0.8084591031074524,0.7378892302513123,0.38401734828948975,0.05027417838573456,250.8685302734375,1.0,0.9866653680801392,0.8510584831237793,0.406277060508728,0.11188659816980362,276.5816650390625,0.602562665939331,0.6187260746955872,0.7016547322273254,0.15125471353530884,10.0,0.07998242229223251,0.08038266748189926,0.08088903874158859,"COMPLETE"
53,0.08171772956848145,"2025-05-16 21:43:04.655229","2025-05-16 21:43:05.537480","0 days 00:00:00.882251",32,"","","","",48,48.0,192.0,160.0,0.0020882535072797403,1,4,0.0,1,"","","","","","","","","","","","","","","","","","","","","","","","","","","","","","","","","","","","","","","","","","","","","","","","","","","","","","",0.10147974640130997,39.88024139404297,0.7140164375305176,0.7525982856750488,0.7844947576522827,0.3206086754798889,"","","","","","","","","","","","","","","","","","","","","","","","","","","","","","","","","","","","","","","","","","","","","","","","","",0.08171772956848145,"","","PRUNED"
54,0.0825117751955986,"2025-05-16 21:43:05.537774","2025-05-16 21:43:06.616826","0 days 00:00:01.079052",80,"","","","",176,16.0,176.0,160.0,0.0014728335809582225,1,4,0.1,2,"","","","","","","","","","","","","","","","","","","","","","","","","","","","","","","","","","","","","","","","","","","","","","","","","","","","","","",0.10934235155582428,42.67494201660156,0.6941512823104858,0.7435156106948853,0.7928245067596436,0.2553796172142029,"","","","","","","","","","","","","","","","","","","","","","","","","","","","","","","","","","","","","","","","","","","","","","","","","",0.0825117751955986,"","","PRUNED"
55,0.08342830836772919,"2025-05-16 21:43:06.617148","2025-05-16 21:43:07.138623","0 days 00:00:00.521475",96,"","","","",208,"","","",0.00041451492248087375,1,1,0.0,2,"","","","","","","","","","","","","","","","","","","","","","","","","","","","","","","","","","","","","","","","","","","","","","","","","","","","","","",0.10053340345621109,42.60105895996094,0.696373701095581,0.7759770154953003,0.8040655851364136,0.46135497093200684,"","","","","","","","","","","","","","","","","","","","","","","","","","","","","","","","","","","","","","","","","","","","","","","","","",0.08342830836772919,"","","PRUNED"
56,0.08167584240436554,"2025-05-16 21:43:07.138893","2025-05-16 21:43:08.894533","0 days 00:00:01.755640",96,96.0,"","","",160,48.0,144.0,176.0,0.0009019622219195475,2,4,0.1,4,"","","","","","","","","","","","","","","","","","","","","","","","","","","","","","","","","","","","","","","","","","","","","","","","","","","","","","",0.0941183790564537,39.42521667480469,0.7142170071601868,0.7849535942077637,0.7910382151603699,0.4238213896751404,"","","","","","","","","","","","","","","","","","","","","","","","","","","","","","","","","","","","","","","","","","","","","","","","","",0.08167584240436554,"","","PRUNED"
57,0.08538112789392471,"2025-05-16 21:43:08.894823","2025-05-16 21:43:09.481378","0 days 00:00:00.586555",32,"","","","",112,32.0,"","",0.006355035519544044,1,2,0.4,2,"","","","","","","","","","","","","","","","","","","","","","","","","","","","","","","","","","","","","","","","","","","","","","","","","","","","","","",0.11592509597539902,40.86161804199219,0.6950726509094238,0.753226101398468,0.7836305499076843,0.16540300846099854,"","","","","","","","","","","","","","","","","","","","","","","","","","","","","","","","","","","","","","","","","","","","","","","","","",0.08538112789392471,"","","PRUNED"
58,0.08180386573076248,"2025-05-16 21:43:09.481664","2025-05-16 21:43:11.667075","0 days 00:00:02.185411",48,176.0,"","","",144,64.0,128.0,"",0.0006905305003212938,2,3,0.2,8,"","","","","","","","","","","","","","","","","","","","","","","","","","","","","","","","","","","","","","","","","","","","","","","","","","","","","","",0.10114241391420364,40.04600524902344,0.7490332126617432,0.7844521999359131,0.7914015650749207,0.36866915225982666,"","","","","","","","","","","","","","","","","","","","","","","","","","","","","","","","","","","","","","","","","","","","","","","","","",0.08180386573076248,"","","PRUNED"
59,0.11766396462917328,"2025-05-16 21:43:11.667362","2025-05-16 21:43:12.108840","0 days 00:00:00.441478",112,128.0,144.0,16.0,"",32,"","","",0.0002907218857427049,4,1,0.0,1,"","","","","","","","","","","","","","","","","","","","","","","","","","","","","","","","","","","","","","","","","","","","","","","","","","","","","","",0.16766417026519775,65.44071197509766,0.7645665407180786,0.8412079215049744,0.7832228541374207,-0.31217479705810547,"","","","","","","","","","","","","","","","","","","","","","","","","","","","","","","","","","","","","","","","","","","","","","","","","",0.11766396462917328,"","","PRUNED"
60,0.08286365866661072,"2025-05-16 21:43:12.109127","2025-05-16 21:43:13.364222","0 days 00:00:01.255095",80,80.0,176.0,256.0,160.0,112,96.0,192.0,"",0.003342251828670034,5,3,0.1,3,"","","","","","","","","","","","","","","","","","","","","","","","","","","","","","","","","","","","","","","","","","","","","","","","","","","","","","",0.09676054865121841,43.13109588623047,0.6925511360168457,0.8009850978851318,0.8069003820419312,0.4570591449737549,"","","","","","","","","","","","","","","","","","","","","","","","","","","","","","","","","","","","","","","","","","","","","","","","","",0.08286365866661072,"","","PRUNED"
61,0.08112626522779465,"2025-05-16 21:43:13.364520","2025-05-16 21:43:16.141658","0 days 00:00:02.777138",64,"","","","",128,64.0,160.0,208.0,0.001301590302961711,1,4,0.0,2,"","","","","","","","","","","","","","","","","","","","","","","","","","","","","","","","","","","","","","","","","","","","","","","","","","","","","","",0.09951872378587723,39.54987335205078,0.722427248954773,0.7631621360778809,0.7948116660118103,0.33690112829208374,0.1644681841135025,1488.346435546875,0.7447673678398132,0.6688329577445984,0.8576054573059082,0.07408314943313599,0.08215326070785522,51.59915542602539,0.8668070435523987,0.8818553686141968,0.8661572933197021,0.5655474364757538,0.09931381046772003,39.054283142089844,0.6296260952949524,0.7259690165519714,0.810800313949585,0.3222538232803345,"","","","","","","","","","","","","","","","","","","","","","","","","","","","","","","",0.07990439981222153,0.08112626522779465,"","PRUNED"
62,0.08171923458576202,"2025-05-16 21:43:16.141985","2025-05-16 21:43:18.862515","0 days 00:00:02.720530",64,"","","","",128,64.0,160.0,176.0,0.0015745384516822217,1,4,0.0,2,"","","","","","","","","","","","","","","","","","","","","","","","","","","","","","","","","","","","","","","","","","","","","","","","","","","","","","",0.1008181944489479,42.52013397216797,0.6863908767700195,0.7331973910331726,0.7955688834190369,0.3422669768333435,0.16810637712478638,2079.863525390625,0.6777278184890747,0.6599590182304382,0.848212480545044,0.07791370153427124,0.0859786719083786,50.54641342163086,0.8575825095176697,0.8691537976264954,0.8776904940605164,0.5369226932525635,0.09743136167526245,42.38667678833008,0.6269163489341736,0.7027361392974854,0.794391930103302,0.32910865545272827,"","","","","","","","","","","","","","","","","","","","","","","","","","","","","","","",0.0801139548420906,0.08171923458576202,"","PRUNED"
63,0.08093487471342087,"2025-05-16 21:43:18.862813","2025-05-16 21:43:22.775607","0 days 00:00:03.912794",256,"","","","",128,80.0,176.0,192.0,0.0009646897524175931,1,4,0.0,3,"","","","","","","","","","","","","","","","","","","","","","","","","","","","","","","","","","","","","","","","","","","","","","","","","","","","","","",0.10061085224151611,40.603118896484375,0.6846347451210022,0.7708709836006165,0.7914734482765198,0.34997814893722534,0.16117970645427704,1361.3170166015625,0.6935995817184448,0.6622002720832825,0.8497859239578247,0.0585017204284668,0.08300983905792236,47.1668701171875,0.8487599492073059,0.8618358969688416,0.8749576210975647,0.5432138741016388,0.09932269901037216,38.93281936645508,0.6296260952949524,0.6654635667800903,0.7659087181091309,0.25521528720855713,"","","","","","","","","","","","","","","","","","","","","","","","","","","","","","","",0.08023039996623993,0.08093487471342087,"","PRUNED"
64,0.08099117130041122,"2025-05-16 21:43:22.775904","2025-05-16 21:43:25.040037","0 days 00:00:02.264133",48,"","","","",96,48.0,144.0,144.0,0.004350355904691845,1,4,0.0,1,"","","","","","","","","","","","","","","","","","","","","","","","","","","","","","","","","","","","","","","","","","","","","","","","","","","","","","",0.09797946363687515,40.917598724365234,0.7081462740898132,0.7746627330780029,0.8227759003639221,0.4507260322570801,0.1650124341249466,1651.38037109375,0.7367730140686035,0.6619446873664856,0.850348174571991,0.07844477891921997,0.08446086198091507,48.06686782836914,0.8668070435523987,0.8816207647323608,0.8754425644874573,0.5266038775444031,0.09754039347171783,41.84248733520508,0.7427148818969727,0.7934430837631226,0.8214918971061707,0.439777672290802,"","","","","","","","","","","","","","","","","","","","","","","","","","","","","","","",0.08084578812122345,0.08099117130041122,"","PRUNED"
65,0.08150984346866608,"2025-05-16 21:43:25.040358","2025-05-16 21:43:27.746536","0 days 00:00:02.706178",128,240.0,"","","",144,16.0,192.0,96.0,0.002181767484388957,2,4,0.0,2,"","","","","","","","","","","","","","","","","","","","","","","","","","","","","","","","","","","","","","","","","","","","","","","","","","","","","","",0.1005532369017601,39.761810302734375,0.6922542452812195,0.7310158610343933,0.7936429977416992,0.30745935440063477,0.1695040464401245,1679.6279296875,0.7351036667823792,0.6486451625823975,0.8467966914176941,0.07195866107940674,0.08197745680809021,48.6820068359375,0.8692741394042969,0.8636243343353271,0.873466968536377,0.543423056602478,0.10179051011800766,48.3507080078125,0.686549961566925,0.7049607634544373,0.7874721884727478,0.3889922499656677,"","","","","","","","","","","","","","","","","","","","","","","","","","","","","","","",0.07989446073770523,0.08150984346866608,"","PRUNED"
66,0.08120343834161758,"2025-05-16 21:43:27.746842","2025-05-16 21:43:33.083695","0 days 00:00:05.336853",96,"","","","",112,80.0,208.0,192.0,0.0005832538447697867,1,4,0.1,9,"","","","","","","","","","","","","","","","","","","","","","","","","","","","","","","","","","","","","","","","","","","","","","","","","","","","","","",0.09833157807588577,40.187835693359375,0.7100502252578735,0.7551208734512329,0.7989098429679871,0.40565788745880127,"","","","","","","","","","","","","","","","","","","","","","","","","","","","","","","","","","","","","","","","","","","","","","","","","",0.08120343834161758,"","","PRUNED"
67,0.08244071155786514,"2025-05-16 21:43:33.083983","2025-05-16 21:43:33.823844","0 days 00:00:00.739861",144,"","","","",80,48.0,"","",0.0025135714428358535,1,2,0.0,5,"","","","","","","","","","","","","","","","","","","","","","","","","","","","","","","","","","","","","","","","","","","","","","","","","","","","","","",0.11297806352376938,46.18522262573242,0.7674758434295654,0.7799696326255798,0.7914059162139893,0.30552148818969727,"","","","","","","","","","","","","","","","","","","","","","","","","","","","","","","","","","","","","","","","","","","","","","","","","",0.08244071155786514,"","","PRUNED"
68,0.08762350678443909,"2025-05-16 21:43:33.824110","2025-05-16 21:43:34.375590","0 days 00:00:00.551480",80,48.0,"","","",144,"","","",0.0007955063742908428,2,1,0.30000000000000004,3,"","","","","","","","","","","","","","","","","","","","","","","","","","","","","","","","","","","","","","","","","","","","","","","","","","","","","","",0.098212830722332,40.48649215698242,0.75705885887146,0.7917397022247314,0.8450325727462769,0.48451554775238037,"","","","","","","","","","","","","","","","","","","","","","","","","","","","","","","","","","","","","","","","","","","","","","","","","",0.08762350678443909,"","","PRUNED"
69,0.08713196218013763,"2025-05-16 21:43:34.375863","2025-05-16 21:43:35.119996","0 days 00:00:00.744133",64,"","","","",96,32.0,112.0,"",0.0013444589864337704,1,3,0.4,1,"","","","","","","","","","","","","","","","","","","","","","","","","","","","","","","","","","","","","","","","","","","","","","","","","","","","","","",0.10777869820594788,41.346012115478516,0.7145124077796936,0.7725662589073181,0.7946079969406128,0.31559914350509644,"","","","","","","","","","","","","","","","","","","","","","","","","","","","","","","","","","","","","","","","","","","","","","","","","",0.08713196218013763,"","","PRUNED"
70,0.08114876598119736,"2025-05-16 21:43:35.120356","2025-05-16 21:43:38.239761","0 days 00:00:03.119405",96,112.0,224.0,48.0,96.0,112,64.0,160.0,192.0,0.0030021434929596623,5,4,0.0,2,"","","","","","","","","","","","","","","","","","","","","","","","","","","","","","","","","","","","","","","","","","","","","","","","","","","","","","",0.10389789938926697,38.773433685302734,0.7161234617233276,0.7519693374633789,0.7919365763664246,0.27239906787872314,0.1751265972852707,2100.3173828125,0.62569659948349,0.6329764723777771,0.8334284424781799,0.05166757106781006,0.07899830490350723,58.79092788696289,0.8668070435523987,0.8652467727661133,0.8620196580886841,0.5941846668720245,0.10291145741939545,47.45745849609375,0.6844443082809448,0.7757289409637451,0.8039999604225159,0.41713154315948486,"","","","","","","","","","","","","","","","","","","","","","","","","","","","","","","",0.07924405485391617,0.08114876598119736,"","PRUNED"
71,0.0809004157781601,"2025-05-16 21:43:38.240073","2025-05-16 21:43:39.583189","0 days 00:00:01.343116",80,"","","","",144,96.0,128.0,128.0,0.0018063921350163427,1,4,0.0,3,"","","","","","","","","","","","","","","","","","","","","","","","","","","","","","","","","","","","","","","","","","","","","","","","","","","","","","",0.10020247101783752,41.87042236328125,0.7361398935317993,0.7524406313896179,0.7842097878456116,0.37459462881088257,"","","","","","","","","","","","","","","","","","","","","","","","","","","","","","","","","","","","","","","","","","","","","","","","","",0.0809004157781601,"","","PRUNED"
72,0.08306020498275757,"2025-05-16 21:43:39.583471","2025-05-16 21:43:52.544233","0 days 00:00:12.960762",64,"","","","",160,112.0,96.0,112.0,0.0010230130861972337,1,4,0.0,4,"","","","","","",0.1107252910733223,201.3892822265625,0.46165934205055237,0.47326090931892395,0.48689988255500793,-0.029225945472717285,0.0696544349193573,533.0269775390625,0.9172521829605103,0.8928433060646057,0.8914366364479065,0.6519052684307098,0.14367522299289703,128.65017700195312,1.0,1.0,0.8259907960891724,0.2073233723640442,0.0999993309378624,55.26898956298828,1.0,1.0,0.9157798886299133,0.6076771318912506,0.09264642745256424,94.3154296875,1.0,0.8301019668579102,0.7589112520217896,0.3045860528945923,0.08137477189302444,67.29486846923828,0.9191439151763916,0.8528473377227783,0.8013291954994202,0.5322928428649902,0.1333422213792801,95.52621459960938,1.0,1.0,0.9628441333770752,0.48864996433258057,"","","","","","",0.09739604592323303,39.18571472167969,0.7149528861045837,0.7585048675537109,0.802300751209259,0.4022308588027954,0.16577038168907166,1429.5115966796875,0.696406364440918,0.6568410992622375,0.8486452698707581,0.0304030179977417,0.08551201224327087,49.32740020751953,0.8774812817573547,0.8746098279953003,0.8840176463127136,0.5595337152481079,0.10054957121610641,40.576820373535156,0.6286914348602295,0.6983041763305664,0.7779449224472046,0.29538464546203613,0.07157283276319504,13229.0283203125,0.7921766042709351,0.7369470596313477,0.6632050275802612,0.30529695749282837,0.09312181919813156,487.5027160644531,0.3471776843070984,0.39563417434692383,0.4768292009830475,-0.011786103248596191,0.11127454042434692,278.8459777832031,0.8178084492683411,0.8001663088798523,0.747916579246521,0.3720375895500183,0.050664983689785004,299.05828857421875,1.0,0.995047390460968,0.8379825353622437,0.4130420684814453,0.1123894527554512,306.1630859375,0.5625013113021851,0.6190561652183533,0.6821023225784302,0.16470056772232056,"",0.07975073903799057,0.08031614869832993,0.08306020498275757,"PRUNED"
73,0.08147062361240387,"2025-05-16 21:43:52.544561","2025-05-16 21:43:55.842609","0 days 00:00:03.298048",80,"","","","",128,96.0,128.0,144.0,0.0018617598281488897,1,4,0.0,3,"","","","","","","","","","","","","","","","","","","","","","","","","","","","","","","","","","","","","","","","","","","","","","","","","","","","","","",0.10388171672821045,43.95758056640625,0.7172470092773438,0.7823684811592102,0.7820135951042175,0.3745687007904053,0.16859698295593262,2170.31298828125,0.6803448796272278,0.6644038558006287,0.8439493775367737,0.059704482555389404,0.07862238585948944,49.84855270385742,0.8990246653556824,0.8751366138458252,0.8597142100334167,0.5775321424007416,0.0995396226644516,46.5373649597168,0.7434584498405457,0.7477112412452698,0.8203898668289185,0.4663412570953369,"","","","","","","","","","","","","","","","","","","","","","","","","","","","","","","",0.07989844679832458,0.08147062361240387,"","PRUNED"
74,0.081802137196064,"2025-05-16 21:43:55.842931","2025-05-16 21:44:04.049716","0 days 00:00:08.206785",112,"","","","",176,80.0,144.0,160.0,0.0014631210061198943,1,4,0.0,7,"","","","","","","","","","","","","","","","","","","","","","","","","","","","","","","","","","","","","","","","","","","","","","","","","","","","","","",0.10097379982471466,41.331085205078125,0.7120990753173828,0.7536112666130066,0.7990936040878296,0.375141441822052,0.16705350577831268,1612.8431396484375,0.6763971447944641,0.657110333442688,0.848118782043457,0.033373892307281494,0.08458644896745682,50.25151443481445,0.8766089677810669,0.8813886046409607,0.8801210522651672,0.579851508140564,0.09734699130058289,46.32723617553711,0.6631134748458862,0.6951120495796204,0.8072677850723267,0.37547045946121216,"","","","","","","","","","","","","","","","","","","","","","","","","","","","","","","",0.08068694174289703,0.081802137196064,"","PRUNED"
75,0.08497904986143112,"2025-05-16 21:44:04.050018","2025-05-16 21:44:08.781241","0 days 00:00:04.731223",48,"","","","",128,96.0,160.0,112.0,0.00015974911024286499,1,4,0.5,10,"","","","","","","","","","","","","","","","","","","","","","","","","","","","","","","","","","","","","","","","","","","","","","","","","","","","","","",0.10320944339036942,40.226165771484375,0.7116585373878479,0.7571541666984558,0.7922637462615967,0.3247848153114319,"","","","","","","","","","","","","","","","","","","","","","","","","","","","","","","","","","","","","","","","","","","","","","","","","",0.08497904986143112,"","","PRUNED"
76,0.0827181413769722,"2025-05-16 21:44:08.781543","2025-05-16 21:44:09.507067","0 days 00:00:00.725524",112,176.0,208.0,160.0,"",144,48.0,"","",0.0038113979484322635,4,2,0.2,2,"","","","","","","","","","","","","","","","","","","","","","","","","","","","","","","","","","","","","","","","","","","","","","","","","","","","","","",0.10033592581748962,41.225250244140625,0.7096736431121826,0.7585275769233704,0.8085312247276306,0.41348278522491455,"","","","","","","","","","","","","","","","","","","","","","","","","","","","","","","","","","","","","","","","","","","","","","","","","",0.0827181413769722,"","","PRUNED"
77,0.08349147439002991,"2025-05-16 21:44:09.507363","2025-05-16 21:44:11.272023","0 days 00:00:01.764660",128,16.0,240.0,"","",192,176.0,96.0,208.0,0.007611872950117936,3,4,0.0,3,"","","","","","","","","","","","","","","","","","","","","","","","","","","","","","","","","","","","","","","","","","","","","","","","","","","","","","",0.1135653480887413,47.490299224853516,0.7034551501274109,0.7545541524887085,0.7964608669281006,0.32809144258499146,"","","","","","","","","","","","","","","","","","","","","","","","","","","","","","","","","","","","","","","","","","","","","","","","","",0.08349147439002991,"","","PRUNED"
78,0.10022289305925369,"2025-05-16 21:44:11.272324","2025-05-16 21:44:12.254481","0 days 00:00:00.982157",16,"","","","",160,112.0,"","",0.011311787397243294,1,2,0.1,4,"","","","","","","","","","","","","","","","","","","","","","","","","","","","","","","","","","","","","","","","","","","","","","","","","","","","","","",0.18682198226451874,63.33445739746094,0.3079359233379364,0.3392367362976074,0.38500848412513733,-0.819183349609375,"","","","","","","","","","","","","","","","","","","","","","","","","","","","","","","","","","","","","","","","","","","","","","","","","",0.10022289305925369,"","","PRUNED"
79,0.08239057660102844,"2025-05-16 21:44:12.254774","2025-05-16 21:44:14.586252","0 days 00:00:02.331478",80,192.0,"","","",128,80.0,176.0,"",0.002210998319062548,2,3,0.1,2,"","","","","","","","","","","","","","","","","","","","","","","","","","","","","","","","","","","","","","","","","","","","","","","","","","","","","","",0.09196648001670837,37.06547164916992,0.736447811126709,0.7812723517417908,0.8083880543708801,0.4472278356552124,0.1715271770954132,2546.341064453125,0.6318780779838562,0.6499564051628113,0.8431586027145386,0.13244682550430298,0.08429311215877533,47.605194091796875,0.9036563634872437,0.8773018717765808,0.8800462484359741,0.552490621805191,0.09854134172201157,46.112186431884766,0.7356044054031372,0.8089321255683899,0.8182414174079895,0.45534318685531616,"","","","","","","","","","","","","","","","","","","","","","","","","","","","","","","",0.07839079201221466,0.08239057660102844,"","PRUNED"
80,0.08228179812431335,"2025-05-16 21:44:14.586550","2025-05-16 21:44:15.171909","0 days 00:00:00.585359",96,64.0,128.0,208.0,192.0,176,"","","",0.0011320405761509947,5,1,0.0,1,"","","","","","","","","","","","","","","","","","","","","","","","","","","","","","","","","","","","","","","","","","","","","","","","","","","","","","",0.10362258553504944,43.66600799560547,0.7240725755691528,0.80881267786026,0.8251025676727295,0.4618174433708191,"","","","","","","","","","","","","","","","","","","","","","","","","","","","","","","","","","","","","","","","","","","","","","","","","",0.08228179812431335,"","","PRUNED"
81,0.08098699897527695,"2025-05-16 21:44:15.172186","2025-05-16 21:44:17.580517","0 days 00:00:02.408331",48,80.0,160.0,144.0,224.0,16,64.0,48.0,"",0.003163564775346342,5,3,0.2,4,"","","","","","","","","","","","","","","","","","","","","","","","","","","","","","","","","","","","","","","","","","","","","","","","","","","","","","",0.10098384320735931,39.431854248046875,0.6939114928245544,0.7814995646476746,0.7827537059783936,0.340411901473999,0.17823006212711334,2012.2955322265625,0.6310607194900513,0.6395285725593567,0.8361042141914368,0.02159249782562256,0.08218424022197723,45.83509826660156,0.8997591733932495,0.8718618750572205,0.8837268352508545,0.5458486676216125,0.10094747692346573,44.81864929199219,0.6670421361923218,0.7532058954238892,0.7986441254615784,0.3760232925415039,"","","","","","","","","","","","","","","","","","","","","","","","","","","","","","","",0.08016572892665863,0.08098699897527695,"","PRUNED"
82,0.08233065903186798,"2025-05-16 21:44:17.580817","2025-05-16 21:44:18.746037","0 days 00:00:01.165220",64,96.0,160.0,176.0,208.0,32,16.0,144.0,"",0.004637363422856604,5,3,0.1,5,"","","","","","","","","","","","","","","","","","","","","","","","","","","","","","","","","","","","","","","","","","","","","","","","","","","","","","",0.09849134087562561,38.503257751464844,0.7391878962516785,0.7936696410179138,0.7974764108657837,0.37084871530532837,"","","","","","","","","","","","","","","","","","","","","","","","","","","","","","","","","","","","","","","","","","","","","","","","","",0.08233065903186798,"","","PRUNED"
83,0.0825209692120552,"2025-05-16 21:44:18.746372","2025-05-16 21:44:19.684183","0 days 00:00:00.937811",64,128.0,192.0,128.0,256.0,16,48.0,32.0,"",0.0017403301026520472,5,3,0.0,4,"","","","","","","","","","","","","","","","","","","","","","","","","","","","","","","","","","","","","","","","","","","","","","","","","","","","","","",0.10334819555282593,39.49725341796875,0.7419900894165039,0.7803481221199036,0.8038565516471863,0.30664682388305664,"","","","","","","","","","","","","","","","","","","","","","","","","","","","","","","","","","","","","","","","","","","","","","","","","",0.0825209692120552,"","","PRUNED"
84,0.08296782523393631,"2025-05-16 21:44:19.684522","2025-05-16 21:44:22.691803","0 days 00:00:03.007281",32,80.0,240.0,160.0,176.0,16,32.0,64.0,144.0,0.0026620303917708242,5,4,0.1,3,"","","","","","","","","","","","","","","","","","","","","","","","","","","","","","","","","","","","","","","","","","","","","","","","","","","","","","",0.09978640079498291,46.388938903808594,0.6912316083908081,0.7527381777763367,0.7953354716300964,0.378886342048645,0.17053358256816864,1749.9627685546875,0.6344853043556213,0.6507540345191956,0.8444379568099976,0.042385756969451904,0.07835633307695389,51.657981872558594,0.8590125441551208,0.8798443078994751,0.8800424933433533,0.5784591436386108,0.09963905066251755,44.42267608642578,0.7171379327774048,0.7771992683410645,0.8070592284202576,0.39873820543289185,"","","","","","","","","","","","","","","","","","","","","","","","","","","","","","","",0.08045043051242828,0.08296782523393631,"","PRUNED"
85,0.08216757327318192,"2025-05-16 21:44:22.692147","2025-05-16 21:44:23.742956","0 days 00:00:01.050809",48,112.0,208.0,112.0,128.0,32,128.0,"","",0.0037225620254936584,5,2,0.0,6,"","","","","","","","","","","","","","","","","","","","","","","","","","","","","","","","","","","","","","","","","","","","","","","","","","","","","","",0.10653920471668243,41.652976989746094,0.6977232694625854,0.755437433719635,0.7946690917015076,0.33379650115966797,"","","","","","","","","","","","","","","","","","","","","","","","","","","","","","","","","","","","","","","","","","","","","","","","","",0.08216757327318192,"","","PRUNED"
86,0.08566512912511826,"2025-05-16 21:44:23.743247","2025-05-16 21:44:24.822028","0 days 00:00:01.078781",80,"","","","",112,64.0,128.0,"",0.005466509987669516,1,3,0.0,4,"","","","","","","","","","","","","","","","","","","","","","","","","","","","","","","","","","","","","","","","","","","","","","","","","","","","","","",0.10432863235473633,41.45938491821289,0.7102981805801392,0.7665348052978516,0.8086580038070679,0.40397679805755615,"","","","","","","","","","","","","","","","","","","","","","","","","","","","","","","","","","","","","","","","","","","","","","","","","",0.08566512912511826,"","","PRUNED"
87,0.08108892291784286,"2025-05-16 21:44:24.822303","2025-05-16 21:44:27.950627","0 days 00:00:03.128324",144,64.0,144.0,176.0,"",144,32.0,160.0,80.0,0.0007938842780802199,4,4,0.0,3,"","","","","","","","","","","","","","","","","","","","","","","","","","","","","","","","","","","","","","","","","","","","","","","","","","","","","","",0.09687629342079163,40.156394958496094,0.7298036813735962,0.7545294761657715,0.8008067011833191,0.39712756872177124,0.16045305132865906,1490.3775634765625,0.696406364440918,0.6800339221954346,0.8537664413452148,0.08945393562316895,0.07867356389760971,48.95571517944336,0.8997591733932495,0.8818674683570862,0.8837162852287292,0.5809937417507172,0.09934165328741074,42.80741882324219,0.6295602917671204,0.6956735849380493,0.7737521529197693,0.2931845784187317,"","","","","","","","","","","","","","","","","","","","","","","","","","","","","","","",0.07994803786277771,0.08108892291784286,"","PRUNED"
88,0.1011587455868721,"2025-05-16 21:44:27.950991","2025-05-16 21:44:28.689247","0 days 00:00:00.738256",96,"","","","",128,80.0,16.0,"",0.09140246451835975,1,3,0.1,1,"","","","","","","","","","","","","","","","","","","","","","","","","","","","","","","","","","","","","","","","","","","","","","","","","","","","","","",0.11677529662847519,50.392333984375,0.7855189442634583,0.7639098763465881,0.8099052309989929,0.3445280194282532,"","","","","","","","","","","","","","","","","","","","","","","","","","","","","","","","","","","","","","","","","","","","","","","","","",0.1011587455868721,"","","PRUNED"
89,0.08454401791095734,"2025-05-16 21:44:28.689524","2025-05-16 21:44:29.584544","0 days 00:00:00.895020",32,32.0,256.0,208.0,"",112,48.0,"","",0.0006118803780212593,4,2,0.30000000000000004,5,"","","","","","","","","","","","","","","","","","","","","","","","","","","","","","","","","","","","","","","","","","","","","","","","","","","","","","",0.09960327297449112,42.053680419921875,0.7102981805801392,0.7570071220397949,0.8045827746391296,0.43621593713760376,"","","","","","","","","","","","","","","","","","","","","","","","","","","","","","","","","","","","","","","","","","","","","","","","","",0.08454401791095734,"","","PRUNED"
90,0.08117280900478363,"2025-05-16 21:44:29.584827","2025-05-16 21:44:30.682823","0 days 00:00:01.097996",176,"","","","",128,16.0,112.0,192.0,0.000464959319352195,1,4,0.0,2,"","","","","","","","","","","","","","","","","","","","","","","","","","","","","","","","","","","","","","","","","","","","","","","","","","","","","","",0.09985359013080597,39.67169189453125,0.7419900894165039,0.7802666425704956,0.7918822765350342,0.3535259962081909,"","","","","","","","","","","","","","","","","","","","","","","","","","","","","","","","","","","","","","","","","","","","","","","","","",0.08117280900478363,"","","PRUNED"
91,0.08091413229703903,"2025-05-16 21:44:30.683124","2025-05-16 21:44:43.615572","0 days 00:00:12.932448",64,"","","","",160,112.0,96.0,112.0,0.0009574498183036594,1,4,0.0,4,"","","","","","",0.11028627306222916,236.87501525878906,0.43579867482185364,0.45144495368003845,0.4550918936729431,-0.012144804000854492,0.07026727497577667,572.4422607421875,0.9172521829605103,0.9071969985961914,0.9057218432426453,0.688841849565506,0.14511172473430634,165.4402313232422,1.0,1.0,0.8261029720306396,0.28371286392211914,0.1004435122013092,58.31709671020508,1.0,1.0,0.9158130884170532,0.6139267683029175,0.09222415834665298,105.20721435546875,1.0,0.8292688131332397,0.7545271515846252,0.32010942697525024,0.08095873892307281,63.57604217529297,0.9191439151763916,0.8530683517456055,0.8045262694358826,0.5172551572322845,0.13389170169830322,86.32040405273438,1.0,1.0,0.9628441333770752,0.46165502071380615,"","","","","","",0.10071248561143875,40.33104705810547,0.7120990753173828,0.7811338305473328,0.7996483445167542,0.34769684076309204,0.16889986395835876,1822.439208984375,0.6767438054084778,0.6554475426673889,0.8469659090042114,0.05431562662124634,0.08033344149589539,46.75776672363281,0.8997591733932495,0.8824699521064758,0.8820533156394958,0.5530696511268616,0.09831031411886215,43.15201950073242,0.6296114325523376,0.7197061777114868,0.809343695640564,0.38329923152923584,0.07242272794246674,16392.146484375,0.7896919250488281,0.7467949986457825,0.6522772312164307,0.3091646432876587,0.08956075459718704,431.9232482910156,0.405159592628479,0.44830211997032166,0.5179771184921265,0.04096567630767822,0.10703068971633911,246.24598693847656,0.8189976215362549,0.8214556574821472,0.7386552095413208,0.380307137966156,0.05147887393832207,359.84716796875,1.0,1.0,0.8125070929527283,0.4306809902191162,0.11366171389818192,336.5860595703125,0.6564411520957947,0.6268495321273804,0.6687086820602417,0.21960926055908203,"",0.08002559095621109,0.08095992356538773,0.08091413229703903,"PRUNED"
92,0.08139600604772568,"2025-05-16 21:44:43.615942","2025-05-16 21:44:47.476508","0 days 00:00:03.860566",64,"","","","",160,128.0,80.0,96.0,0.0012943628341737382,1,4,0.0,4,"","","","","","","","","","","","","","","","","","","","","","","","","","","","","","","","","","","","","","","","","","","","","","","","","","","","","","",0.10149367153644562,40.33008575439453,0.7427001595497131,0.7788280248641968,0.8016732335090637,0.3650750517845154,0.16451509296894073,1635.7225341796875,0.6803448796272278,0.6656392216682434,0.846175491809845,0.044679462909698486,0.07831448316574097,47.01923751831055,0.8999678492546082,0.8824775815010071,0.86330246925354,0.5681378245353699,0.10040617734193802,44.54447555541992,0.627605140209198,0.6724717020988464,0.7693127393722534,0.28336596488952637,"","","","","","","","","","","","","","","","","","","","","","","","","","","","","","","",0.08061091601848602,0.08139600604772568,"","PRUNED"
93,0.0822988823056221,"2025-05-16 21:44:47.476819","2025-05-16 21:44:49.148117","0 days 00:00:01.671298",48,"","","","",144,112.0,32.0,128.0,0.002001051623983393,1,4,0.0,5,"","","","","","","","","","","","","","","","","","","","","","","","","","","","","","","","","","","","","","","","","","","","","","","","","","","","","","",0.10133909434080124,38.800559997558594,0.7116585373878479,0.776800811290741,0.7894968390464783,0.31986337900161743,"","","","","","","","","","","","","","","","","","","","","","","","","","","","","","","","","","","","","","","","","","","","","","","","","",0.0822988823056221,"","","PRUNED"
94,0.08128038793802261,"2025-05-16 21:44:49.148400","2025-05-16 21:44:52.819502","0 days 00:00:03.671102",112,"","","","",176,96.0,80.0,96.0,0.0016278677453583925,1,4,0.0,4,"","","","","","","","","","","","","","","","","","","","","","","","","","","","","","","","","","","","","","","","","","","","","","","","","","","","","","",0.09783308953046799,37.43412399291992,0.7023935914039612,0.7780766487121582,0.7850622534751892,0.33660513162612915,0.1666000932455063,1643.7738037109375,0.6767438054084778,0.6628587245941162,0.8494964241981506,0.05887162685394287,0.08294153213500977,45.72222900390625,0.9036563634872437,0.8829797506332397,0.8887931704521179,0.5523058772087097,0.09975223243236542,41.91368103027344,0.6265901923179626,0.6959558129310608,0.7725516557693481,0.29891538619995117,"","","","","","","","","","","","","","","","","","","","","","","","","","","","","","","",0.08021227270364761,0.08128038793802261,"","PRUNED"
95,0.08127115666866302,"2025-05-16 21:44:52.819805","2025-05-16 21:45:04.940495","0 days 00:00:12.120690",64,96.0,"","","",144,80.0,176.0,176.0,0.0011238159880763148,2,4,0.0,3,"","","","","","",0.11207816004753113,289.49993896484375,0.44503918290138245,0.46666520833969116,0.485718697309494,0.037778496742248535,0.0688740536570549,642.5814819335938,0.9120548367500305,0.8672101497650146,0.9111416339874268,0.6342663466930389,0.14369933307170868,105.63595581054688,1.0,1.0,0.8261749148368835,0.1592884063720703,0.10004178434610367,56.801055908203125,1.0,1.0,0.909106433391571,0.6051667332649231,0.09080494940280914,115.11711883544922,1.0,0.8326154351234436,0.7645713090896606,0.36328238248825073,0.0810580775141716,62.33605194091797,0.9191439151763916,0.8528473377227783,0.8073376417160034,0.5145272314548492,0.1331520676612854,85.67963409423828,1.0,1.0,0.9628441333770752,0.45670485496520996,"","","","","","",0.09684699028730392,40.80491256713867,0.7379530668258667,0.7835153937339783,0.7936078906059265,0.38739824295043945,0.1672019511461258,1604.0462646484375,0.6785549521446228,0.6486069560050964,0.8511273860931396,0.05168229341506958,0.08126736432313919,43.98455047607422,0.8658434152603149,0.9065259099006653,0.8924611210823059,0.5495774447917938,0.10230980068445206,49.46357727050781,0.7254721522331238,0.7838427424430847,0.7997744083404541,0.43019717931747437,0.07175096124410629,12761.6259765625,0.8094115853309631,0.7328883409500122,0.6747925281524658,0.29231202602386475,0.09036243706941605,484.55615234375,0.35192981362342834,0.3992328643798828,0.5166634917259216,0.04510444402694702,0.10639346390962601,179.59893798828125,0.841418445110321,0.7773363590240479,0.7131096720695496,0.32205909490585327,0.051518671214580536,317.7878723144531,1.0,0.995047390460968,0.8507433533668518,0.41824907064437866,0.11157041043043137,242.9587860107422,0.6126911640167236,0.615673303604126,0.6696727871894836,0.16084003448486328,"",0.07786577194929123,0.08014722913503647,0.08127115666866302,"PRUNED"
96,0.09905089700923246,"2025-05-16 21:45:04.940837","2025-05-16 21:45:17.913932","0 days 00:00:12.973095",80,144.0,"","","",160,96.0,176.0,176.0,0.0010505117208244033,2,4,0.0,3,0.09905089700923246,1207.161013434915,0.7985731293173397,0.7846064865589142,0.7706372194430408,0.3355049087720759,0.11128545552492142,265.7658996582031,0.4590339958667755,0.45521172881126404,0.49068573117256165,0.02098989486694336,0.06903667747974396,524.34228515625,0.9120548367500305,0.8675765991210938,0.8982973098754883,0.6319109499454498,0.1442970335483551,109.27106475830078,1.0,1.0,0.8322687149047852,0.16826403141021729,0.09996362030506134,54.80015182495117,1.0,1.0,0.9091430902481079,0.6027661859989166,0.0924619510769844,90.01880645751953,1.0,0.8440538644790649,0.7606424689292908,0.30544906854629517,0.08116310089826584,61.89852523803711,0.9191439151763916,0.853254497051239,0.7952041625976562,0.502337634563446,0.1342507004737854,93.02996063232422,1.0,1.0,0.962844729423523,0.4705880880355835,0.07270536571741104,83.34172058105469,0.8921757340431213,0.8396770358085632,0.7962394952774048,0.45847487449645996,0.09855712205171585,40.011112213134766,0.7173404097557068,0.7549518942832947,0.7861342430114746,0.36529940366744995,0.1657244861125946,1613.2587890625,0.6795506477355957,0.6664366126060486,0.8480381965637207,0.05656558275222778,0.07999971508979797,49.41507339477539,0.8997591733932495,0.8821831941604614,0.8761070966720581,0.5756199061870575,0.0989748015999794,43.610435485839844,0.6700279712677002,0.7286805510520935,0.7964345812797546,0.3887327313423157,0.07230067253112793,16229.234375,0.7866222858428955,0.7407803535461426,0.6829025149345398,0.31272250413894653,0.0936131700873375,443.8924865722656,0.32257774472236633,0.39668285846710205,0.4653497338294983,-0.03790771961212158,0.10797577351331711,243.47669982910156,0.8178084492683411,0.7563468813896179,0.730258047580719,0.36093395948410034,0.05024570971727371,312.4979248046875,1.0,1.0,0.8470313549041748,0.4166032075881958,0.11130989342927933,263.8719177246094,0.4996480345726013,0.5524742007255554,0.6232512593269348,0.10423314571380615,10.0,0.07900257408618927,0.0795469805598259,0.07982364296913147,"COMPLETE"
97,0.08117135614156723,"2025-05-16 21:45:17.914419","2025-05-16 21:45:30.848242","0 days 00:00:12.933823",80,144.0,"","","",160,80.0,192.0,176.0,0.0008868855430989986,2,4,0.0,3,"","","","","","",0.1111682876944542,212.74452209472656,0.45887070894241333,0.47134798765182495,0.48038142919540405,-0.0007699728012084961,0.0703120082616806,667.6094970703125,0.9120548367500305,0.8675765991210938,0.8980249166488647,0.6233995854854584,0.14464326202869415,112.94921875,1.0,1.0,0.8262033462524414,0.16195440292358398,0.09968642145395279,54.22492599487305,1.0,1.0,0.90914386510849,0.6003941893577576,0.09192921221256256,103.42964172363281,1.0,0.8397557735443115,0.7570126056671143,0.3251866102218628,0.08126187324523926,65.24927520751953,0.9191439151763916,0.8528903722763062,0.8076561093330383,0.5131174623966217,0.1342618763446808,84.5927734375,1.0,1.0,0.9628441333770752,0.4657171964645386,"","","","","","",0.09975078701972961,39.497886657714844,0.7186846137046814,0.7840628027915955,0.7898882031440735,0.35214781761169434,0.16296331584453583,1450.2572021484375,0.6795506477355957,0.6597520112991333,0.8553665280342102,0.07232630252838135,0.07994533330202103,46.03839874267578,0.9036563634872437,0.8754504323005676,0.8661177158355713,0.5483188033103943,0.09901098906993866,45.94005584716797,0.7215048670768738,0.7710254192352295,0.7998812794685364,0.441276490688324,0.07078550010919571,14465.849609375,0.7416715621948242,0.7305769324302673,0.668389618396759,0.3183293342590332,0.08914585411548615,434.00860595703125,0.42791691422462463,0.427727073431015,0.5511964559555054,0.050252676010131836,0.10761385411024094,243.34986877441406,0.8178084492683411,0.7687286734580994,0.73740553855896,0.36177003383636475,0.0499773770570755,250.3223419189453,1.0,1.0,0.8362109661102295,0.4009242057800293,0.11132658272981644,206.3911895751953,0.5689159035682678,0.5974350571632385,0.6622946262359619,0.11030304431915283,"",0.07995031774044037,0.07945770770311356,0.08117135614156723,"PRUNED"
98,0.09805300349698347,"2025-05-16 21:45:30.848578","2025-05-16 21:45:40.705470","0 days 00:00:09.856892",96,144.0,"","","",192,96.0,192.0,176.0,0.0006840175090438431,2,4,0.0,2,0.09805300349698347,1078.1715034036076,0.8086046173292047,0.7904452365987441,0.7744082317632788,0.3399568638380836,0.11065936833620071,265.5654296875,0.44503918290138245,0.44480565190315247,0.4801602363586426,0.028342127799987793,0.06869915127754211,491.88946533203125,0.9120548367500305,0.8362697958946228,0.8777517676353455,0.5972933173179626,0.14398187398910522,127.74534606933594,1.0,1.0,0.8261572122573853,0.1962670087814331,0.0992441400885582,48.85063552856445,1.0,1.0,0.9090673923492432,0.5736056864261627,0.09140205383300781,105.39445495605469,1.0,0.8397557735443115,0.7565286159515381,0.33669257164001465,0.08186893910169601,69.22467041015625,0.9191439151763916,0.8530683517456055,0.8111730813980103,0.5271894931793213,0.13410110771656036,92.79291534423828,1.0,1.0,0.9628545045852661,0.4671505093574524,0.07342006266117096,77.6787109375,0.8921757340431213,0.8405999541282654,0.8021919131278992,0.4524824619293213,0.09829666465520859,40.28624725341797,0.7364490032196045,0.7571979761123657,0.7955358624458313,0.3712453842163086,0.16136810183525085,1382.2188720703125,0.696406364440918,0.6773778200149536,0.8493406772613525,0.05673718452453613,0.07835114747285843,46.47084426879883,0.8997591733932495,0.8817015290260315,0.8721036911010742,0.5689870119094849,0.09723439067602158,42.780799865722656,0.6734091639518738,0.7302959561347961,0.7925180792808533,0.3804653286933899,0.07140886783599854,14431.7890625,0.7947067022323608,0.741350531578064,0.6800294518470764,0.3081699013710022,0.08818257600069046,420.98626708984375,0.4024317264556885,0.4154663383960724,0.5262606143951416,0.051933467388153076,0.10561259090900421,236.70973205566406,0.8178084492683411,0.8080717921257019,0.759320855140686,0.3916965126991272,0.05008924752473831,220.88063049316406,1.0,1.0,0.8293195366859436,0.3837859034538269,0.11298077553510666,227.65147399902344,0.5568942427635193,0.611607551574707,0.6346264481544495,0.08722281455993652,10.0,0.07975764572620392,0.08004052937030792,0.08069828152656555,"COMPLETE"
99,0.099184389500057,"2025-05-16 21:45:40.705941","2025-05-16 21:45:54.691969","0 days 00:00:13.986028",96,144.0,"","","",192,96.0,208.0,176.0,0.0009170983764211304,2,4,0.0,3,0.099184389500057,1107.404353871065,0.8033893862191368,0.7856337357969845,0.7704289257526398,0.3210218881859499,0.10981231927871704,229.90829467773438,0.4578152000904083,0.49089714884757996,0.49260443449020386,0.03096902370452881,0.06747759133577347,445.58544921875,0.9120548367500305,0.8535373210906982,0.8807505965232849,0.6086452901363373,0.14499014616012573,109.56076049804688,1.0,1.0,0.8324702978134155,0.16078674793243408,0.09969906508922577,55.58222961425781,1.0,1.0,0.9095964431762695,0.6014697551727295,0.09137804061174393,101.99400329589844,1.0,0.8397557735443115,0.7583619952201843,0.3316059708595276,0.08555004745721817,77.62371826171875,0.9276496767997742,0.8398240804672241,0.8142508268356323,0.4949237108230591,0.13707837462425232,100.48037719726562,1.0,1.0,0.962844729423523,0.4832794666290283,0.07326274365186691,78.42204284667969,0.8921757340431213,0.8405999541282654,0.8046568036079407,0.44880950450897217,0.0989428162574768,40.920692443847656,0.7154433131217957,0.7527886033058167,0.784400224685669,0.3621121644973755,0.16386209428310394,1464.319091796875,0.6767438054084778,0.6574235558509827,0.8466174006462097,0.05213034152984619,0.07786348462104797,47.12733459472656,0.9096763134002686,0.8823406100273132,0.8712841868400574,0.5651441216468811,0.0998641699552536,42.78175354003906,0.6287127137184143,0.6767640113830566,0.7602454423904419,0.2906976342201233,0.07158436626195908,14981.904296875,0.7980862855911255,0.7508918046951294,0.6869502067565918,0.3131011724472046,0.09555923938751221,313.04571533203125,0.3348643183708191,0.3828515112400055,0.46362075209617615,-0.15231645107269287,0.10545280575752258,206.86204528808594,0.8415148854255676,0.7809441685676575,0.7405577301979065,0.35511845350265503,0.05104580521583557,304.8874816894531,1.0,1.0,0.8297955989837646,0.3925718665122986,0.11271151155233383,224.8687286376953,0.5628824830055237,0.6071549654006958,0.658284068107605,0.11832332611083984,10.0,0.07894515246152878,0.08029001951217651,0.0799359455704689,"COMPLETE"
