"number","value","datetime_start","datetime_complete","duration","params_decoder_layer_width_0","params_decoder_layer_width_1","params_decoder_layer_width_2","params_decoder_layer_width_3","params_decoder_layer_width_4","params_encoder_layer_width_0","params_encoder_layer_width_1","params_encoder_layer_width_2","params_encoder_layer_width_3","params_encoder_layer_width_4","params_graphsage_aggregator","params_lr","params_n_decoder_layers","params_n_encoder_layers","user_attrs_avg_mae","user_attrs_avg_mape","user_attrs_avg_ndcg10","user_attrs_avg_ndcg20","user_attrs_avg_ndcg50","user_attrs_avg_r2","user_attrs_fold10_mae","user_attrs_fold10_mape","user_attrs_fold10_ndcg10","user_attrs_fold10_ndcg20","user_attrs_fold10_ndcg50","user_attrs_fold10_r2","user_attrs_fold11_mae","user_attrs_fold11_mape","user_attrs_fold11_ndcg10","user_attrs_fold11_ndcg20","user_attrs_fold11_ndcg50","user_attrs_fold11_r2","user_attrs_fold12_mae","user_attrs_fold12_mape","user_attrs_fold12_ndcg10","user_attrs_fold12_ndcg20","user_attrs_fold12_ndcg50","user_attrs_fold12_r2","user_attrs_fold13_mae","user_attrs_fold13_mape","user_attrs_fold13_ndcg10","user_attrs_fold13_ndcg20","user_attrs_fold13_ndcg50","user_attrs_fold13_r2","user_attrs_fold14_mae","user_attrs_fold14_mape","user_attrs_fold14_ndcg10","user_attrs_fold14_ndcg20","user_attrs_fold14_ndcg50","user_attrs_fold14_r2","user_attrs_fold15_mae","user_attrs_fold15_mape","user_attrs_fold15_ndcg10","user_attrs_fold15_ndcg20","user_attrs_fold15_ndcg50","user_attrs_fold15_r2","user_attrs_fold1_mae","user_attrs_fold1_mape","user_attrs_fold1_ndcg10","user_attrs_fold1_ndcg20","user_attrs_fold1_ndcg50","user_attrs_fold1_r2","user_attrs_fold2_mae","user_attrs_fold2_mape","user_attrs_fold2_ndcg10","user_attrs_fold2_ndcg20","user_attrs_fold2_ndcg50","user_attrs_fold2_r2","user_attrs_fold3_mae","user_attrs_fold3_mape","user_attrs_fold3_ndcg10","user_attrs_fold3_ndcg20","user_attrs_fold3_ndcg50","user_attrs_fold3_r2","user_attrs_fold4_mae","user_attrs_fold4_mape","user_attrs_fold4_ndcg10","user_attrs_fold4_ndcg20","user_attrs_fold4_ndcg50","user_attrs_fold4_r2","user_attrs_fold5_mae","user_attrs_fold5_mape","user_attrs_fold5_ndcg10","user_attrs_fold5_ndcg20","user_attrs_fold5_ndcg50","user_attrs_fold5_r2","user_attrs_fold6_mae","user_attrs_fold6_mape","user_attrs_fold6_ndcg10","user_attrs_fold6_ndcg20","user_attrs_fold6_ndcg50","user_attrs_fold6_r2","user_attrs_fold7_mae","user_attrs_fold7_mape","user_attrs_fold7_ndcg10","user_attrs_fold7_ndcg20","user_attrs_fold7_ndcg50","user_attrs_fold7_r2","user_attrs_fold8_mae","user_attrs_fold8_mape","user_attrs_fold8_ndcg10","user_attrs_fold8_ndcg20","user_attrs_fold8_ndcg50","user_attrs_fold8_r2","user_attrs_fold9_mae","user_attrs_fold9_mape","user_attrs_fold9_ndcg10","user_attrs_fold9_ndcg20","user_attrs_fold9_ndcg50","user_attrs_fold9_r2","user_attrs_pca_components","system_attrs_completed_rung_0","system_attrs_completed_rung_1","state"
0,0.13662080764770507,"2025-05-16 15:09:10.950214","2025-05-16 15:09:13.868655","0 days 00:00:02.918441",128,"","","","",160,240.0,"","","","add",0.0070692857204752695,1,2,0.13662080764770507,580.7178881327311,0.5777811594928305,0.5755466437277694,0.6201887163333595,0.0012146870295206705,0.16515174508094788,224.0867156982422,0.5931912660598755,0.6166955828666687,0.6122892498970032,0.24461668729782104,0.12246902287006378,58.60309600830078,0.9684534668922424,0.9160272479057312,0.8905468583106995,0.5156236290931702,0.10926715284585953,157.49404907226562,0.8887250423431396,0.6035063862800598,0.5965504050254822,0.05620449781417847,0.10836171358823776,83.0982666015625,0.2757711708545685,0.31383439898490906,0.44114840030670166,0.052155375480651855,0.21976400911808014,149.50970458984375,0.44931283593177795,0.5230705142021179,0.5404415130615234,-0.16793620586395264,0.08406367152929306,89.75861358642578,0.8769341111183167,0.8106482028961182,0.7834571599960327,0.40203857421875,0.1483115702867508,50.93978500366211,0.6495818495750427,0.6501144766807556,0.7053022384643555,-0.24277615547180176,0.22394637763500214,2052.9912109375,0.19932301342487335,0.2733899652957916,0.5782639980316162,-0.36877238750457764,0.10458071529865265,59.03492736816406,0.8744117021560669,0.8601161241531372,0.8251421451568604,0.43845629692077637,0.14689293503761292,50.9019775390625,0.41896602511405945,0.48473814129829407,0.6574645042419434,-0.28205108642578125,0.09842429310083389,722.9820556640625,0.5623334646224976,0.5673556327819824,0.542279064655304,0.06006336212158203,0.187034010887146,3780.901611328125,0.006718483753502369,0.006109052803367376,0.005874742288142443,-1.3592274188995361,0.11958295106887817,298.5243225097656,0.6207758188247681,0.6480019688606262,0.6418212056159973,0.03053230047225952,0.1190747618675232,259.9118957519531,0.32973650097846985,0.5280248522758484,0.6176636815071106,0.14992952346801758,0.09238718450069427,672.0300903320312,0.9524826407432556,0.831567108631134,0.8645855784416199,0.48936331272125244,0.0,"","","COMPLETE"
1,0.1491291865706444,"2025-05-16 15:09:13.869041","2025-05-16 15:09:16.559109","0 days 00:00:02.690068",16,"","","","",80,208.0,"","","","mean",0.02050091648778874,1,2,0.1491291865706444,581.3159520467123,0.46183078922331333,0.4694057227422794,0.5137517239277561,-0.1278250992298126,0.2002362608909607,126.68791961669922,0.37938931584358215,0.4339168965816498,0.3819175958633423,-0.3799971342086792,0.22065134346485138,65.83442687988281,0.38391774892807007,0.4002876281738281,0.3655586540699005,-0.8023910522460938,0.11957258731126785,205.8186798095703,0.607207179069519,0.518323540687561,0.5612488389015198,0.013119637966156006,0.10432673990726471,82.9057846069336,0.749578058719635,0.6937230825424194,0.713432788848877,0.24279218912124634,0.2205674648284912,175.0061798095703,0.530982494354248,0.5460677742958069,0.5212427973747253,-0.11915135383605957,0.09181039780378342,104.69574737548828,0.6638690829277039,0.603122353553772,0.5771405100822449,0.0867757797241211,0.19054685533046722,65.75509643554688,0.3079359233379364,0.3392367362976074,0.38500848412513733,-0.8521749973297119,0.22301159799098969,2679.7392578125,0.45526614785194397,0.4737941324710846,0.7941057682037354,-0.2310725450515747,0.1339932382106781,77.82784271240234,0.7157778739929199,0.7728476524353027,0.8118595480918884,0.0042264461517333984,0.1468193680047989,51.06432342529297,0.14052796363830566,0.1728532761335373,0.4216603934764862,-0.38031017780303955,0.10821234434843063,957.4625854492188,0.1468789130449295,0.24492107331752777,0.22623485326766968,0.006551682949066162,0.12099152058362961,1934.3990478515625,0.01697789691388607,0.00923118181526661,0.01368717197328806,-0.08208596706390381,0.1260654628276825,296.6421203613281,0.7177053689956665,0.7483258843421936,0.684160590171814,0.21869230270385742,0.12225930392742157,270.317138671875,0.17855799198150635,0.1929423213005066,0.3449734151363373,-0.15198898315429688,0.10787331312894821,1625.5831298828125,0.9328898787498474,0.8914923071861267,0.9040444493293762,0.5096376836299896,0.0,0.10202924907207489,0.1179579496383667,"COMPLETE"
2,0.11801199615001678,"2025-05-16 15:09:16.559547","2025-05-16 15:09:17.112802","0 days 00:00:00.553255",32,256.0,48.0,64.0,32.0,48,128.0,208.0,128.0,"","mean",0.0006710968871445105,5,4,"","","","","","","","","","","","","","","","","","","","","","","","","","","","","","","","","","","","","","","","","","",0.19955861568450928,78.75836181640625,0.7171583771705627,0.7528496980667114,0.7453059554100037,-0.7585666179656982,"","","","","","","","","","","","","","","","","","","","","","","","","","","","","","","","","","","","","","","","","","","","","","","","","",0.11801199615001678,"","PRUNED"
3,0.12443455308675766,"2025-05-16 15:09:17.113126","2025-05-16 15:09:17.533651","0 days 00:00:00.420525",224,16.0,"","","",176,48.0,"","","","max",0.013912024255981363,2,2,"","","","","","","","","","","","","","","","","","","","","","","","","","","","","","","","","","","","","","","","","","",0.11624827235937119,49.112545013427734,0.7779785394668579,0.7623543739318848,0.7977045774459839,0.26206934452056885,"","","","","","","","","","","","","","","","","","","","","","","","","","","","","","","","","","","","","","","","","","","","","","","","","",0.12443455308675766,"","PRUNED"
4,0.4944576621055603,"2025-05-16 15:09:17.533903","2025-05-16 15:09:18.004765","0 days 00:00:00.470862",64,"","","","",112,64.0,80.0,208.0,48.0,"add",0.0001717964789523427,1,5,"","","","","","","","","","","","","","","","","","","","","","","","","","","","","","","","","","","","","","","","","","",0.17597202956676483,56.73051452636719,0.1544083058834076,0.16938258707523346,0.24847586452960968,-0.790179967880249,"","","","","","","","","","","","","","","","","","","","","","","","","","","","","","","","","","","","","","","","","","","","","","","","","",0.4944576621055603,"","PRUNED"
5,0.1262291669845581,"2025-05-16 15:09:18.005070","2025-05-16 15:09:18.471933","0 days 00:00:00.466863",80,208.0,192.0,176.0,208.0,128,"","","","","mean",0.00013214212117818256,5,1,"","","","","","","","","","","","","","","","","","","","","","","","","","","","","","","","","","","","","","","","","","",0.1539590060710907,49.688751220703125,0.667856752872467,0.6800940036773682,0.7358647584915161,-0.4311647415161133,"","","","","","","","","","","","","","","","","","","","","","","","","","","","","","","","","","","","","","","","","","","","","","","","","",0.1262291669845581,"","PRUNED"
6,0.1317158192396164,"2025-05-16 15:09:18.472189","2025-05-16 15:09:18.988726","0 days 00:00:00.516537",176,16.0,"","","",224,208.0,224.0,"","","max",0.03795576056783612,2,3,"","","","","","","","","","","","","","","","","","","","","","","","","","","","","","","","","","","","","","","","","","",0.18694953620433807,63.417362213134766,0.3079359233379364,0.3392367362976074,0.38500848412513733,-0.8203023672103882,"","","","","","","","","","","","","","","","","","","","","","","","","","","","","","","","","","","","","","","","","","","","","","","","","",0.1317158192396164,"","PRUNED"
7,0.11086880018313726,"2025-05-16 15:09:18.988997","2025-05-16 15:09:22.718496","0 days 00:00:03.729499",16,176.0,80.0,128.0,224.0,128,256.0,"","","","max",0.003633434489970324,5,2,0.11086880018313726,502.64655990600585,0.834461369117101,0.8106044232845306,0.7996130267779032,0.37408305406570436,0.14551913738250732,234.38763427734375,1.0,0.9544141292572021,0.8647604584693909,0.41443777084350586,0.1155252605676651,60.12334060668945,1.0,1.0,0.8825681209564209,0.5356791615486145,0.09222501516342163,107.02828979492188,0.9858981370925903,0.8828853368759155,0.8030921220779419,0.40931206941604614,0.08978039026260376,60.05198287963867,0.854543924331665,0.8135877847671509,0.834163248538971,0.4325505495071411,0.13656115531921387,128.0701446533203,1.0,1.0,0.9527412056922913,0.5542438924312592,0.07900912314653397,99.86699676513672,0.8817929029464722,0.8921948671340942,0.8252547979354858,0.45908063650131226,0.10160479694604874,41.343040466308594,0.776874303817749,0.8057431578636169,0.812477171421051,0.34526896476745605,0.19120849668979645,2863.007080078125,0.5477705597877502,0.5016928911209106,0.8040014505386353,0.07665687799453735,0.1181948333978653,93.75692749023438,0.6859599351882935,0.7217320203781128,0.7852450013160706,0.15940433740615845,0.10585378855466843,59.43289566040039,0.8491658568382263,0.8239268660545349,0.8315492272377014,0.4372102618217468,0.09644430875778198,700.4307250976562,0.30638357996940613,0.44426754117012024,0.5100491046905518,0.05481398105621338,0.07993769645690918,1044.892822265625,0.9413089156150818,0.8809770345687866,0.7443516254425049,0.2919853925704956,0.11509320139884949,408.53997802734375,0.9474912881851196,0.7697921395301819,0.7377519011497498,0.3883962035179138,0.10195999592542648,310.53265380859375,0.866277277469635,0.7792844772338867,0.7105884552001953,0.38921916484832764,0.09411480277776718,1328.23388671875,0.8734538555145264,0.888568103313446,0.8956015110015869,0.662986546754837,0.0,0.0748881846666336,0.07697054743766785,"COMPLETE"
8,0.12104317545890808,"2025-05-16 15:09:22.718912","2025-05-16 15:09:23.012775","0 days 00:00:00.293863",192,"","","","",16,"","","","","max",0.04801404447006167,1,1,"","","","","","","","","","","","","","","","","","","","","","","","","","","","","","","","","","","","","","","","","","",0.16585420072078705,75.09434509277344,0.6913352012634277,0.7455463409423828,0.7748943567276001,-0.08601129055023193,"","","","","","","","","","","","","","","","","","","","","","","","","","","","","","","","","","","","","","","","","","","","","","","","","",0.12104317545890808,"","PRUNED"
9,0.1337333768606186,"2025-05-16 15:09:23.013062","2025-05-16 15:09:23.417452","0 days 00:00:00.404390",112,"","","","",80,48.0,240.0,160.0,"","add",0.029228427158270353,1,4,"","","","","","","","","","","","","","","","","","","","","","","","","","","","","","","","","","","","","","","","","","",0.16355587542057037,51.75235366821289,0.8070473670959473,0.775595486164093,0.7974873185157776,-0.5659936666488647,"","","","","","","","","","","","","","","","","","","","","","","","","","","","","","","","","","","","","","","","","","","","","","","","","",0.1337333768606186,"","PRUNED"
10,0.07784958183765411,"2025-05-16 15:09:23.417707","2025-05-16 15:09:24.900938","0 days 00:00:01.483231",256,144.0,64.0,240.0,"",256,160.0,16.0,"","","max",0.0016166499531098332,4,3,"","","","","","","","","","","","","","","","","","","","","","","","","","","","","","","","","","","","","","","","","","",0.11511686444282532,61.419498443603516,0.6822324991226196,0.7384982109069824,0.758846640586853,0.3286290764808655,0.18660129606723785,2686.85693359375,0.6077128052711487,0.5619295239448547,0.8080843091011047,0.05179935693740845,0.1000223457813263,78.9583969116211,0.8353796005249023,0.8314297795295715,0.8658286333084106,0.4771201014518738,0.10676433145999908,48.72410202026367,0.6640216708183289,0.7187823057174683,0.7822035551071167,0.3368343114852905,"","","","","","","","","","","","","","","","","","","","","","","","","","","","","","","",0.08263863623142242,0.07784958183765411,"PRUNED"
11,0.08045009523630142,"2025-05-16 15:09:24.901244","2025-05-16 15:09:26.070667","0 days 00:00:01.169423",128,128.0,128.0,"","",176,256.0,"","","","add",0.005460646739284005,3,2,"","","","","","","","","","","","","","","","","","","","","","","","","","","","","","","","","","","","","","","","","","",0.10394017398357391,42.18757629394531,0.7291767597198486,0.729625403881073,0.7949299812316895,0.3610694408416748,0.17279572784900665,2316.40380859375,0.6246709227561951,0.5944510102272034,0.8332834839820862,0.07464587688446045,0.09585266560316086,64.24407196044922,0.8648245930671692,0.8414936661720276,0.8560760021209717,0.5141288638114929,0.11789482831954956,53.671104431152344,0.8063550591468811,0.7789066433906555,0.8366509675979614,0.28800058364868164,"","","","","","","","","","","","","","","","","","","","","","","","","","","","","","","",0.07889547944068909,0.08045009523630142,"PRUNED"
12,0.07929925620555878,"2025-05-16 15:09:26.070993","2025-05-16 15:09:27.311446","0 days 00:00:01.240453",160,128.0,240.0,96.0,"",160,256.0,"","","","add",0.004940638951168251,4,2,"","","","","","","","","","","","","","","","","","","","","","","","","","","","","","","","","","","","","","","","","","",0.11719418317079544,58.711177825927734,0.7684157490730286,0.7692598104476929,0.817411482334137,0.33968275785446167,0.1887325942516327,2865.62451171875,0.5616426467895508,0.6408103108406067,0.8226105570793152,0.0547182559967041,0.09506446123123169,72.14733123779297,0.8865216970443726,0.8615342378616333,0.855566680431366,0.5224963128566742,0.10502941161394119,49.57533645629883,0.8345032334327698,0.8009358644485474,0.8654476404190063,0.40489935874938965,"","","","","","","","","","","","","","","","","","","","","","","","","","","","","","","",0.07688531279563904,0.07929925620555878,"PRUNED"
13,0.11296475281318029,"2025-05-16 15:09:27.311848","2025-05-16 15:09:30.206641","0 days 00:00:02.894793",80,192.0,112.0,"","",208,"","","","","add",0.0018748991668537088,3,1,0.11296475281318029,473.5572957356771,0.8227639536062876,0.7988642394542694,0.7897665937741597,0.34298925002415975,0.14816536009311676,267.0054016113281,0.855195939540863,0.8352378606796265,0.8012155890464783,0.40693199634552,0.12252160906791687,75.0782241821289,0.9633180499076843,0.9655076265335083,0.878452479839325,0.5420639514923096,0.09029492735862732,130.29244995117188,0.9785312414169312,0.884657084941864,0.7831938862800598,0.4483793377876282,0.0869741216301918,63.758880615234375,0.812693178653717,0.8197835683822632,0.8232971429824829,0.45900315046310425,0.14337888360023499,119.4749984741211,1.0,1.0,0.8811208605766296,0.5172012746334076,0.07709040492773056,87.73173522949219,0.8837732672691345,0.8142790198326111,0.8431812524795532,0.4843977093696594,0.11374510079622269,43.49917984008789,0.7569283843040466,0.7728028297424316,0.7881510257720947,0.225446879863739,0.2375408262014389,3912.945556640625,0.5139129757881165,0.5154535174369812,0.7770976424217224,-0.21998083591461182,0.10300349444150925,57.73261260986328,0.884698748588562,0.8974201083183289,0.8803601861000061,0.4226374626159668,0.11710671335458755,62.26785659790039,0.699306845664978,0.7282724380493164,0.7620758414268494,0.24459874629974365,0.09576307982206345,597.446533203125,0.35224148631095886,0.41198620200157166,0.5116482973098755,0.010886311531066895,0.07194874435663223,603.5914916992188,0.9381561875343323,0.8761796355247498,0.7835166454315186,0.2416507601737976,0.10238856822252274,340.76629638671875,0.9115181565284729,0.7935799360275269,0.740142285823822,0.37056487798690796,0.10433390736579895,390.1388244628906,0.8566728234291077,0.784874677658081,0.7206391096115112,0.4146133065223694,0.08021555095911026,351.62939453125,0.9345120191574097,0.8829290866851807,0.8724066615104675,0.5764438211917877,0.0,0.07191280275583267,0.07321521639823914,"COMPLETE"
14,0.07695717364549637,"2025-05-16 15:09:30.207102","2025-05-16 15:09:30.605245","0 days 00:00:00.398143",48,192.0,112.0,"","",208,"","","","","max",0.0010624303080719489,3,1,"","","","","","","","","","","","","","","","","","","","","","","","","","","","","","","","","","","","","","","","","","",0.10970615595579147,42.36746597290039,0.7461034059524536,0.7730070948600769,0.7885614037513733,0.2660617232322693,"","","","","","","","","","","","","","","","","","","","","","","","","","","","","","","","","","","","","","","","","","","","","","","","","",0.07695717364549637,"","PRUNED"
15,0.09881185740232468,"2025-05-16 15:09:30.605523","2025-05-16 15:09:31.010955","0 days 00:00:00.405432",80,192.0,16.0,16.0,"",208,"","","","","add",0.0004080591891419265,4,1,"","","","","","","","","","","","","","","","","","","","","","","","","","","","","","","","","","","","","","","","","","",0.1358795315027237,44.301300048828125,0.8326667547225952,0.8143953680992126,0.8139817714691162,-0.1377582550048828,"","","","","","","","","","","","","","","","","","","","","","","","","","","","","","","","","","","","","","","","","","","","","","","","","",0.09881185740232468,"","PRUNED"
16,0.12221868385871251,"2025-05-16 15:09:31.011249","2025-05-16 15:09:33.903564","0 days 00:00:02.892315",16,160.0,112.0,"","",256,"","","","","max",0.001980768128914416,3,1,0.12221868385871251,598.350848642985,0.7556971877813339,0.7300119519233703,0.7333958049615225,0.2670159061749776,0.15419498085975647,252.31103515625,0.8011850714683533,0.7746531367301941,0.7606727480888367,0.35116636753082275,0.12706832587718964,77.5941162109375,1.0,0.9224486351013184,0.8553363084793091,0.47315478324890137,0.09600744396448135,113.29368591308594,0.7784416675567627,0.801028311252594,0.7523850202560425,0.35309821367263794,0.08948086947202682,69.26654815673828,0.7774077653884888,0.7719914317131042,0.7771294713020325,0.45714861154556274,0.15233772993087769,136.08238220214844,0.8955252766609192,0.9068433046340942,0.8301025629043579,0.47087252140045166,0.08641311526298523,111.2202377319336,0.7755595445632935,0.8058894872665405,0.7778115272521973,0.3613623380661011,0.11135277152061462,42.00364303588867,0.7536519169807434,0.7810255885124207,0.7820847034454346,0.24154144525527954,0.21168698370456696,2481.01220703125,0.4880053699016571,0.4605918526649475,0.7554804086685181,-0.0788801908493042,0.1106867864727974,82.48870086669922,0.7753954529762268,0.7663876414299011,0.8191239833831787,0.307606041431427,0.11907324194908142,63.2786865234375,0.7094203233718872,0.698684811592102,0.7240294218063354,0.16913914680480957,0.11984874308109283,1256.160400390625,0.21582667529582977,0.25965988636016846,0.37092265486717224,-0.10086166858673096,0.1268279105424881,2119.8916015625,0.8356413841247559,0.727308988571167,0.588492214679718,-0.08213555812835693,0.10507521033287048,261.59576416015625,0.916182816028595,0.7915163040161133,0.7328037023544312,0.3547334671020508,0.11927520483732224,563.1748046875,0.658563494682312,0.5835251808166504,0.602473795413971,0.2737559676170349,0.10395094007253647,1345.888916015625,0.9546510577201843,0.8986247181892395,0.8720885515213013,0.45353710651397705,0.0,0.07273205369710922,0.07238151878118515,"COMPLETE"
17,0.0835038423538208,"2025-05-16 15:09:33.903994","2025-05-16 15:09:35.385738","0 days 00:00:01.481744",96,224.0,160.0,160.0,256.0,96,112.0,128.0,"","","max",0.0031444670405741046,5,3,"","","","","","","","","","","","","","","","","","","","","","","","","","","","","","","","","","","","","","","","","","",0.09721431136131287,40.47168731689453,0.7305933833122253,0.7290809154510498,0.8040974140167236,0.3614068627357483,0.18181198835372925,2109.856689453125,0.5746720433235168,0.6237084269523621,0.8200119733810425,0.03861987590789795,0.1058388352394104,63.603275299072266,0.8350328803062439,0.8371822834014893,0.8699342608451843,0.43950217962265015,0.11932490020990372,48.24506759643555,0.7428074479103088,0.7840585112571716,0.8305601477622986,0.22245872020721436,"","","","","","","","","","","","","","","","","","","","","","","","","","","","","","","",0.07605091482400894,0.0835038423538208,"PRUNED"
18,0.13042069971561432,"2025-05-16 15:09:35.386029","2025-05-16 15:09:35.778231","0 days 00:00:00.392202",48,80.0,"","","",144,176.0,"","","","add",0.08622270304716356,2,2,"","","","","","","","","","","","","","","","","","","","","","","","","","","","","","","","","","","","","","","","","","",1.2604864835739136,761.0582885742188,0.3079359233379364,0.3392367362976074,0.38500848412513733,-37.290802001953125,"","","","","","","","","","","","","","","","","","","","","","","","","","","","","","","","","","","","","","","","","","","","","","","","","",0.13042069971561432,"","PRUNED"
19,0.12472039461135864,"2025-05-16 15:09:35.778484","2025-05-16 15:09:36.326454","0 days 00:00:00.547970",48,80.0,80.0,240.0,"",224,96.0,16.0,16.0,"","mean",0.00039042897356483895,4,4,"","","","","","","","","","","","","","","","","","","","","","","","","","","","","","","","","","","","","","","","","","",0.1592877060174942,53.56678771972656,0.5681136250495911,0.6062636375427246,0.6755290031433105,-0.45091259479522705,"","","","","","","","","","","","","","","","","","","","","","","","","","","","","","","","","","","","","","","","","","","","","","","","","",0.12472039461135864,"","PRUNED"
20,0.07722659409046173,"2025-05-16 15:09:36.326724","2025-05-16 15:09:36.738987","0 days 00:00:00.412263",96,256.0,176.0,"","",192,"","","","","add",0.008978213571576181,3,1,"","","","","","","","","","","","","","","","","","","","","","","","","","","","","","","","","","","","","","","","","","",0.10705791413784027,42.82993698120117,0.8107941150665283,0.8118577599525452,0.8133953809738159,0.2986670732498169,"","","","","","","","","","","","","","","","","","","","","","","","","","","","","","","","","","","","","","","","","","","","","","","","","",0.07722659409046173,"","PRUNED"
21,0.07757051289081573,"2025-05-16 15:09:36.739241","2025-05-16 15:09:37.126385","0 days 00:00:00.387144",16,160.0,96.0,"","",240,"","","","","max",0.002444101959810318,3,1,"","","","","","","","","","","","","","","","","","","","","","","","","","","","","","","","","","","","","","","","","","",0.11724808067083359,48.93955612182617,0.8477505445480347,0.7919936776161194,0.8032740354537964,0.2301369309425354,"","","","","","","","","","","","","","","","","","","","","","","","","","","","","","","","","","","","","","","","","","","","","","","","","",0.07757051289081573,"","PRUNED"
22,0.07978131622076035,"2025-05-16 15:09:37.126644","2025-05-16 15:09:37.499010","0 days 00:00:00.372366",16,176.0,"","","",256,"","","","","max",0.0016531715974027843,2,1,"","","","","","","","","","","","","","","","","","","","","","","","","","","","","","","","","","","","","","","","","","",0.11372818052768707,42.88743591308594,0.7123351097106934,0.7626972198486328,0.7619257569313049,0.16651254892349243,"","","","","","","","","","","","","","","","","","","","","","","","","","","","","","","","","","","","","","","","","","","","","","","","","",0.07978131622076035,"","PRUNED"
23,0.08191532641649246,"2025-05-16 15:09:37.499264","2025-05-16 15:09:37.981419","0 days 00:00:00.482155",64,96.0,128.0,"","",256,208.0,"","","","max",0.000892554213928744,3,2,"","","","","","","","","","","","","","","","","","","","","","","","","","","","","","","","","","","","","","","","","","",0.10654503107070923,38.76944351196289,0.7437893152236938,0.7894799113273621,0.8194619417190552,0.30420273542404175,"","","","","","","","","","","","","","","","","","","","","","","","","","","","","","","","","","","","","","","","","","","","","","","","","",0.08191532641649246,"","PRUNED"
24,0.12153299748897553,"2025-05-16 15:09:37.981709","2025-05-16 15:09:40.679779","0 days 00:00:02.698070",32,224.0,48.0,128.0,"",128,"","","","","max",0.002522970801534512,4,1,0.12153299748897553,592.8403612772623,0.7699721992015839,0.7529095053672791,0.7470068116982778,0.27099350492159524,0.1452271193265915,265.77679443359375,0.8854146003723145,0.8902335166931152,0.8143523931503296,0.405456006526947,0.12403309345245361,70.91741943359375,0.957428514957428,0.8968011140823364,0.8694890141487122,0.4871988296508789,0.09338559210300446,111.30784606933594,0.949714183807373,0.8266746401786804,0.7689921259880066,0.3814660310745239,0.09016755223274231,61.666114807128906,0.8310748338699341,0.7858991026878357,0.7780832052230835,0.44118833541870117,0.1430041640996933,161.01368713378906,1.0,0.9694198369979858,0.9118680357933044,0.557399719953537,0.08163774758577347,87.39727020263672,0.8342751264572144,0.8247231841087341,0.7721778154373169,0.39939504861831665,0.10580757260322571,42.37540817260742,0.8494224548339844,0.8457603454589844,0.7982431054115295,0.31728804111480713,0.2139206975698471,2892.852783203125,0.492626428604126,0.4975503981113434,0.7607618570327759,-0.07875692844390869,0.14872562885284424,116.45550537109375,0.46389520168304443,0.5152595639228821,0.6733301281929016,-0.22840285301208496,0.11502744257450104,66.09283447265625,0.7717170715332031,0.7665873765945435,0.7629220485687256,0.28055763244628906,0.10442904382944107,853.447509765625,0.2989659607410431,0.42105892300605774,0.47911515831947327,0.03913164138793945,0.12233524024486542,1986.52001953125,0.8833335638046265,0.7461279630661011,0.5882527828216553,-0.05395054817199707,0.10188210010528564,242.92364501953125,0.8731491565704346,0.7949494123458862,0.732672393321991,0.37271904945373535,0.13253559172153473,567.6367797851562,0.5876893401145935,0.6261029243469238,0.6017680168151855,0.2503820061683655,0.10087637603282928,1366.2218017578125,0.8708765506744385,0.8864942789077759,0.893074095249176,0.4938305616378784,0.0,0.06935540586709976,0.06928683817386627,"COMPLETE"
25,0.09006422013044357,"2025-05-16 15:09:40.680325","2025-05-16 15:09:41.201689","0 days 00:00:00.521364",48,224.0,32.0,112.0,144.0,128,16.0,160.0,"","","max",0.003877364621975144,5,3,"","","","","","","","","","","","","","","","","","","","","","","","","","","","","","","","","","","","","","","","","","",0.10733237862586975,45.13909149169922,0.6655414700508118,0.7685370445251465,0.8116568326950073,0.2984580993652344,"","","","","","","","","","","","","","","","","","","","","","","","","","","","","","","","","","","","","","","","","","","","","","","","","",0.09006422013044357,"","PRUNED"
26,0.09200215339660645,"2025-05-16 15:09:41.202027","2025-05-16 15:09:41.669644","0 days 00:00:00.467617",32,224.0,64.0,176.0,"",112,160.0,"","","","max",0.010263815072046597,4,2,"","","","","","","","","","","","","","","","","","","","","","","","","","","","","","","","","","","","","","","","","","",0.13184751570224762,52.80320739746094,0.5940464735031128,0.710673987865448,0.772651731967926,0.10705482959747314,"","","","","","","","","","","","","","","","","","","","","","","","","","","","","","","","","","","","","","","","","","","","","","","","","",0.09200215339660645,"","PRUNED"
27,0.0885867103934288,"2025-05-16 15:09:41.669971","2025-05-16 15:09:42.163176","0 days 00:00:00.493205",80,192.0,80.0,128.0,176.0,144,"","","","","max",0.0004244902713910886,5,1,"","","","","","","","","","","","","","","","","","","","","","","","","","","","","","","","","","","","","","","","","","",0.12456431984901428,41.65752410888672,0.4925554692745209,0.526100218296051,0.657105565071106,-0.0939493179321289,"","","","","","","","","","","","","","","","","","","","","","","","","","","","","","","","","","","","","","","","","","","","","","","","","",0.0885867103934288,"","PRUNED"
28,0.09646447747945786,"2025-05-16 15:09:42.163479","2025-05-16 15:09:42.552417","0 days 00:00:00.388938",32,240.0,16.0,64.0,"",80,"","","","","mean",0.0012461553275342316,4,1,"","","","","","","","","","","","","","","","","","","","","","","","","","","","","","","","","","","","","","","","","","",0.13905394077301025,54.03908920288086,0.7325395941734314,0.6935103535652161,0.7403993606567383,-0.06875050067901611,"","","","","","","","","","","","","","","","","","","","","","","","","","","","","","","","","","","","","","","","","","","","","","","","","",0.09646447747945786,"","PRUNED"
29,0.09038897603750229,"2025-05-16 15:09:42.552699","2025-05-16 15:09:43.065245","0 days 00:00:00.512546",144,176.0,48.0,208.0,"",160,224.0,"","","","add",0.006847139495092802,4,2,"","","","","","","","","","","","","","","","","","","","","","","","","","","","","","","","","","","","","","","","","","",0.10743089020252228,42.597354888916016,0.7223039269447327,0.7375530004501343,0.8114662170410156,0.3590642809867859,"","","","","","","","","","","","","","","","","","","","","","","","","","","","","","","","","","","","","","","","","","","","","","","","","",0.09038897603750229,"","PRUNED"
30,0.07669714838266373,"2025-05-16 15:09:43.065561","2025-05-16 15:09:44.286600","0 days 00:00:01.221039",112,208.0,96.0,80.0,64.0,112,176.0,"","","","add",0.0027098611393189635,5,2,"","","","","","","","","","","","","","","","","","","","","","","","","","","","","","","","","","","","","","","","","","",0.10857056826353073,45.731632232666016,0.696003794670105,0.752780556678772,0.7642162442207336,0.3292604684829712,0.19205448031425476,2946.516845703125,0.5772568583488464,0.5424898862838745,0.8131853938102722,0.009255528450012207,0.09111862629652023,53.235774993896484,0.8552995324134827,0.8721730709075928,0.8531543016433716,0.5477616786956787,0.11544666439294815,55.7655029296875,0.7145551443099976,0.786178469657898,0.8257647156715393,0.34070926904678345,"","","","","","","","","","","","","","","","","","","","","","","","","","","","","","","",0.07633421570062637,0.07669714838266373,"PRUNED"
31,0.07756465673446655,"2025-05-16 15:09:44.286905","2025-05-16 15:09:44.693449","0 days 00:00:00.406544",16,160.0,144.0,"","",192,"","","","","max",0.0020868740739968345,3,1,"","","","","","","","","","","","","","","","","","","","","","","","","","","","","","","","","","","","","","","","","","",0.10939805209636688,46.5642204284668,0.8040937781333923,0.8042459487915039,0.7970211505889893,0.2771170139312744,"","","","","","","","","","","","","","","","","","","","","","","","","","","","","","","","","","","","","","","","","","","","","","","","","",0.07756465673446655,"","PRUNED"
32,0.08134003728628159,"2025-05-16 15:09:44.693769","2025-05-16 15:09:45.111621","0 days 00:00:00.417852",32,160.0,112.0,"","",240,"","","","","max",0.004285255933342007,3,1,"","","","","","","","","","","","","","","","","","","","","","","","","","","","","","","","","","","","","","","","","","",0.10874734073877335,40.255531311035156,0.8373505473136902,0.8062450885772705,0.8209848999977112,0.26525288820266724,"","","","","","","","","","","","","","","","","","","","","","","","","","","","","","","","","","","","","","","","","","","","","","","","","",0.08134003728628159,"","PRUNED"
33,0.08703925460577011,"2025-05-16 15:09:45.111916","2025-05-16 15:09:45.503126","0 days 00:00:00.391210",16,112.0,96.0,144.0,"",64,"","","","","max",0.0008690897452137501,4,1,"","","","","","","","","","","","","","","","","","","","","","","","","","","","","","","","","","","","","","","","","","",0.12058897316455841,48.9927978515625,0.7337736487388611,0.7671068906784058,0.7693583369255066,0.16542309522628784,"","","","","","","","","","","","","","","","","","","","","","","","","","","","","","","","","","","","","","","","","","","","","","","","","",0.08703925460577011,"","PRUNED"
34,0.1061546802520752,"2025-05-16 15:09:45.503421","2025-05-16 15:09:45.981098","0 days 00:00:00.477677",64,176.0,64.0,"","",176,144.0,"","","","max",0.014794321771108412,3,2,"","","","","","","","","","","","","","","","","","","","","","","","","","","","","","","","","","","","","","","","","","",0.18293477594852448,60.8083610534668,0.3079359233379364,0.3392367362976074,0.38500848412513733,-0.7854485511779785,"","","","","","","","","","","","","","","","","","","","","","","","","","","","","","","","","","","","","","","","","","","","","","","","","",0.1061546802520752,"","PRUNED"
35,0.09617745876312256,"2025-05-16 15:09:45.981372","2025-05-16 15:09:46.403173","0 days 00:00:00.421801",32,240.0,144.0,32.0,"",144,"","","","","mean",0.0005784730154934604,4,1,"","","","","","","","","","","","","","","","","","","","","","","","","","","","","","","","","","","","","","","","","","",0.1369411051273346,57.54754638671875,0.7674996852874756,0.699998140335083,0.7478848695755005,0.03485405445098877,"","","","","","","","","","","","","","","","","","","","","","","","","","","","","","","","","","","","","","","","","","","","","","","","","",0.09617745876312256,"","PRUNED"
36,0.10481875389814377,"2025-05-16 15:09:46.403450","2025-05-16 15:09:46.820142","0 days 00:00:00.416692",64,144.0,"","","",96,96.0,"","","","max",0.00024098007480753193,2,2,"","","","","","","","","","","","","","","","","","","","","","","","","","","","","","","","","","","","","","","","","","",0.11988940089941025,38.41248321533203,0.6719459891319275,0.7067902088165283,0.7757263779640198,-0.04478764533996582,"","","","","","","","","","","","","","","","","","","","","","","","","","","","","","","","","","","","","","","","","","","","","","","","","",0.10481875389814377,"","PRUNED"
37,0.08561667054891586,"2025-05-16 15:09:46.820442","2025-05-16 15:09:47.574709","0 days 00:00:00.754267",16,208.0,112.0,208.0,256.0,224,192.0,80.0,16.0,256.0,"max",0.002021344690603273,5,5,"","","","","","","","","","","","","","","","","","","","","","","","","","","","","","","","","","","","","","","","","","",0.10980530083179474,52.357643127441406,0.7035093903541565,0.7561407685279846,0.8237287402153015,0.31932753324508667,"","","","","","","","","","","","","","","","","","","","","","","","","","","","","","","","","","","","","","","","","","","","","","","","","",0.08561667054891586,"","PRUNED"
38,0.10375729948282242,"2025-05-16 15:09:47.575120","2025-05-16 15:09:48.052705","0 days 00:00:00.477585",48,256.0,"","","",32,16.0,160.0,"","","mean",0.0014252582377628565,2,3,"","","","","","","","","","","","","","","","","","","","","","","","","","","","","","","","","","","","","","","","","","",0.1511853188276291,50.77652359008789,0.6068305969238281,0.6492094397544861,0.7126277685165405,-0.35659754276275635,"","","","","","","","","","","","","","","","","","","","","","","","","","","","","","","","","","","","","","","","","","","","","","","","","",0.10375729948282242,"","PRUNED"
39,0.07578535377979279,"2025-05-16 15:09:48.053021","2025-05-16 15:09:49.001039","0 days 00:00:00.948018",32,192.0,80.0,"","",160,"","","","","add",0.0031145292195032368,3,1,"","","","","","","","","","","","","","","","","","","","","","","","","","","","","","","","","","","","","","","","","","",0.10883426666259766,43.41342544555664,0.7808158993721008,0.7943013310432434,0.786200225353241,0.25796228647232056,0.2080257087945938,3386.638671875,0.5607782602310181,0.5346076488494873,0.7985345721244812,0.01766258478164673,0.1047346442937851,60.99646759033203,0.8961126804351807,0.8711802363395691,0.8639125227928162,0.4202173352241516,0.11772545427083969,57.8430290222168,0.6642062664031982,0.7624414563179016,0.7458741664886475,0.22804254293441772,"","","","","","","","","","","","","","","","","","","","","","","","","","","","","","","",0.07695189863443375,0.07578535377979279,"PRUNED"
40,0.12224148958921432,"2025-05-16 15:09:49.001333","2025-05-16 15:09:51.876434","0 days 00:00:02.875101",96,32.0,48.0,128.0,"",128,"","","","","max",0.006912855271801348,4,1,0.12224148958921432,597.5322166442871,0.8057654241720835,0.7603745718797048,0.7518459399541219,0.2740312159061432,0.1489352136850357,246.62954711914062,0.8875777721405029,0.8590936660766602,0.7855662107467651,0.36553823947906494,0.13348326086997986,76.95648193359375,1.0,0.9513702988624573,0.8228074312210083,0.4120825529098511,0.09602423012256622,144.87191772460938,0.8961296677589417,0.826363742351532,0.7766177654266357,0.3816249966621399,0.08993233740329742,64.03863525390625,0.7504483461380005,0.7386906147003174,0.7630429267883301,0.4177168011665344,0.1542530208826065,138.4105987548828,1.0,0.9200817942619324,0.9265540242195129,0.46560049057006836,0.08044815063476562,87.84076690673828,0.8131709098815918,0.8110160231590271,0.8053739666938782,0.4300232529640198,0.11124099045991898,47.2827262878418,0.8136797547340393,0.8105692267417908,0.8013306856155396,0.30380213260650635,0.19691678881645203,2529.0888671875,0.6316238641738892,0.5553632378578186,0.8180785775184631,0.001332104206085205,0.11701230704784393,97.56607055664062,0.7706233263015747,0.8158770203590393,0.812197208404541,0.3043878674507141,0.11829399317502975,74.99874877929688,0.7678143382072449,0.7742774486541748,0.7750447988510132,0.31355810165405273,0.11536360532045364,1157.29736328125,0.4077920615673065,0.4301062524318695,0.48470640182495117,0.005190789699554443,0.12567266821861267,2084.3193359375,0.8607665300369263,0.6993840336799622,0.4904286861419678,-0.2619748115539551,0.1050683781504631,225.33526611328125,0.8723397850990295,0.7161478996276855,0.7051035165786743,0.30854684114456177,0.1377907693386078,504.4320068359375,0.6681171655654907,0.6262986660003662,0.6447654366493225,0.1437091827392578,0.10318662971258163,1483.9149169921875,0.9463978409767151,0.8709786534309387,0.8660714626312256,0.519329696893692,0.0,0.06991927325725555,0.06789067387580872,"COMPLETE"
41,0.12713060180346172,"2025-05-16 15:09:51.876879","2025-05-16 15:09:54.684050","0 days 00:00:02.807171",96,48.0,48.0,128.0,"",128,"","","","","max",0.007700865385350733,4,1,0.12713060180346172,670.2589866638184,0.7266498108704885,0.7182911852995555,0.7129392762978871,0.18245662450790406,0.14541617035865784,242.03814697265625,0.8687198758125305,0.8519759774208069,0.8251402378082275,0.3966646194458008,0.1283334195613861,66.95565795898438,1.0,0.9253265857696533,0.8225942850112915,0.44637012481689453,0.09729111939668655,147.1956024169922,0.9108927845954895,0.8295930027961731,0.7603422999382019,0.3530246615409851,0.08997360616922379,61.60306167602539,0.8463058471679688,0.8417403101921082,0.8165660500526428,0.4221450686454773,0.15477639436721802,123.95841217041016,0.9474731087684631,0.9534572958946228,0.8372960686683655,0.4372374415397644,0.08194233477115631,86.81459045410156,0.6965569257736206,0.7652698159217834,0.7426592707633972,0.36394792795181274,0.11079547554254532,48.87123107910156,0.8520303964614868,0.8417089581489563,0.7916041016578674,0.28565847873687744,0.2175249308347702,2702.7197265625,0.4795239269733429,0.4732482135295868,0.7529558539390564,-0.08557558059692383,0.13544686138629913,108.06973266601562,0.2635488212108612,0.39675238728523254,0.6004617214202881,-0.13839709758758545,0.12515020370483398,64.56879425048828,0.6794665455818176,0.7137917876243591,0.7652155756950378,0.17311477661132812,0.13441284000873566,1462.0751953125,0.5394524931907654,0.5280810594558716,0.49673277139663696,-0.29048848152160645,0.14612515270709991,2679.680419921875,0.6264886260032654,0.5729899406433105,0.4298315644264221,-0.5139318704605103,0.1042260155081749,289.13226318359375,0.8846479654312134,0.7862474322319031,0.7245137095451355,0.37029409408569336,0.12914298474788666,534.6680297851562,0.373248428106308,0.4425789415836334,0.45482757687568665,0.07477438449859619,0.10640151798725128,1435.533935546875,0.9313914179801941,0.8516060709953308,0.87334805727005,0.4420108199119568,0.0,0.06479869037866592,0.06724197417497635,"COMPLETE"
42,0.07113602012395859,"2025-05-16 15:09:54.684526","2025-05-16 15:09:55.687164","0 days 00:00:01.002638",128,32.0,32.0,112.0,96.0,96,"","","","","max",0.0058651290399888605,5,1,"","","","","","","","","","","","","","","","","","","","","","","","","","","","","","","","","","","","","","","","","","",0.10918226838111877,40.2993049621582,0.8859602808952332,0.8450331091880798,0.8227764964103699,0.23519885540008545,0.1974753588438034,2493.78271484375,0.566032886505127,0.5342951416969299,0.8019405603408813,-0.006492495536804199,0.16777083277702332,160.37742614746094,0.435383677482605,0.5169463753700256,0.614119827747345,-0.4510359764099121,0.10754412412643433,64.3270034790039,0.8488075733184814,0.7872644662857056,0.7873119711875916,0.3720599412918091,"","","","","","","","","","","","","","","","","","","","","","","","","","","","","","","",0.0673348531126976,0.07113602012395859,"PRUNED"
43,0.0771222934126854,"2025-05-16 15:09:55.687488","2025-05-16 15:09:56.115097","0 days 00:00:00.427609",112,144.0,32.0,160.0,"",112,"","","","","max",0.012026648867050767,4,1,"","","","","","","","","","","","","","","","","","","","","","","","","","","","","","","","","","","","","","","","","","",0.1300644874572754,59.7911376953125,0.6935079097747803,0.6901583075523376,0.7328513264656067,0.19036376476287842,"","","","","","","","","","","","","","","","","","","","","","","","","","","","","","","","","","","","","","","","","","","","","","","","","",0.0771222934126854,"","PRUNED"
44,0.12976977229118347,"2025-05-16 15:09:56.115379","2025-05-16 15:09:56.586872","0 days 00:00:00.471493",64,176.0,64.0,"","",160,240.0,"","","","max",0.019268807926497843,3,2,"","","","","","","","","","","","","","","","","","","","","","","","","","","","","","","","","","","","","","","","","","",0.17762437462806702,76.31736755371094,0.4679320454597473,0.5235548615455627,0.66839200258255,-0.33602964878082275,"","","","","","","","","","","","","","","","","","","","","","","","","","","","","","","","","","","","","","","","","","","","","","","","","",0.12976977229118347,"","PRUNED"
45,0.07802081853151321,"2025-05-16 15:09:56.587184","2025-05-16 15:09:57.067390","0 days 00:00:00.480206",208,112.0,80.0,"","",128,128.0,"","","","max",0.004464557436151118,3,2,"","","","","","","","","","","","","","","","","","","","","","","","","","","","","","","","","","","","","","","","","","",0.09936369210481644,41.387306213378906,0.772955060005188,0.7905099391937256,0.8257301449775696,0.3669935464859009,"","","","","","","","","","","","","","","","","","","","","","","","","","","","","","","","","","","","","","","","","","","","","","","","","",0.07802081853151321,"","PRUNED"
46,0.07178746163845062,"2025-05-16 15:09:57.067709","2025-05-16 15:09:58.338403","0 days 00:00:01.270694",144,208.0,208.0,96.0,208.0,176,"","","","","add",0.0035610749224888496,5,1,"","","","","","","","","","","","","","","","","","","","","","","","","","","","","","","","","","","","","","","","","","",0.10229943692684174,44.04878234863281,0.7928192615509033,0.8362204432487488,0.8075495958328247,0.366033673286438,0.21333496272563934,3322.19921875,0.5352893471717834,0.5313659906387329,0.7943732142448425,-0.05410480499267578,0.10392434149980545,60.71087646484375,0.7670893669128418,0.8285195231437683,0.8314087986946106,0.41141074895858765,0.09781784564256668,48.72209548950195,0.8506626486778259,0.820933997631073,0.8192197680473328,0.39674603939056396,"","","","","","","","","","","","","","","","","","","","","","","","","","","","","","","",0.07431647926568985,0.07178746163845062,"PRUNED"
47,0.08200234919786453,"2025-05-16 15:09:58.338679","2025-05-16 15:09:58.914541","0 days 00:00:00.575862",80,16.0,48.0,144.0,"",144,80.0,80.0,256.0,"","max",0.002275138852071971,4,4,"","","","","","","","","","","","","","","","","","","","","","","","","","","","","","","","","","","","","","","","","","",0.12789136171340942,70.91414642333984,0.6769011616706848,0.7289091944694519,0.7784603834152222,0.22293215990066528,"","","","","","","","","","","","","","","","","","","","","","","","","","","","","","","","","","","","","","","","","","","","","","","","","",0.08200234919786453,"","PRUNED"
48,0.08048547804355621,"2025-05-16 15:09:58.914848","2025-05-16 15:09:59.379636","0 days 00:00:00.464788",256,160.0,128.0,"","",192,"","","","","max",0.0007362154610030126,3,1,"","","","","","","","","","","","","","","","","","","","","","","","","","","","","","","","","","","","","","","","","","",0.11838089674711227,45.18937301635742,0.754152238368988,0.7612713575363159,0.7791216373443604,0.16124528646469116,"","","","","","","","","","","","","","","","","","","","","","","","","","","","","","","","","","","","","","","","","","","","","","","","","",0.08048547804355621,"","PRUNED"
49,0.08155903965234756,"2025-05-16 15:09:59.379912","2025-05-16 15:09:59.817795","0 days 00:00:00.437883",96,64.0,"","","",240,224.0,"","","","add",0.0016464826477443006,2,2,"","","","","","","","","","","","","","","","","","","","","","","","","","","","","","","","","","","","","","","","","","",0.10478371381759644,40.000526428222656,0.6586176156997681,0.7380216121673584,0.8029233813285828,0.3603716492652893,"","","","","","","","","","","","","","","","","","","","","","","","","","","","","","","","","","","","","","","","","","","","","","","","","",0.08155903965234756,"","PRUNED"
50,0.07431308925151825,"2025-05-16 15:09:59.818094","2025-05-16 15:10:00.884338","0 days 00:00:01.066244",48,128.0,96.0,192.0,"",208,"","","","","mean",0.005826909655928086,4,1,"","","","","","","","","","","","","","","","","","","","","","","","","","","","","","","","","","","","","","","","","","",0.13012835383415222,53.24589538574219,0.7410871982574463,0.7685731649398804,0.7818602919578552,0.06494927406311035,0.2617079019546509,5363.09228515625,0.4488303065299988,0.5207929611206055,0.7494719624519348,-0.34246206283569336,0.13690303266048431,82.76834869384766,0.5725228786468506,0.6554259061813354,0.7344557642936707,0.05252707004547119,0.12061947584152222,67.9187240600586,0.6919585466384888,0.7038218379020691,0.7022958993911743,0.20682114362716675,"","","","","","","","","","","","","","","","","","","","","","","","","","","","","","","",0.07619382441043854,0.07431308925151825,"PRUNED"
51,0.125494713584582,"2025-05-16 15:10:00.884657","2025-05-16 15:10:03.793547","0 days 00:00:02.908890",96,64.0,48.0,128.0,"",128,"","","","","max",0.007824080943934525,4,1,0.125494713584582,721.4395365397136,0.7578307886918386,0.7321684499581654,0.7241236627101898,0.21880557537078857,0.14734087884426117,270.93829345703125,0.996819019317627,0.950631856918335,0.8136931657791138,0.3784608244895935,0.13143830001354218,80.44697570800781,1.0,0.9323485493659973,0.7892760634422302,0.39350324869155884,0.09501037746667862,137.01893615722656,0.9504595398902893,0.796746551990509,0.7822222709655762,0.3986136317253113,0.09437407553195953,61.798065185546875,0.7122852802276611,0.7146373391151428,0.769763708114624,0.36213845014572144,0.15904104709625244,159.38467407226562,1.0,0.9026186466217041,0.814959704875946,0.4194100499153137,0.0820721983909607,87.04478454589844,0.7632946968078613,0.855651319026947,0.8414656519889832,0.3838564157485962,0.10935623943805695,43.706260681152344,0.8392201662063599,0.8251456022262573,0.8113727569580078,0.2508671283721924,0.2129518836736679,2917.950927734375,0.5131385326385498,0.5102968811988831,0.7710282206535339,-0.06392693519592285,0.12677256762981415,86.57984924316406,0.4862990081310272,0.5839311480522156,0.6911019086837769,0.07242172956466675,0.10193004459142685,64.5328140258789,0.8110846281051636,0.7995432019233704,0.771863579750061,0.36936748027801514,0.11355512589216232,1150.1492919921875,0.33454278111457825,0.5017405152320862,0.49996474385261536,0.042822957038879395,0.14136090874671936,2641.256591796875,0.8673350811004639,0.6058382987976074,0.43113386631011963,-0.610261082649231,0.10939932614564896,242.80712890625,0.8331711292266846,0.7135317325592041,0.7065182328224182,0.2789260745048523,0.13252536952495575,604.1806030273438,0.3530590236186981,0.39058956503868103,0.48259812593460083,0.1215314269065857,0.1252923607826233,2273.7978515625,0.9067529439926147,0.899275541305542,0.8848929405212402,0.4843522310256958,0.0,0.07069139927625656,0.07106641680002213,"COMPLETE"
52,0.1278074527780215,"2025-05-16 15:10:03.794005","2025-05-16 15:10:06.628513","0 days 00:00:02.834508",112,32.0,48.0,112.0,"",112,"","","","","max",0.008010044605809558,4,1,0.1278074527780215,658.2115145365398,0.748897914091746,0.71338805158933,0.7199227690696717,0.1921460469563802,0.15156908333301544,252.17544555664062,0.7914283275604248,0.764999270439148,0.7517010569572449,0.36555981636047363,0.12823060154914856,73.6295166015625,1.0,0.9514551162719727,0.8220565915107727,0.43644458055496216,0.0954659953713417,139.4611358642578,0.9116848111152649,0.8370829224586487,0.7480771541595459,0.35572439432144165,0.0919153019785881,64.68365478515625,0.8150658011436462,0.7696763873100281,0.7784833312034607,0.40524572134017944,0.1496313065290451,141.72120666503906,1.0,0.9190539717674255,0.8582605719566345,0.46692806482315063,0.0851665660738945,93.81021881103516,0.7616382241249084,0.8223779201507568,0.7898256182670593,0.3489904999732971,0.11571492999792099,43.53800582885742,0.7684881687164307,0.7870667576789856,0.7899293899536133,0.20021682977676392,0.21378527581691742,3094.38427734375,0.4906163215637207,0.5037059187889099,0.7650119662284851,-0.04224514961242676,0.1523151844739914,128.65167236328125,0.4554484188556671,0.5303783416748047,0.635468065738678,-0.27985286712646484,0.1227671355009079,68.77549743652344,0.7746351361274719,0.7213367819786072,0.724349856376648,0.18867141008377075,0.11522183567285538,1050.131103515625,0.29498621821403503,0.2885493338108063,0.43460583686828613,-0.07908058166503906,0.14299575984477997,2454.6171875,0.818183183670044,0.6883503794670105,0.49387121200561523,-0.39992856979370117,0.10900750011205673,246.2147674560547,0.8756242990493774,0.7424827814102173,0.714618444442749,0.3083146810531616,0.1441023349761963,750.6846923828125,0.5621467232704163,0.5463782548904419,0.612693727016449,0.09678477048873901,0.09922298043966293,1270.6943359375,0.9135230779647827,0.8279266357421875,0.8798887133598328,0.510417103767395,0.0,0.07287786900997162,0.07050689309835434,"COMPLETE"
53,0.10256271064281464,"2025-05-16 15:10:06.628965","2025-05-16 15:10:06.982500","0 days 00:00:00.353535",80,48.0,64.0,"","",128,"","","","","max",0.025521206473625706,3,1,"","","","","","","","","","","","","","","","","","","","","","","","","","","","","","","","","","","","","","","","","","",0.14691266417503357,46.24746322631836,0.7628050446510315,0.773587167263031,0.7902573943138123,-0.33716893196105957,"","","","","","","","","","","","","","","","","","","","","","","","","","","","","","","","","","","","","","","","","","","","","","","","","",0.10256271064281464,"","PRUNED"
54,0.09134728461503983,"2025-05-16 15:10:06.982755","2025-05-16 15:10:07.388556","0 days 00:00:00.405801",128,16.0,112.0,144.0,128.0,96,"","","","","max",0.017263778918736802,5,1,"","","","","","","","","","","","","","","","","","","","","","","","","","","","","","","","","","","","","","","","","","",0.18730440735816956,63.64799880981445,0.3079359233379364,0.3392367362976074,0.38500848412513733,-0.8234196901321411,"","","","","","","","","","","","","","","","","","","","","","","","","","","","","","","","","","","","","","","","","","","","","","","","","",0.09134728461503983,"","PRUNED"
55,0.08406347036361694,"2025-05-16 15:10:07.388854","2025-05-16 15:10:07.824487","0 days 00:00:00.435633",176,240.0,32.0,96.0,"",144,"","","","","max",0.0011609983637600979,4,1,"","","","","","","","","","","","","","","","","","","","","","","","","","","","","","","","","","","","","","","","","","",0.11571762710809708,45.067100524902344,0.7332015037536621,0.7731090784072876,0.7717052698135376,0.1815781593322754,"","","","","","","","","","","","","","","","","","","","","","","","","","","","","","","","","","","","","","","","","","","","","","","","","",0.08406347036361694,"","PRUNED"
56,0.0751330628991127,"2025-05-16 15:10:07.824756","2025-05-16 15:10:08.679989","0 days 00:00:00.855233",96,64.0,80.0,"","",128,"","","","","max",0.002945036664585823,3,1,"","","","","","","","","","","","","","","","","","","","","","","","","","","","","","","","","","","","","","","","","","",0.11349517107009888,42.78163146972656,0.8687727451324463,0.8147879242897034,0.8312499523162842,0.2615829110145569,0.2049601525068283,2422.211181640625,0.49869856238365173,0.5036603212356567,0.7626744508743286,-0.03330397605895996,0.1324126422405243,100.64710235595703,0.3357381224632263,0.5532248616218567,0.650696873664856,-0.06357061862945557,0.10403697192668915,64.46092987060547,0.7940487861633301,0.7761138677597046,0.8267596960067749,0.4042237401008606,"","","","","","","","","","","","","","","","","","","","","","","","","","","","","","","",0.06955014914274216,0.0751330628991127,"PRUNED"
57,0.09453517198562622,"2025-05-16 15:10:08.680280","2025-05-16 15:10:09.169534","0 days 00:00:00.489254",32,192.0,256.0,128.0,"",80,240.0,128.0,"","","add",0.010939107067320672,4,3,"","","","","","","","","","","","","","","","","","","","","","","","","","","","","","","","","","","","","","","","","","",0.1141742542386055,54.73638916015625,0.788026750087738,0.7878648638725281,0.7983705997467041,0.3489645719528198,"","","","","","","","","","","","","","","","","","","","","","","","","","","","","","","","","","","","","","","","","","","","","","","","","",0.09453517198562622,"","PRUNED"
58,0.08184277266263962,"2025-05-16 15:10:09.169812","2025-05-16 15:10:09.674564","0 days 00:00:00.504752",80,208.0,16.0,80.0,208.0,160,144.0,"","","","max",0.0018611348438509992,5,2,"","","","","","","","","","","","","","","","","","","","","","","","","","","","","","","","","","","","","","","","","","",0.10704252868890762,47.39630889892578,0.8273200392723083,0.8117555379867554,0.8062699437141418,0.355945885181427,"","","","","","","","","","","","","","","","","","","","","","","","","","","","","","","","","","","","","","","","","","","","","","","","","",0.08184277266263962,"","PRUNED"
59,0.07300348579883575,"2025-05-16 15:10:09.674895","2025-05-16 15:10:10.510994","0 days 00:00:00.836099",16,144.0,64.0,"","",112,"","","","","max",0.004846173891179215,3,1,"","","","","","","","","","","","","","","","","","","","","","","","","","","","","","","","","","","","","","","","","","",0.11849945038557053,48.563690185546875,0.8285876512527466,0.7970969080924988,0.8076884746551514,0.22028392553329468,0.2128785252571106,2789.889404296875,0.485205739736557,0.5020939111709595,0.7586066126823425,-0.036939263343811035,0.14363253116607666,118.55951690673828,0.323053240776062,0.5471418499946594,0.6248542666435242,-0.11924910545349121,0.1180824264883995,62.7660026550293,0.6737136244773865,0.7286113500595093,0.7728754878044128,0.20190709829330444,"","","","","","","","","","","","","","","","","","","","","","","","","","","","","","","",0.07460446655750275,0.07300348579883575,"PRUNED"
60,0.07662289589643478,"2025-05-16 15:10:10.511297","2025-05-16 15:10:10.944430","0 days 00:00:00.433133",64,224.0,96.0,64.0,"",64,192.0,"","","","add",0.0038018395430194857,4,2,"","","","","","","","","","","","","","","","","","","","","","","","","","","","","","","","","","","","","","","","","","",0.109783835709095,43.861480712890625,0.7411705851554871,0.7493361830711365,0.7755848169326782,0.2633126378059387,"","","","","","","","","","","","","","","","","","","","","","","","","","","","","","","","","","","","","","","","","","","","","","","","","",0.07662289589643478,"","PRUNED"
61,0.12447270055611928,"2025-05-16 15:10:10.944749","2025-05-16 15:10:13.931017","0 days 00:00:02.986268",96,48.0,48.0,160.0,"",128,"","","","","max",0.00827368064479479,4,1,0.12447270055611928,639.5983388264974,0.7583294034004211,0.7432930668195089,0.7380943298339844,0.23062499364217123,0.14684642851352692,237.1904296875,0.9020130634307861,0.8858122229576111,0.8093855977058411,0.3987307548522949,0.13307911157608032,72.92908477783203,0.9633180499076843,0.9322695136070251,0.8331061005592346,0.4429759383201599,0.09669416397809982,140.40280151367188,0.787898600101471,0.7828688621520996,0.7755552530288696,0.3575459122657776,0.09055633842945099,59.19234848022461,0.8691799640655518,0.8391535878181458,0.8113323450088501,0.4130730628967285,0.15973573923110962,124.4515380859375,0.9250741004943848,0.920094907283783,0.8094271421432495,0.4036574363708496,0.08286362886428833,98.3552017211914,0.8273977637290955,0.8585726022720337,0.8110682368278503,0.39382630586624146,0.10665052384138107,45.54226303100586,0.8513838052749634,0.8529912233352661,0.8093992471694946,0.2845444083213806,0.2135789841413498,2916.216552734375,0.5385837554931641,0.5286018252372742,0.7903668880462646,-0.05740010738372803,0.14347398281097412,117.99527740478516,0.4506370723247528,0.550656259059906,0.6594423055648804,-0.12829649448394775,0.1052776351571083,53.30120849609375,0.8301342725753784,0.8074191212654114,0.8115971088409424,0.2951394319534302,0.10437227785587311,928.9071044921875,0.4758335053920746,0.43017059564590454,0.5291371941566467,0.06995582580566406,0.12806521356105804,2169.052978515625,0.603672444820404,0.5836229920387268,0.4087960720062256,-0.3138078451156616,0.12331996113061905,257.919189453125,0.6054680347442627,0.5726692080497742,0.6183307766914368,0.11676657199859619,0.11588356643915176,490.33905029296875,0.8363194465637207,0.743816614151001,0.7053143978118896,0.34226131439208984,0.11669295281171799,1882.1800537109375,0.908027172088623,0.8606764674186707,0.8891562819480896,0.44040238857269287,0.0,0.07306204736232758,0.07069019228219986,"COMPLETE"
62,0.07616741955280304,"2025-05-16 15:10:13.931488","2025-05-16 15:10:14.919572","0 days 00:00:00.988084",96,32.0,32.0,160.0,"",144,"","","","","max",0.0068324199102006615,4,1,"","","","","","","","","","","","","","","","","","","","","","","","","","","","","","","","","","","","","","","","","","",0.11373753845691681,46.32794952392578,0.7016441226005554,0.7416738867759705,0.765602171421051,0.19946956634521484,0.22655612230300903,3888.7421875,0.47274962067604065,0.48683953285217285,0.7528712153434753,-0.16624081134796143,0.15019510686397552,112.63165283203125,0.18793052434921265,0.43049949407577515,0.6014747619628906,-0.34835124015808105,0.12232142686843872,66.04083251953125,0.7567064762115479,0.6926485896110535,0.7236474752426147,0.17151516675949097,"","","","","","","","","","","","","","","","","","","","","","","","","","","","","","","",0.06842940300703049,0.07616741955280304,"PRUNED"
63,0.12867833177248636,"2025-05-16 15:10:14.919861","2025-05-16 15:10:17.722913","0 days 00:00:02.803052",112,48.0,48.0,176.0,"",112,"","","","","max",0.00908550455200741,4,1,0.12867833177248636,727.3168261210124,0.7374301711718242,0.7146877427895864,0.7105793138345082,0.17507455945014955,0.1547536998987198,261.3294677734375,0.8644331097602844,0.8058130741119385,0.7146075367927551,0.36080700159072876,0.12601186335086823,68.60511016845703,1.0,0.9351438283920288,0.8421819806098938,0.4568589925765991,0.09454232454299927,140.17974853515625,0.8061718344688416,0.7765707969665527,0.7239107489585876,0.3741590976715088,0.09050846099853516,63.605796813964844,0.748227059841156,0.7535457611083984,0.7708942294120789,0.41654151678085327,0.15122324228286743,131.8877410888672,1.0,0.9660771489143372,0.8794090747833252,0.46435606479644775,0.08849525451660156,105.2098388671875,0.7688445448875427,0.7567746043205261,0.7874341607093811,0.2979429364204407,0.1086527481675148,41.55503463745117,0.8149217367172241,0.8103556036949158,0.7895585894584656,0.23088914155960083,0.21504329144954681,3336.97021484375,0.5258428454399109,0.5193242430686951,0.7805344462394714,-0.029837489128112793,0.14394783973693848,124.08168029785156,0.5102759003639221,0.5692015290260315,0.6621038317680359,-0.1827479600906372,0.10709536820650101,55.639923095703125,0.7742097973823547,0.7671959400177002,0.7834043502807617,0.25936663150787354,0.1110495775938034,1056.923828125,0.414065420627594,0.4768506586551666,0.5172628164291382,0.04521059989929199,0.16747859120368958,2917.834716796875,0.8258340954780579,0.6514127254486084,0.43737366795539856,-0.7769978046417236,0.11894867569208145,364.2419128417969,0.8370412588119507,0.7435134053230286,0.7130582928657532,0.2866553068161011,0.1448027491569519,540.9993896484375,0.26714009046554565,0.32267647981643677,0.3471243977546692,-0.09752655029296875,0.10762128978967667,1700.68798828125,0.9044448733329773,0.8658603429794312,0.9098315834999084,0.5204409062862396,0.0,0.06974105536937714,0.06937173753976822,"COMPLETE"
64,0.0808255523443222,"2025-05-16 15:10:17.723401","2025-05-16 15:10:18.079590","0 days 00:00:00.356189",48,64.0,16.0,"","",128,"","","","","max",0.0026265705440950654,3,1,"","","","","","","","","","","","","","","","","","","","","","","","","","","","","","","","","","","","","","","","","","",0.12454751878976822,45.5345344543457,0.7010577321052551,0.7514402866363525,0.7871779799461365,0.16312915086746216,"","","","","","","","","","","","","","","","","","","","","","","","","","","","","","","","","","","","","","","","","","","","","","","","","",0.0808255523443222,"","PRUNED"
65,0.08483234792947769,"2025-05-16 15:10:18.079854","2025-05-16 15:10:18.488226","0 days 00:00:00.408372",16,80.0,80.0,128.0,160.0,144,"","","","","max",0.013628210709234843,5,1,"","","","","","","","","","","","","","","","","","","","","","","","","","","","","","","","","","","","","","","","","","",0.12711192667484283,51.50769805908203,0.724301278591156,0.7414228320121765,0.7859587669372559,0.170135498046875,"","","","","","","","","","","","","","","","","","","","","","","","","","","","","","","","","","","","","","","","","","","","","","","","","",0.08483234792947769,"","PRUNED"
66,0.12521269073088964,"2025-05-16 15:10:18.488516","2025-05-16 15:10:21.442178","0 days 00:00:02.953662",128,160.0,48.0,160.0,"",176,"","","","","max",0.0054728416500104664,4,1,0.12521269073088964,686.7305582682292,0.7383691370487213,0.7290783743063609,0.7292178670565287,0.20252296924591065,0.1517634093761444,248.6858367919922,0.9310340881347656,0.8443507552146912,0.7567673921585083,0.3375076651573181,0.1362893134355545,77.20050048828125,1.0,0.9093928337097168,0.8008987903594971,0.3520773649215698,0.0948629304766655,130.29344177246094,0.7837203741073608,0.8183788061141968,0.7639327049255371,0.3793472647666931,0.09720854461193085,70.24870300292969,0.7194172143936157,0.7455706596374512,0.7356088757514954,0.339682400226593,0.14592015743255615,130.51007080078125,0.9534810781478882,0.9699781537055969,0.9174314141273499,0.501695454120636,0.0879170149564743,115.44581604003906,0.8404834866523743,0.8160424828529358,0.813984215259552,0.3700999617576599,0.10886635631322861,43.121421813964844,0.8897910714149475,0.8726250529289246,0.8222287893295288,0.2771851420402527,0.21746650338172913,3939.014404296875,0.5179234743118286,0.4593236446380615,0.7672125101089478,-0.1326155662536621,0.14472706615924835,104.00487518310547,0.2857154905796051,0.540071427822113,0.661093533039093,-0.23902654647827148,0.10492966324090958,55.48866271972656,0.8364670276641846,0.7741809487342834,0.7994567155838013,0.3033129572868347,0.10827627032995224,1048.08740234375,0.3915376663208008,0.49729999899864197,0.48194822669029236,0.06352442502975464,0.13810916244983673,2558.20703125,0.8921620845794678,0.8250380754470825,0.6777240037918091,-0.2225029468536377,0.1091001108288765,288.67095947265625,0.8673432469367981,0.7493241429328918,0.7222161293029785,0.31205111742019653,0.13196252286434174,420.647705078125,0.31644129753112793,0.3326770067214966,0.3516071140766144,-0.0417630672454834,0.100791335105896,1071.33154296875,0.8500194549560547,0.7819216251373291,0.866157591342926,0.4372689127922058,0.0,0.06725849956274033,0.06848253309726715,"COMPLETE"
67,0.07813810557126999,"2025-05-16 15:10:21.442662","2025-05-16 15:10:21.876481","0 days 00:00:00.433819",160,176.0,64.0,"","",224,"","","","","mean",0.005332595573260626,3,1,"","","","","","","","","","","","","","","","","","","","","","","","","","","","","","","","","","","","","","","","","","",0.1327153444290161,53.896514892578125,0.8036450147628784,0.7106726765632629,0.7892950773239136,0.04226088523864746,"","","","","","","","","","","","","","","","","","","","","","","","","","","","","","","","","","","","","","","","","","","","","","","","","",0.07813810557126999,"","PRUNED"
68,0.07689137011766434,"2025-05-16 15:10:21.876738","2025-05-16 15:10:22.290942","0 days 00:00:00.414204",144,"","","","",176,112.0,"","","","max",0.0037420151365241826,1,2,"","","","","","","","","","","","","","","","","","","","","","","","","","","","","","","","","","","","","","","","","","",0.09853725135326385,41.539146423339844,0.7804694771766663,0.8270853161811829,0.8012668490409851,0.4207277297973633,"","","","","","","","","","","","","","","","","","","","","","","","","","","","","","","","","","","","","","","","","","","","","","","","","",0.07689137011766434,"","PRUNED"
69,0.13002143800258636,"2025-05-16 15:10:22.291220","2025-05-16 15:10:22.884368","0 days 00:00:00.593148",240,160.0,128.0,160.0,"",256,224.0,256.0,80.0,"","add",0.04680962593638654,4,4,"","","","","","","","","","","","","","","","","","","","","","","","","","","","","","","","","","","","","","","","","","",0.3965543210506439,199.70960998535156,0.19166609644889832,0.16341593861579895,0.2878281772136688,-3.6896090507507324,"","","","","","","","","","","","","","","","","","","","","","","","","","","","","","","","","","","","","","","","","","","","","","","","","",0.13002143800258636,"","PRUNED"
70,0.07447504997253418,"2025-05-16 15:10:22.884667","2025-05-16 15:10:24.045565","0 days 00:00:01.160898",160,160.0,160.0,176.0,"",192,"","","","","max",0.0013244426784107975,4,1,"","","","","","","","","","","","","","","","","","","","","","","","","","","","","","","","","","","","","","","","","","",0.11526244878768921,46.03380584716797,0.8701251149177551,0.8430573344230652,0.8240624070167542,0.2558566927909851,0.2121325582265854,2853.716552734375,0.49869856238365173,0.5006231665611267,0.7650616765022278,-0.04703044891357422,0.13885194063186646,102.28913879394531,0.33761468529701233,0.5551312565803528,0.6539108157157898,-0.09074008464813232,0.11741809546947479,71.83283996582031,0.8179374933242798,0.799102783203125,0.7754769325256348,0.3185339570045471,"","","","","","","","","","","","","","","","","","","","","","","","","","","","","","","",0.07340256124734879,0.07447504997253418,"PRUNED"
71,0.1244263564546903,"2025-05-16 15:10:24.045870","2025-05-16 15:10:27.071580","0 days 00:00:03.025710",128,128.0,48.0,144.0,"",128,"","","","","max",0.006526209382824181,4,1,0.1244263564546903,628.3735399881999,0.7549817204475403,0.7497747759024302,0.7334602395693461,0.1940980891386668,0.14000250399112701,249.55368041992188,0.8885655403137207,0.8909423351287842,0.8162881731987,0.39706844091415405,0.13385069370269775,80.15156555175781,1.0,0.8256239891052246,0.7826676964759827,0.35792940855026245,0.097956582903862,149.07186889648438,0.7795735001564026,0.7881618738174438,0.7455244064331055,0.3394433856010437,0.09029385447502136,62.009002685546875,0.8192527890205383,0.7994840741157532,0.806098461151123,0.4268262982368469,0.16145974397659302,130.4913330078125,1.0,0.9121643304824829,0.8114938735961914,0.37997621297836304,0.08073972910642624,94.9652099609375,0.910751461982727,0.9013744592666626,0.8229299187660217,0.43885165452957153,0.10001549124717712,43.7101936340332,0.859809935092926,0.8355296850204468,0.8154887557029724,0.32152658700942993,0.20668242871761322,2370.206787109375,0.5312303304672241,0.544032633304596,0.7732158899307251,-0.06470036506652832,0.1503935307264328,116.2553939819336,0.2903357446193695,0.5461348295211792,0.6738001704216003,-0.5705657005310059,0.11687278747558594,68.45881652832031,0.7560329437255859,0.767421305179596,0.7620449662208557,0.2771235704421997,0.11448647826910019,1122.56787109375,0.391408234834671,0.4826013743877411,0.4660407304763794,0.008359253406524658,0.1436476856470108,2677.956298828125,0.8514787554740906,0.752613365650177,0.5932663083076477,-0.48794758319854736,0.10749415308237076,267.7619323730469,0.8600273728370667,0.768649697303772,0.7011091709136963,0.33813828229904175,0.1210043653845787,502.0005187988281,0.4532456398010254,0.5380997061729431,0.5355494022369385,0.21032702922821045,0.10149531811475754,1490.442626953125,0.9330135583877563,0.8937879800796509,0.896385669708252,0.5391148626804352,0.0,0.06853516399860382,0.0691014975309372,"COMPLETE"
72,0.12312618295351664,"2025-05-16 15:10:27.072046","2025-05-16 15:10:30.392612","0 days 00:00:03.320566",128,192.0,64.0,144.0,"",208,"","","","","max",0.003222692375307541,4,1,0.12312618295351664,680.1670842488606,0.7480490098396937,0.7448056628306706,0.7377605736255646,0.26434851487477623,0.14014416933059692,255.70263671875,0.921002984046936,0.948654294013977,0.8466517925262451,0.4483790397644043,0.12626686692237854,75.42611694335938,1.0,0.9229813814163208,0.830227255821228,0.4610629081726074,0.09507352113723755,140.06854248046875,0.8850221633911133,0.8011205196380615,0.7755359411239624,0.4040886163711548,0.08946958929300308,63.52734375,0.7511848211288452,0.7666059732437134,0.767043948173523,0.41074293851852417,0.15723975002765656,128.8443145751953,0.8778011202812195,0.8931238651275635,0.8213367462158203,0.41413331031799316,0.08019697666168213,95.63372039794922,0.8778887391090393,0.8816803097724915,0.8448492884635925,0.42878568172454834,0.11679669469594955,44.4173583984375,0.8254109621047974,0.8317009806632996,0.7949016094207764,0.21844547986984253,0.2194560170173645,3016.11328125,0.49080830812454224,0.4913192391395569,0.7531059384346008,-0.12819766998291016,0.1206648126244545,81.61595916748047,0.46389520168304443,0.5823671221733093,0.6894208192825317,0.1188957691192627,0.11096823960542679,71.00922393798828,0.8396380543708801,0.8364704847335815,0.8209459185600281,0.4237246513366699,0.11982071399688721,1236.006103515625,0.20202867686748505,0.23262359201908112,0.3015088140964508,-0.15387248992919922,0.12845265865325928,2259.342529296875,0.8395243287086487,0.7438309788703918,0.6434768438339233,-0.1580413579940796,0.10235375910997391,216.969970703125,0.9037874937057495,0.7931285500526428,0.7233814597129822,0.3536490201950073,0.12992297112941742,670.8130493164062,0.4517192542552948,0.5921152830123901,0.5727478861808777,0.18695670366287231,0.1100660040974617,1847.01611328125,0.8910230398178101,0.8543623685836792,0.8812743425369263,0.5364751219749451,0.0,0.07147728651762009,0.06867530941963196,"COMPLETE"
73,0.07308991998434067,"2025-05-16 15:10:30.393096","2025-05-16 15:10:31.381976","0 days 00:00:00.988880",112,192.0,32.0,144.0,"",112,"","","","","max",0.0025315398881185984,4,1,"","","","","","","","","","","","","","","","","","","","","","","","","","","","","","","","","","","","","","","","","","",0.11432883888483047,44.593013763427734,0.8397697806358337,0.8189043402671814,0.8169116377830505,0.2357543706893921,0.2094426453113556,2803.545166015625,0.5327559113502502,0.5189583897590637,0.7831748127937317,-0.021102547645568848,0.139361172914505,107.35350036621094,0.3764950633049011,0.560122013092041,0.6723779439926147,-0.13143134117126465,0.12457016855478287,62.78675079345703,0.7656030654907227,0.7290524244308472,0.7429304122924805,0.1558203101158142,"","","","","","","","","","","","","","","","","","","","","","","","","","","","","","","",0.07366392016410828,0.07308991998434067,"PRUNED"
74,0.07869595289230347,"2025-05-16 15:10:31.382290","2025-05-16 15:10:32.527838","0 days 00:00:01.145548",144,192.0,64.0,112.0,16.0,240,"","","","","max",0.0031905440806397696,5,1,"","","","","","","","","","","","","","","","","","","","","","","","","","","","","","","","","","","","","","","","","","",0.11731303483247757,42.665489196777344,0.8029709458351135,0.7850156426429749,0.7950407266616821,0.16871517896652222,0.2081768959760666,2946.84716796875,0.5308072566986084,0.5041384696960449,0.7694820165634155,-0.040305495262145996,0.14913511276245117,102.25279235839844,0.2712070345878601,0.5264216065406799,0.661766767501831,-0.27179574966430664,0.11571799963712692,65.72672271728516,0.7999249696731567,0.7566164135932922,0.7669681310653687,0.29094773530960083,"","","","","","","","","","","","","","","","","","","","","","","","","","","","","","","",0.06998366117477417,0.07869595289230347,"PRUNED"
75,0.07427708059549332,"2025-05-16 15:10:32.528134","2025-05-16 15:10:33.596035","0 days 00:00:01.067901",32,224.0,112.0,144.0,"",208,"","","","","max",0.0019831897394780315,4,1,"","","","","","","","","","","","","","","","","","","","","","","","","","","","","","","","","","","","","","","","","","",0.10531704872846603,47.361328125,0.8801072835922241,0.8566642999649048,0.8109506368637085,0.32807618379592896,0.20722393691539764,2895.740966796875,0.538527250289917,0.5214137434959412,0.7901473641395569,-0.021214604377746582,0.14218397438526154,105.424560546875,0.40247467160224915,0.5614345669746399,0.6554692387580872,-0.14235162734985352,0.11929360777139664,63.78947448730469,0.7298492789268494,0.7200914025306702,0.7700119614601135,0.27148962020874023,"","","","","","","","","","","","","","","","","","","","","","","","","","","","","","","",0.07315728813409805,0.07427708059549332,"PRUNED"
76,0.07408782094717026,"2025-05-16 15:10:33.596307","2025-05-16 15:10:33.988707","0 days 00:00:00.392400",128,176.0,80.0,"","",160,"","","","","max",0.000939084637548514,3,1,"","","","","","","","","","","","","","","","","","","","","","","","","","","","","","","","","","","","","","","","","","",0.11351539194583893,43.10274887084961,0.7536519169807434,0.7704581022262573,0.7684056758880615,0.21257376670837402,"","","","","","","","","","","","","","","","","","","","","","","","","","","","","","","","","","","","","","","","","","","","","","","","","",0.07408782094717026,"","PRUNED"
77,0.07875727117061615,"2025-05-16 15:10:33.988974","2025-05-16 15:10:34.372963","0 days 00:00:00.383989",16,208.0,48.0,192.0,"",128,"","","","","max",0.006373073306350615,4,1,"","","","","","","","","","","","","","","","","","","","","","","","","","","","","","","","","","","","","","","","","","",0.12006191164255142,49.21136474609375,0.7845619916915894,0.7987781167030334,0.7998083829879761,0.16087764501571655,"","","","","","","","","","","","","","","","","","","","","","","","","","","","","","","","","","","","","","","","","","","","","","","","","",0.07875727117061615,"","PRUNED"
78,0.0803738385438919,"2025-05-16 15:10:34.373272","2025-05-16 15:10:34.824804","0 days 00:00:00.451532",112,112.0,96.0,160.0,112.0,96,48.0,"","","","add",0.004524264771887859,5,2,"","","","","","","","","","","","","","","","","","","","","","","","","","","","","","","","","","","","","","","","","","",0.10720815509557724,41.55094528198242,0.6880507469177246,0.7482099533081055,0.775788426399231,0.3315497636795044,"","","","","","","","","","","","","","","","","","","","","","","","","","","","","","","","","","","","","","","","","","","","","","","","","",0.0803738385438919,"","PRUNED"
79,0.0876380056142807,"2025-05-16 15:10:34.825118","2025-05-16 15:10:35.412656","0 days 00:00:00.587538",160,192.0,80.0,"","",144,256.0,48.0,96.0,192.0,"mean",0.0022354411199534585,3,5,"","","","","","","","","","","","","","","","","","","","","","","","","","","","","","","","","","","","","","","","","","",0.12089648842811584,56.871891021728516,0.785940945148468,0.7786026000976562,0.7748932838439941,0.20429879426956177,"","","","","","","","","","","","","","","","","","","","","","","","","","","","","","","","","","","","","","","","","","","","","","","","","",0.0876380056142807,"","PRUNED"
80,0.07222624868154526,"2025-05-16 15:10:35.412963","2025-05-16 15:10:36.284913","0 days 00:00:00.871950",32,96.0,"","","",224,"","","","","max",0.0015837434771928391,2,1,"","","","","","","","","","","","","","","","","","","","","","","","","","","","","","","","","","","","","","","","","","",0.11550333350896835,44.06071853637695,0.7326542735099792,0.7755542397499084,0.7784767150878906,0.2096461057662964,0.2037254124879837,2402.2822265625,0.5122058391571045,0.4897531569004059,0.7698879241943359,-0.021477699279785156,0.11929769068956375,97.83245849609375,0.7361969947814941,0.7971007227897644,0.8172786831855774,0.2547171711921692,0.11652551591396332,61.10725402832031,0.7422314882278442,0.7534590363502502,0.7706308960914612,0.2671862244606018,"","","","","","","","","","","","","","","","","","","","","","","","","","","","","","","",0.07240106910467148,0.07222624868154526,"PRUNED"
81,0.07370249181985855,"2025-05-16 15:10:36.285213","2025-05-16 15:10:36.716499","0 days 00:00:00.431286",128,144.0,48.0,160.0,"",208,"","","","","max",0.008883228895358673,4,1,"","","","","","","","","","","","","","","","","","","","","","","","","","","","","","","","","","","","","","","","","","",0.10930434614419937,40.35072326660156,0.7899569869041443,0.8193499445915222,0.7950050830841064,0.2433333396911621,"","","","","","","","","","","","","","","","","","","","","","","","","","","","","","","","","","","","","","","","","","","","","","","","","",0.07370249181985855,"","PRUNED"
82,0.07529881596565247,"2025-05-16 15:10:36.716779","2025-05-16 15:10:37.740269","0 days 00:00:01.023490",128,176.0,32.0,112.0,"",192,"","","","","max",0.003419389792118029,4,1,"","","","","","","","","","","","","","","","","","","","","","","","","","","","","","","","","","","","","","","","","","",0.11132194101810455,43.73118209838867,0.8897910714149475,0.8429238796234131,0.8286345601081848,0.2606455087661743,0.2155878245830536,2956.753662109375,0.488405704498291,0.5134437084197998,0.7750366926193237,-0.095001220703125,0.1402260661125183,101.10236358642578,0.26842477917671204,0.4060381352901459,0.6349344849586487,-0.2430121898651123,0.10809597373008728,60.976322174072266,0.7872430682182312,0.7919378280639648,0.7768014073371887,0.3362138867378235,"","","","","","","","","","","","","","","","","","","","","","","","","","","","","","","",0.07194538414478302,0.07529881596565247,"PRUNED"
83,0.1253593554099401,"2025-05-16 15:10:37.740573","2025-05-16 15:10:40.771217","0 days 00:00:03.030644",144,160.0,64.0,144.0,"",160,"","","","","max",0.005186933256491112,4,1,0.1253593554099401,644.0813379923503,0.7458140015602112,0.7260850767294565,0.7332479695479075,0.1878509283065796,0.14742012321949005,250.1608123779297,0.7721143960952759,0.7854258418083191,0.7766116261482239,0.38743728399276733,0.13308200240135193,77.406982421875,1.0,0.9095991253852844,0.8076153993606567,0.37043988704681396,0.09441694617271423,123.0234375,0.9576738476753235,0.8224893808364868,0.7910712361335754,0.3955078721046448,0.09132134914398193,66.56424713134766,0.72777259349823,0.7071883082389832,0.7777137160301208,0.4111839532852173,0.1446613371372223,124.2071533203125,1.0,0.9671700596809387,0.9242016077041626,0.49752843379974365,0.08842827379703522,127.5333251953125,0.8672001361846924,0.8526385426521301,0.8153027296066284,0.356315553188324,0.11494601517915726,45.98694610595703,0.8484092354774475,0.8249558806419373,0.813768208026886,0.25377166271209717,0.2114652842283249,2684.653564453125,0.5570876598358154,0.529383659362793,0.7919768691062927,-0.03793740272521973,0.13891510665416718,104.7715072631836,0.35462725162506104,0.5668008923530579,0.6732457876205444,-0.23366284370422363,0.1080368161201477,62.392852783203125,0.7737594842910767,0.8046582937240601,0.7654951810836792,0.3241802453994751,0.10806042701005936,988.78466796875,0.4633747935295105,0.5346632599830627,0.5356290936470032,0.03649824857711792,0.15944455564022064,3102.78173828125,0.7004144191741943,0.5793008804321289,0.40802666544914246,-0.7720824480056763,0.11198106408119202,193.50181579589844,0.8815080523490906,0.7127575278282166,0.6967106461524963,0.25305992364883423,0.12660625576972961,429.7946472167969,0.3727417588233948,0.43039557337760925,0.5268444418907166,0.09284728765487671,0.10160477459430695,1279.6563720703125,0.9105263948440552,0.8638489246368408,0.8945063352584839,0.48267626762390137,0.0,0.07208218425512314,0.07041024416685104,"COMPLETE"
84,0.07753655314445496,"2025-05-16 15:10:40.771676","2025-05-16 15:10:41.371685","0 days 00:00:00.600009",80,144.0,48.0,256.0,"",176,192.0,192.0,"","","max",0.004404095642952964,4,3,"","","","","","","","","","","","","","","","","","","","","","","","","","","","","","","","","","","","","","","","","","",0.10124668478965759,48.11996078491211,0.7748469710350037,0.7614909410476685,0.7978457808494568,0.3462497591972351,"","","","","","","","","","","","","","","","","","","","","","","","","","","","","","","","","","","","","","","","","","","","","","","","","",0.07753655314445496,"","PRUNED"
85,0.07407942414283752,"2025-05-16 15:10:41.372007","2025-05-16 15:10:42.306245","0 days 00:00:00.934238",112,128.0,144.0,"","",128,"","","","","max",0.009679884070836321,3,1,"","","","","","","","","","","","","","","","","","","","","","","","","","","","","","","","","","","","","","","","","","",0.11939433962106705,44.88349151611328,0.729508638381958,0.7484896779060364,0.7705040574073792,0.1385135054588318,0.21678008139133453,2910.000244140625,0.49523791670799255,0.5131527185440063,0.7623233199119568,-0.07454001903533936,0.13038979470729828,118.70703887939453,0.6129025816917419,0.6986497640609741,0.7772960066795349,0.0842236876487732,0.11598177254199982,67.53124237060547,0.789828896522522,0.7653257846832275,0.7526842355728149,0.2508503198623657,"","","","","","","","","","","","","","","","","","","","","","","","","","","","","","","",0.06625112891197205,0.07407942414283752,"PRUNED"
86,0.0874447152018547,"2025-05-16 15:10:42.306509","2025-05-16 15:10:42.742530","0 days 00:00:00.436021",96,176.0,64.0,128.0,"",240,"","","","","max",0.01263367048642228,4,1,"","","","","","","","","","","","","","","","","","","","","","","","","","","","","","","","","","","","","","","","","","",0.11662176251411438,47.85757827758789,0.7500879168510437,0.7600789666175842,0.7638908624649048,0.10540682077407837,"","","","","","","","","","","","","","","","","","","","","","","","","","","","","","","","","","","","","","","","","","","","","","","","","",0.0874447152018547,"","PRUNED"
87,0.12272733996311823,"2025-05-16 15:10:42.742801","2025-05-16 15:10:45.774185","0 days 00:00:03.031384",176,192.0,16.0,176.0,"",144,"","","","","max",0.0029117739333409686,4,1,0.12272733996311823,624.9985628763835,0.7315747876962025,0.730914032459259,0.7255033353964487,0.2610445459683736,0.16705769300460815,217.52593994140625,0.6910046339035034,0.6680809855461121,0.6268717646598816,0.22696000337600708,0.12844999134540558,76.39299774169922,1.0,0.9692557454109192,0.8239937424659729,0.4297153949737549,0.09484432637691498,135.34017944335938,0.8936264514923096,0.835079550743103,0.7795850038528442,0.39866161346435547,0.09015463292598724,62.93418502807617,0.7689616084098816,0.7459988594055176,0.7938249707221985,0.4115990996360779,0.15472514927387238,128.41490173339844,0.8063192963600159,0.8685216903686523,0.7996225357055664,0.4265487790107727,0.08028628677129745,92.047607421875,0.8529888987541199,0.8440765738487244,0.8220950961112976,0.450724720954895,0.10902053117752075,45.17227554321289,0.7976380586624146,0.8118146657943726,0.7980750799179077,0.2775406241416931,0.20882906019687653,2469.5498046875,0.4682619273662567,0.5464276671409607,0.7718584537506104,0.026578664779663086,0.12168172001838684,97.5821533203125,0.539767861366272,0.6048561930656433,0.7002896070480347,0.15680432319641113,0.10760968178510666,60.61002731323242,0.7629832625389099,0.7895834445953369,0.7782080173492432,0.32726919651031494,0.12067603319883347,1352.22314453125,0.3058350086212158,0.40512990951538086,0.479079008102417,-0.03260374069213867,0.1408025622367859,2625.32763671875,0.7787030339241028,0.6428182125091553,0.4719727337360382,-0.349609375,0.10179650038480759,237.71714782714844,0.8762899041175842,0.7541289329528809,0.7154399156570435,0.37805604934692383,0.11812970787286758,544.6675415039062,0.5657778978347778,0.6256875395774841,0.6373174786567688,0.3212670683860779,0.09684622287750244,1229.472900390625,0.8654639720916748,0.8522505164146423,0.884316623210907,0.4661557674407959,0.0,0.06383270025253296,0.061225175857543945,"COMPLETE"
88,0.07396657764911652,"2025-05-16 15:10:45.774658","2025-05-16 15:10:46.227253","0 days 00:00:00.452595",176,208.0,16.0,192.0,224.0,96,"","","","","add",0.002894361717796986,5,1,"","","","","","","","","","","","","","","","","","","","","","","","","","","","","","","","","","","","","","","","","","",0.1104728952050209,45.48136520385742,0.7817701697349548,0.8128277063369751,0.807161808013916,0.28349071741104126,"","","","","","","","","","","","","","","","","","","","","","","","","","","","","","","","","","","","","","","","","","","","","","","","","",0.07396657764911652,"","PRUNED"
89,0.07405482977628708,"2025-05-16 15:10:46.227531","2025-05-16 15:10:47.635272","0 days 00:00:01.407741",192,240.0,128.0,176.0,"",144,160.0,"","","","max",0.001889612499650068,4,2,"","","","","","","","","","","","","","","","","","","","","","","","","","","","","","","","","","","","","","","","","","",0.10370264202356339,44.76411819458008,0.6851259469985962,0.7197082042694092,0.7608644962310791,0.3303932547569275,0.1857008934020996,2361.060546875,0.5403056740760803,0.5918289422988892,0.805219829082489,0.044270873069763184,0.1189417764544487,81.98118591308594,0.7537904977798462,0.7754970788955688,0.8350457549095154,0.20673418045043945,0.11356625705957413,50.408565521240234,0.6903955340385437,0.7405190467834473,0.783440351486206,0.2769666314125061,"","","","","","","","","","","","","","","","","","","","","","","","","","","","","","","",0.07160075008869171,0.07405482977628708,"PRUNED"
90,0.07455405592918396,"2025-05-16 15:10:47.635565","2025-05-16 15:10:48.640220","0 days 00:00:01.004655",208,192.0,16.0,"","",128,"","","","","max",0.0014287292946210445,3,1,"","","","","","","","","","","","","","","","","","","","","","","","","","","","","","","","","","","","","","","","","","",0.10776602476835251,44.58180618286133,0.7801492810249329,0.8007364869117737,0.7884350419044495,0.29257214069366455,0.20901986956596375,2391.2666015625,0.5558425188064575,0.5099188685417175,0.7706992030143738,-0.05953824520111084,0.11740124225616455,91.89961242675781,0.6058895587921143,0.6295909881591797,0.6984471678733826,0.24569720029830933,0.12716934084892273,65.0807113647461,0.7893069982528687,0.7314375638961792,0.7463335394859314,0.16483432054519653,"","","","","","","","","","","","","","","","","","","","","","","","","","","","","","","",0.07222486287355423,0.07455405592918396,"PRUNED"
91,0.12519913514455158,"2025-05-16 15:10:48.640509","2025-05-16 15:10:51.668936","0 days 00:00:03.028427",128,176.0,32.0,160.0,"",144,"","","","","max",0.003957394221647163,4,1,0.12519913514455158,639.0358561197917,0.7346945166587829,0.7148529132207234,0.7267012973626454,0.24032362898190815,0.15124869346618652,256.6787109375,0.694129467010498,0.778172492980957,0.7734068036079407,0.33303070068359375,0.13139241933822632,81.10344696044922,1.0,0.9376575946807861,0.8067165613174438,0.42180418968200684,0.09380096942186356,131.45057678222656,0.9020738005638123,0.8050229549407959,0.7793787717819214,0.4013725519180298,0.09351896494626999,73.65060424804688,0.7315111756324768,0.7389417886734009,0.754319965839386,0.38771384954452515,0.15918149054050446,141.2321014404297,1.0,0.8460149168968201,0.7994458079338074,0.4090011715888977,0.08682573586702347,105.30035400390625,0.7976210117340088,0.840399980545044,0.8244519829750061,0.3619862198829651,0.10990563035011292,44.945316314697266,0.8045557737350464,0.8143277764320374,0.7865209579467773,0.2662234306335449,0.21634729206562042,2714.68017578125,0.49394360184669495,0.498151570558548,0.7571708559989929,-0.07104206085205078,0.14185801148414612,108.16230773925781,0.39078304171562195,0.5638147592544556,0.6695380806922913,-0.1777360439300537,0.11378102749586105,62.5556526184082,0.7705481052398682,0.758361279964447,0.7715809345245361,0.2896895408630371,0.11447062343358994,1151.1834716796875,0.2691217362880707,0.286192923784256,0.45561107993125916,-0.04351365566253662,0.12332997471094131,2124.137451171875,0.8639457821846008,0.7114911079406738,0.5710847973823547,-0.10663700103759766,0.10421902686357498,294.2807312011719,0.9113034605979919,0.7740585803985596,0.710181713104248,0.4020232558250427,0.12817692756652832,561.3645629882812,0.4652601182460785,0.5093269348144531,0.5592156648635864,0.2053370475769043,0.10993023961782455,1734.8123779296875,0.9256206750869751,0.8608590364456177,0.8818954825401306,0.5256012380123138,0.0,0.07183956354856491,0.06518777459859848,"COMPLETE"
92,0.07506642490625381,"2025-05-16 15:10:51.669436","2025-05-16 15:10:52.087122","0 days 00:00:00.417686",16,176.0,32.0,144.0,"",144,"","","","","max",0.0023908120982804597,4,1,"","","","","","","","","","","","","","","","","","","","","","","","","","","","","","","","","","","","","","","","","","",0.11137789487838745,41.917179107666016,0.7652832269668579,0.7652372121810913,0.7898041009902954,0.22054368257522583,"","","","","","","","","","","","","","","","","","","","","","","","","","","","","","","","","","","","","","","","","","","","","","","","","",0.07506642490625381,"","PRUNED"
93,0.07131817936897278,"2025-05-16 15:10:52.087403","2025-05-16 15:10:53.150337","0 days 00:00:01.062934",144,192.0,32.0,176.0,"",128,"","","","","max",0.0037405938326135163,4,1,"","","","","","","","","","","","","","","","","","","","","","","","","","","","","","","","","","","","","","","","","","",0.11477480083703995,44.70820617675781,0.7942855954170227,0.7698398232460022,0.7846195697784424,0.21064674854278564,0.2150239199399948,3741.96728515625,0.4776366055011749,0.5106877684593201,0.763249397277832,-0.06309366226196289,0.1488446742296219,118.59808349609375,0.2515760064125061,0.4729899764060974,0.6520397067070007,-0.38252580165863037,0.11394559592008591,61.35106658935547,0.7536891102790833,0.7311211824417114,0.7847075462341309,0.2576959729194641,"","","","","","","","","","","","","","","","","","","","","","","","","","","","","","","",0.0642722025513649,0.07131817936897278,"PRUNED"
94,0.07372727990150452,"2025-05-16 15:10:53.150653","2025-05-16 15:10:54.174910","0 days 00:00:01.024257",112,176.0,16.0,128.0,"",112,"","","","","max",0.006760613451625691,4,1,"","","","","","","","","","","","","","","","","","","","","","","","","","","","","","","","","","","","","","","","","","",0.11803250014781952,46.640743255615234,0.6721935868263245,0.7758274078369141,0.7605619430541992,0.23511099815368652,0.2170359194278717,2836.406005859375,0.470294326543808,0.5173510313034058,0.7542439103126526,-0.12205684185028076,0.12280619144439697,94.63911437988281,0.6193678975105286,0.7096630930900574,0.784794807434082,0.15300709009170532,0.11846359819173813,59.28398895263672,0.7235759496688843,0.7234852313995361,0.765103280544281,0.21591919660568237,"","","","","","","","","","","","","","","","","","","","","","","","","","","","","","","",0.07218706607818604,0.07372727990150452,"PRUNED"
95,0.07339546829462051,"2025-05-16 15:10:54.175190","2025-05-16 15:10:55.301792","0 days 00:00:01.126602",96,224.0,48.0,112.0,"",256,"","","","","max",0.004105139895394768,4,1,"","","","","","","","","","","","","","","","","","","","","","","","","","","","","","","","","","","","","","","","","","",0.09754271805286407,41.18879318237305,0.8858829140663147,0.8505923748016357,0.8592680096626282,0.3798433542251587,0.20370180904865265,3128.244140625,0.5063833594322205,0.5194944143295288,0.7724999785423279,0.037240684032440186,0.14584872126579285,100.67736053466797,0.2473786622285843,0.513576865196228,0.6191954612731934,-0.21321618556976318,0.1056748628616333,53.19174575805664,0.8165708184242249,0.8368868231773376,0.8230358958244324,0.32340723276138306,"","","","","","","","","","","","","","","","","","","","","","","","","","","","","","","",0.059135448187589645,0.07339546829462051,"PRUNED"
96,0.1300087720155716,"2025-05-16 15:10:55.302078","2025-05-16 15:10:55.751984","0 days 00:00:00.449906",64,32.0,112.0,208.0,"",160,"","","","","max",0.09653464968722315,4,1,"","","","","","","","","","","","","","","","","","","","","","","","","","","","","","","","","","","","","","","","","","",0.19631704688072205,69.50487518310547,0.3079359233379364,0.3392367362976074,0.38500848412513733,-0.9045681953430176,"","","","","","","","","","","","","","","","","","","","","","","","","","","","","","","","","","","","","","","","","","","","","","","","","",0.1300087720155716,"","PRUNED"
97,0.07253625988960266,"2025-05-16 15:10:55.752285","2025-05-16 15:10:56.146170","0 days 00:00:00.393885",128,96.0,32.0,"","",144,"","","","","mean",0.002724148750593068,3,1,"","","","","","","","","","","","","","","","","","","","","","","","","","","","","","","","","","","","","","","","","","",0.13486237823963165,57.83445739746094,0.6628949642181396,0.6636419296264648,0.7296757102012634,-0.01394963264465332,"","","","","","","","","","","","","","","","","","","","","","","","","","","","","","","","","","","","","","","","","","","","","","","","","",0.07253625988960266,"","PRUNED"
98,0.07370121777057648,"2025-05-16 15:10:56.146455","2025-05-16 15:10:56.583038","0 days 00:00:00.436583",160,192.0,64.0,"","",128,"","","","","max",0.0017321214718088811,3,1,"","","","","","","","","","","","","","","","","","","","","","","","","","","","","","","","","","","","","","","","","","",0.11319457739591599,44.53768539428711,0.7748461365699768,0.7739629745483398,0.78629469871521,0.24534201622009277,"","","","","","","","","","","","","","","","","","","","","","","","","","","","","","","","","","","","","","","","","","","","","","","","","",0.07370121777057648,"","PRUNED"
99,0.07083839178085327,"2025-05-16 15:10:56.583309","2025-05-16 15:10:57.664884","0 days 00:00:01.081575",176,16.0,96.0,160.0,80.0,112,"","","","","add",0.0033334470390305546,5,1,"","","","","","","","","","","","","","","","","","","","","","","","","","","","","","","","","","","","","","","","","","",0.10406234860420227,42.71510696411133,0.7782371640205383,0.7683022022247314,0.812428891658783,0.3138788342475891,0.22458192706108093,3882.484375,0.5248018503189087,0.5153185129165649,0.7854334115982056,-0.17540836334228516,0.11317762732505798,54.967803955078125,0.8981688618659973,0.8762350678443909,0.8730756044387817,0.28798216581344604,0.1189977377653122,60.948326110839844,0.6606419682502747,0.7579941153526306,0.7448432445526123,0.22267937660217285,"","","","","","","","","","","","","","","","","","","","","","","","","","","","","","","",0.07085549086332321,0.07083839178085327,"PRUNED"
