"number","value","datetime_start","datetime_complete","duration","params_decoder_layer_width_0","params_decoder_layer_width_1","params_decoder_layer_width_2","params_decoder_layer_width_3","params_decoder_layer_width_4","params_encoder_layer_width_0","params_encoder_layer_width_1","params_encoder_layer_width_2","params_encoder_layer_width_3","params_encoder_layer_width_4","params_lr","params_n_decoder_layers","params_n_encoder_layers","user_attrs_avg_mae","user_attrs_avg_mape","user_attrs_avg_ndcg10","user_attrs_avg_ndcg20","user_attrs_avg_ndcg50","user_attrs_avg_r2","user_attrs_fold10_mae","user_attrs_fold10_mape","user_attrs_fold10_ndcg10","user_attrs_fold10_ndcg20","user_attrs_fold10_ndcg50","user_attrs_fold10_r2","user_attrs_fold11_mae","user_attrs_fold11_mape","user_attrs_fold11_ndcg10","user_attrs_fold11_ndcg20","user_attrs_fold11_ndcg50","user_attrs_fold11_r2","user_attrs_fold12_mae","user_attrs_fold12_mape","user_attrs_fold12_ndcg10","user_attrs_fold12_ndcg20","user_attrs_fold12_ndcg50","user_attrs_fold12_r2","user_attrs_fold13_mae","user_attrs_fold13_mape","user_attrs_fold13_ndcg10","user_attrs_fold13_ndcg20","user_attrs_fold13_ndcg50","user_attrs_fold13_r2","user_attrs_fold14_mae","user_attrs_fold14_mape","user_attrs_fold14_ndcg10","user_attrs_fold14_ndcg20","user_attrs_fold14_ndcg50","user_attrs_fold14_r2","user_attrs_fold15_mae","user_attrs_fold15_mape","user_attrs_fold15_ndcg10","user_attrs_fold15_ndcg20","user_attrs_fold15_ndcg50","user_attrs_fold15_r2","user_attrs_fold16_mae","user_attrs_fold16_mape","user_attrs_fold16_ndcg10","user_attrs_fold16_ndcg20","user_attrs_fold16_ndcg50","user_attrs_fold16_r2","user_attrs_fold17_mae","user_attrs_fold17_mape","user_attrs_fold17_ndcg10","user_attrs_fold17_ndcg20","user_attrs_fold17_ndcg50","user_attrs_fold17_r2","user_attrs_fold1_mae","user_attrs_fold1_mape","user_attrs_fold1_ndcg10","user_attrs_fold1_ndcg20","user_attrs_fold1_ndcg50","user_attrs_fold1_r2","user_attrs_fold2_mae","user_attrs_fold2_mape","user_attrs_fold2_ndcg10","user_attrs_fold2_ndcg20","user_attrs_fold2_ndcg50","user_attrs_fold2_r2","user_attrs_fold3_mae","user_attrs_fold3_mape","user_attrs_fold3_ndcg10","user_attrs_fold3_ndcg20","user_attrs_fold3_ndcg50","user_attrs_fold3_r2","user_attrs_fold4_mae","user_attrs_fold4_mape","user_attrs_fold4_ndcg10","user_attrs_fold4_ndcg20","user_attrs_fold4_ndcg50","user_attrs_fold4_r2","user_attrs_fold5_mae","user_attrs_fold5_mape","user_attrs_fold5_ndcg10","user_attrs_fold5_ndcg20","user_attrs_fold5_ndcg50","user_attrs_fold5_r2","user_attrs_fold6_mae","user_attrs_fold6_mape","user_attrs_fold6_ndcg10","user_attrs_fold6_ndcg20","user_attrs_fold6_ndcg50","user_attrs_fold6_r2","user_attrs_fold7_mae","user_attrs_fold7_mape","user_attrs_fold7_ndcg10","user_attrs_fold7_ndcg20","user_attrs_fold7_ndcg50","user_attrs_fold7_r2","user_attrs_fold8_mae","user_attrs_fold8_mape","user_attrs_fold8_ndcg10","user_attrs_fold8_ndcg20","user_attrs_fold8_ndcg50","user_attrs_fold8_r2","user_attrs_fold9_mae","user_attrs_fold9_mape","user_attrs_fold9_ndcg10","user_attrs_fold9_ndcg20","user_attrs_fold9_ndcg50","user_attrs_fold9_r2","user_attrs_pca_components","system_attrs_completed_rung_0","system_attrs_completed_rung_1","system_attrs_completed_rung_2","state"
0,0.1548517412122558,"2025-05-16 21:03:14.520873","2025-05-16 21:03:19.731147","0 days 00:00:05.210274",208,48.0,224.0,"","",96,128.0,"","","",0.008243996439762587,3,2,0.1548517412122558,1397.190025105196,0.4220689066192683,0.4358576338957338,0.4660412301035488,-0.1855926794164321,0.1402941644191742,606.5560302734375,0.29064279794692993,0.32630449533462524,0.4506009519100189,0.020249664783477783,0.24817006289958954,5800.7060546875,0.8185750246047974,0.7429955005645752,0.7032746076583862,-0.31188511848449707,0.19549773633480072,244.9167022705078,0.9864055514335632,0.9425066709518433,0.7929033041000366,-0.1506345272064209,0.18835243582725525,63.640342712402344,0.32243213057518005,0.347100168466568,0.31951263546943665,-0.4924262762069702,0.122034952044487,237.83938598632812,0.27508774399757385,0.2312612384557724,0.2593439817428589,0.008828461170196533,0.11882723867893219,94.24406433105469,0.10544905811548233,0.12157665938138962,0.14041969180107117,-0.1503152847290039,0.23940955102443695,188.88320922851562,0.24521106481552124,0.34417128562927246,0.32437562942504883,-0.3305257558822632,0.10188714414834976,136.78683471679688,0.22211962938308716,0.24619553983211517,0.2519325315952301,-0.05842769145965576,0.16569967567920685,58.476932525634766,0.38612279295921326,0.4868279993534088,0.6322813630104065,-0.4514530897140503,0.19933757185935974,1539.734130859375,0.7250641584396362,0.7370055913925171,0.8601834177970886,-0.054678916931152344,0.19043229520320892,87.66039276123047,0.28797298669815063,0.42850667238235474,0.49922439455986023,-0.9812695980072021,0.13522832095623016,57.317291259765625,0.4989953935146332,0.5340767502784729,0.6762701272964478,-0.09179925918579102,0.08273153007030487,11315.2509765625,0.30088576674461365,0.4462890625,0.46863946318626404,-0.06152224540710449,0.10668376833200455,451.835205078125,0.3080030381679535,0.25634294748306274,0.2506653070449829,-0.275185227394104,0.15539796650409698,592.702392578125,0.4457850456237793,0.441689133644104,0.5412579774856567,0.10088580846786499,0.09811235219240189,1596.301513671875,0.5006039142608643,0.3878203332424164,0.3508015275001526,0.04872530698776245,0.14438283443450928,679.3789672851562,0.45581531524658203,0.3889097273349762,0.4010140001773834,0.07635819911956787,5.0,"","","","COMPLETE"
1,0.14900780030909708,"2025-05-16 21:03:19.731618","2025-05-16 21:03:26.087182","0 days 00:00:06.355564",32,"","","","",192,240.0,144.0,208.0,"",0.01207910576299077,1,4,0.14900780030909708,1584.0392826304717,0.3735852557070115,0.40179703143589635,0.4491902015664998,-0.26237621026880603,0.13937149941921234,584.4539184570312,0.2776123881340027,0.2891646921634674,0.5357135534286499,0.008480370044708252,0.14183543622493744,2056.564453125,0.07792391628026962,0.3131357729434967,0.3562777042388916,0.0022411346435546875,0.19553890824317932,208.94580078125,0.03504239395260811,0.05061845853924751,0.08311937004327774,-0.22048509120941162,0.18719607591629028,62.61323547363281,0.5175718665122986,0.4679252803325653,0.39168334007263184,-0.4687967300415039,0.1253669261932373,252.521484375,0.04570164158940315,0.06926030665636063,0.15651920437812805,-0.0005519390106201172,0.12120867520570755,80.91415405273438,0.3035666048526764,0.3504992723464966,0.3814309537410736,-0.24787962436676025,0.2381800413131714,148.78501892089844,0.9655141234397888,0.9497755765914917,0.844262421131134,-0.37093281745910645,0.11355531215667725,74.87557220458984,0.16633036732673645,0.3710179030895233,0.43047839403152466,-0.4078465700149536,0.14024879038333893,49.497928619384766,0.6858863234519958,0.6507647633552551,0.6744754910469055,-0.17750513553619385,0.21215684711933136,1105.6302490234375,0.41602110862731934,0.45632630586624146,0.6791827082633972,-0.38381707668304443,0.1773405522108078,80.2396469116211,0.7590088844299316,0.7410425543785095,0.7121214270591736,-0.7509033679962158,0.1344122737646103,55.084686279296875,0.13057634234428406,0.20498906075954437,0.2876683175563812,-0.2088536024093628,0.08664803206920624,19887.9296875,0.6404684782028198,0.569110095500946,0.5564019680023193,-0.13546884059906006,0.15393193066120148,478.7248229980469,0.3432731628417969,0.3063192665576935,0.34153178334236145,-1.0798556804656982,0.15078817307949066,387.94451904296875,0.4497254192829132,0.38719823956489563,0.4605458378791809,-0.05977976322174072,0.08030256628990173,843.6939086914062,0.08880898356437683,0.23276092112064362,0.25211605429649353,-0.015579938888549805,0.13505056500434875,570.2487182617188,0.4479173421859741,0.42064106464385986,0.4927048981189728,0.05713909864425659,5.0,0.1177671030163765,0.11627074331045151,0.13054127991199493,"COMPLETE"
2,0.14893639175330892,"2025-05-16 21:03:26.087630","2025-05-16 21:03:33.176723","0 days 00:00:07.089093",32,208.0,16.0,112.0,"",112,192.0,80.0,64.0,"",0.001264665596505203,4,4,0.14893639175330892,1857.2511827805463,0.3287700342343134,0.36371676569037575,0.4124739139395602,-0.23992374364067526,0.13333062827587128,518.60107421875,0.31188902258872986,0.3429405689239502,0.5067874789237976,0.0075321197509765625,0.16554634273052216,2900.84130859375,0.03060993179678917,0.28969910740852356,0.3221264183521271,-0.012840628623962402,0.1963369995355606,250.46458435058594,0.12292557209730148,0.16947001218795776,0.22361545264720917,-0.15507149696350098,0.1852550357580185,63.273990631103516,0.2466667741537094,0.35883185267448425,0.3254883885383606,-0.4453645944595337,0.11563234776258469,186.00042724609375,0.3384231626987457,0.31363430619239807,0.3087584376335144,-0.05131709575653076,0.11910181492567062,89.55152130126953,0.4923677444458008,0.43911877274513245,0.4256192743778229,-0.18079280853271484,0.23675097525119781,176.46337890625,0.2679806649684906,0.33379822969436646,0.2825370132923126,-0.32205772399902344,0.10624205321073532,168.47198486328125,0.4489246904850006,0.3750772774219513,0.33621692657470703,-0.017072081565856934,0.1647525131702423,54.299949645996094,0.38426974415779114,0.36287233233451843,0.6007916331291199,-0.5468230247497559,0.22212721407413483,697.0479736328125,0.30660781264305115,0.3673427700996399,0.629822850227356,-0.49623048305511475,0.16593167185783386,67.16725158691406,0.7595598697662354,0.7423845529556274,0.7522327899932861,-0.7199331521987915,0.1367940604686737,47.716827392578125,0.3553861677646637,0.5159260034561157,0.6060971617698669,-0.271274209022522,0.08628023415803909,24197.6171875,0.628332793712616,0.5883937478065491,0.5336713194847107,-0.0861591100692749,0.10342393815517426,233.0753631591797,0.1591448336839676,0.22844582796096802,0.3377998173236847,-0.34308040142059326,0.15462709963321686,424.9845886230469,0.1824994534254074,0.27726033329963684,0.32185396552085876,-0.06550312042236328,0.0990239679813385,1386.1849365234375,0.016155265271663666,0.02362135611474514,0.07950180023908615,-0.006507277488708496,0.14076176285743713,111.50775909423828,0.5373470783233643,0.4543679654598236,0.41913580894470215,-0.366208553314209,5.0,0.11401132494211197,0.11622732132673264,0.11550857126712799,"COMPLETE"
3,0.1143985167145729,"2025-05-16 21:03:33.177158","2025-05-16 21:03:33.830605","0 days 00:00:00.653447",224,128.0,224.0,160.0,48.0,128,160.0,"","","",0.013833659818743675,5,2,"","","","","","","","","","","","","","","","","","","","","","","","","","","","","","","","","","","","","","","","","","","","","","","","","","","","","","",0.16816480457782745,58.68982696533203,0.3282499313354492,0.3969933092594147,0.581527054309845,-0.5302432775497437,"","","","","","","","","","","","","","","","","","","","","","","","","","","","","","","","","","","","","","","","","","","","","","","","","",0.1143985167145729,"","","PRUNED"
4,0.14890595043406768,"2025-05-16 21:03:33.830875","2025-05-16 21:03:38.364608","0 days 00:00:04.533733",224,192.0,224.0,208.0,"",160,"","","","",0.0068638761645429544,4,1,0.14890595043406768,1697.8636207580566,0.533519743996508,0.5038373391417896,0.5078914174262215,-0.06422497945673325,0.12228766828775406,439.1537780761719,0.4201783537864685,0.5448756814002991,0.5687754154205322,0.12000763416290283,0.18657468259334564,4420.197265625,0.8022161722183228,0.7858728766441345,0.7702826857566833,-0.0020335912704467773,0.20030859112739563,299.5995178222656,0.2069225013256073,0.17913861572742462,0.1758861094713211,-0.09130549430847168,0.1849891096353531,67.53539276123047,0.22765320539474487,0.20161926746368408,0.2988331615924835,-0.3925899267196655,0.137616828083992,260.39764404296875,0.06283264607191086,0.08653394877910614,0.10972563922405243,-0.14958059787750244,0.11682797968387604,79.76039123535156,0.26240283250808716,0.2411307692527771,0.2926626205444336,-0.11800515651702881,0.23238317668437958,167.92813110351562,0.9447472095489502,0.938340425491333,0.7477798461914062,-0.2560940980911255,0.15173116326332092,305.46990966796875,0.12262699007987976,0.14015106856822968,0.1708124876022339,-0.3259223699569702,0.13689810037612915,58.54774856567383,0.8763611912727356,0.7615985870361328,0.8119037747383118,0.10302531719207764,0.18428291380405426,870.750732421875,0.6999335885047913,0.7794052362442017,0.881051242351532,0.015257298946380615,0.15916214883327484,93.06745910644531,0.7805145382881165,0.7476790547370911,0.7309169769287109,-0.21230721473693848,0.1638016700744629,102.9175033569336,0.9083162546157837,0.7667791843414307,0.7921245694160461,-0.09371984004974365,0.09155113250017166,19491.076171875,0.6792503595352173,0.5783672332763672,0.5258217453956604,0.06453472375869751,0.10556931048631668,713.4840698242188,0.6303861737251282,0.5622563362121582,0.5676983594894409,-0.035372138023376465,0.15411241352558136,451.9802551269531,0.5732954144477844,0.4525524973869324,0.38665205240249634,0.01789635419845581,0.07971789687871933,732.5588989257812,0.10164516419172287,0.19827717542648315,0.20210431516170502,0.043562352657318115,0.12358637154102325,309.2566833496094,0.7705530524253845,0.6006568074226379,0.6011230945587158,0.22082209587097168,5.0,0.10368432104587555,0.10461962968111038,0.1033795028924942,"COMPLETE"
5,0.12877938151359558,"2025-05-16 21:03:38.365003","2025-05-16 21:03:39.075741","0 days 00:00:00.710738",256,112.0,16.0,144.0,"",240,128.0,64.0,"","",0.03392686743730657,4,3,"","","","","","","","","","","","","","","","","","","","","","","","","","","","","","","","","","","","","","","","","","","","","","","","","","","","","","",0.17059145867824554,57.42790222167969,0.16381923854351044,0.31352198123931885,0.5454349517822266,-0.5891185998916626,"","","","","","","","","","","","","","","","","","","","","","","","","","","","","","","","","","","","","","","","","","","","","","","","","",0.12877938151359558,"","","PRUNED"
6,0.11376727372407913,"2025-05-16 21:03:39.076007","2025-05-16 21:03:40.017454","0 days 00:00:00.941447",144,240.0,256.0,112.0,48.0,112,192.0,16.0,192.0,"",0.005061408135888721,5,4,"","","","","","","","","","","","","","","","","","","","","","","","","","","","","","","","","","","","","","","","","","","","","","","","","","","","","","",0.12692926824092865,39.16997146606445,0.7956206202507019,0.7211862206459045,0.7363951802253723,-0.20152032375335693,"","","","","","","","","","","","","","","","","","","","","","","","","","","","","","","","","","","","","","","","","","","","","","","","","",0.11376727372407913,"","","PRUNED"
7,0.13663212954998016,"2025-05-16 21:03:40.017767","2025-05-16 21:03:40.995252","0 days 00:00:00.977485",64,256.0,112.0,128.0,"",128,80.0,64.0,128.0,240.0,0.078617740847525,4,5,"","","","","","","","","","","","","","","","","","","","","","","","","","","","","","","","","","","","","","","","","","","","","","","","","","","","","","",0.2747129499912262,119.98731994628906,0.14992178976535797,0.1585555076599121,0.2409653514623642,-1.7839717864990234,"","","","","","","","","","","","","","","","","","","","","","","","","","","","","","","","","","","","","","","","","","","","","","","","","",0.13663212954998016,"","","PRUNED"
8,0.1242263913154602,"2025-05-16 21:03:40.995529","2025-05-16 21:03:41.875683","0 days 00:00:00.880154",16,192.0,32.0,208.0,"",160,256.0,192.0,160.0,"",0.00012142862046499143,4,4,"","","","","","","","","","","","","","","","","","","","","","","","","","","","","","","","","","","","","","","","","","","","","","","","","","","","","","",0.1552068442106247,47.75634002685547,0.2683021128177643,0.2834987938404083,0.5627574920654297,-0.5055702924728394,"","","","","","","","","","","","","","","","","","","","","","","","","","","","","","","","","","","","","","","","","","","","","","","","","",0.1242263913154602,"","","PRUNED"
9,0.11760248243808746,"2025-05-16 21:03:41.875953","2025-05-16 21:03:42.839220","0 days 00:00:00.963267",144,32.0,"","","",112,"","","","",0.0014500725345525049,2,1,"","","","","","","","","","","","","","","","","","","","","","","","","","","","","","","","","","","","","","","","","","","","","","","","","","","","","","",0.15894201397895813,59.145755767822266,0.9017716646194458,0.7558315992355347,0.767325222492218,-0.24148333072662354,0.20381908118724823,1268.90869140625,0.7300513982772827,0.6984575390815735,0.8714074492454529,-0.16305792331695557,0.15624049305915833,71.3809814453125,0.8286429643630981,0.745035707950592,0.7554104924201965,-0.36971402168273926,0.13599567115306854,56.52996826171875,0.9285594820976257,0.8202045559883118,0.8573639988899231,-0.02313971519470215,"","","","","","","","","","","","","","","","","","","","","","","","","","","","","","","",0.11032215505838394,0.11760248243808746,"","PRUNED"
10,0.11397034674882889,"2025-05-16 21:03:42.839497","2025-05-16 21:03:43.220564","0 days 00:00:00.381067",192,176.0,"","","",16,"","","","",0.0002954346525863667,2,1,"","","","","","","","","","","","","","","","","","","","","","","","","","","","","","","","","","","","","","","","","","","","","","","","","","","","","","",0.16605938971042633,60.77468490600586,0.7394388914108276,0.6931671500205994,0.7307711839675903,-0.3769763708114624,"","","","","","","","","","","","","","","","","","","","","","","","","","","","","","","","","","","","","","","","","","","","","","","","","",0.11397034674882889,"","","PRUNED"
11,0.11362740397453308,"2025-05-16 21:03:43.220846","2025-05-16 21:03:43.942799","0 days 00:00:00.721953",80,192.0,144.0,"","",64,16.0,224.0,"","",0.0014791170828222062,3,3,"","","","","","","","","","","","","","","","","","","","","","","","","","","","","","","","","","","","","","","","","","","","","","","","","","","","","","",0.15071123838424683,49.698272705078125,0.8294721841812134,0.7309165596961975,0.7429024577140808,-0.3121150732040405,"","","","","","","","","","","","","","","","","","","","","","","","","","","","","","","","","","","","","","","","","","","","","","","","","",0.11362740397453308,"","","PRUNED"
12,0.11832033097743988,"2025-05-16 21:03:43.943105","2025-05-16 21:03:46.432899","0 days 00:00:02.489794",96,224.0,144.0,16.0,"",192,208.0,112.0,16.0,16.0,0.0014394639691587832,4,5,"","","","","","","","","","","","","","","","","","","","","","","","","","","","","","","","","","","","","","","","","","","","","","","","","","","","","","",0.16854961216449738,59.506778717041016,0.7670159339904785,0.689713716506958,0.7261216640472412,-0.4831271171569824,0.2217850387096405,1099.07275390625,0.35807687044143677,0.4814563989639282,0.692746639251709,-0.4592653512954712,0.17549213767051697,75.38396453857422,0.7728471755981445,0.7349333167076111,0.7190988063812256,-0.802655816078186,0.12973585724830627,53.149898529052734,0.4458138346672058,0.5085366368293762,0.6680841445922852,-0.11974751949310303,"","","","","","","","","","","","","","","","","","","","","","","","","","","","","","","",0.11310992389917374,0.11832033097743988,"","PRUNED"
13,0.11405331641435623,"2025-05-16 21:03:46.433199","2025-05-16 21:03:47.276285","0 days 00:00:00.843086",176,160.0,80.0,256.0,240.0,176,80.0,144.0,"","",0.000452438736539465,5,3,"","","","","","","","","","","","","","","","","","","","","","","","","","","","","","","","","","","","","","","","","","","","","","","","","","","","","","",0.15898974239826202,53.94837188720703,0.4130419194698334,0.5027493238449097,0.6482552289962769,-0.43988144397735596,"","","","","","","","","","","","","","","","","","","","","","","","","","","","","","","","","","","","","","","","","","","","","","","","","",0.11405331641435623,"","","PRUNED"
14,0.1133425384759903,"2025-05-16 21:03:47.276576","2025-05-16 21:03:48.724009","0 days 00:00:01.447433",112,96.0,192.0,"","",240,176.0,"","","",0.002669235881245876,3,2,"","","","","","","","","","","","","","","","","","","","","","","","","","","","","","","","","","","","","","","","","","","","","","","","","","","","","","",0.1312042474746704,56.513214111328125,0.8040131330490112,0.751649796962738,0.7718304395675659,0.2004297375679016,0.18939480185508728,1245.78857421875,0.6371233463287354,0.757326602935791,0.8655035495758057,-0.02223038673400879,0.14687296748161316,93.43927001953125,0.7877132892608643,0.7709115743637085,0.7901224493980408,-0.04597437381744385,0.1378898322582245,60.593074798583984,0.6031814217567444,0.6127795577049255,0.6922779083251953,-0.09459817409515381,"","","","","","","","","","","","","","","","","","","","","","","","","","","","","","","",0.11076374351978302,0.1133425384759903,"","PRUNED"
15,0.11511821299791336,"2025-05-16 21:03:48.724276","2025-05-16 21:03:49.199660","0 days 00:00:00.475384",256,208.0,64.0,64.0,"",64,"","","","",0.0005365076140925555,4,1,"","","","","","","","","","","","","","","","","","","","","","","","","","","","","","","","","","","","","","","","","","","","","","","","","","","","","","",0.16251984238624573,59.486080169677734,0.8607533574104309,0.7461234927177429,0.74463951587677,-0.3589324951171875,"","","","","","","","","","","","","","","","","","","","","","","","","","","","","","","","","","","","","","","","","","","","","","","","","",0.11511821299791336,"","","PRUNED"
16,0.11748499423265457,"2025-05-16 21:03:49.199919","2025-05-16 21:03:50.058748","0 days 00:00:00.858829",48,160.0,192.0,"","",160,224.0,256.0,48.0,"",0.029404376343711642,3,4,"","","","","","","","","","","","","","","","","","","","","","","","","","","","","","","","","","","","","","","","","","","","","","","","","","","","","","",0.1307966411113739,38.154869079589844,0.8572670221328735,0.7965456247329712,0.7950082421302795,-0.28492462635040283,"","","","","","","","","","","","","","","","","","","","","","","","","","","","","","","","","","","","","","","","","","","","","","","","","",0.11748499423265457,"","","PRUNED"
17,0.11056698113679886,"2025-05-16 21:03:50.059048","2025-05-16 21:03:51.743304","0 days 00:00:01.684256",160,224.0,"","","",80,80.0,80.0,"","",0.0031532573155310085,2,3,"","","","","","","","","","","","","","","","","","","","","","","","","","","","","","","","","","","","","","","","","","","","","","","","","","","","","","",0.12650981545448303,49.03193283081055,0.8399212956428528,0.7543006539344788,0.7378817796707153,0.11852973699569702,0.21596075594425201,1110.534912109375,0.499530553817749,0.5213905572891235,0.7912381887435913,-0.39654624462127686,0.1289369910955429,61.13203811645508,0.7940579056739807,0.7422125339508057,0.7697377800941467,-0.07838547229766846,0.13417309522628784,53.77212142944336,0.6088645458221436,0.6701065301895142,0.7029089331626892,-0.09675037860870361,"","","","","","","","","","","","","","","","","","","","","","","","","","","","","","","",0.11046270281076431,0.11056698113679886,"","PRUNED"
18,0.11440761387348175,"2025-05-16 21:03:51.743604","2025-05-16 21:03:52.398792","0 days 00:00:00.655188",112,80.0,112.0,208.0,240.0,32,32.0,"","","",0.0007668179393958251,5,2,"","","","","","","","","","","","","","","","","","","","","","","","","","","","","","","","","","","","","","","","","","","","","","","","","","","","","","",0.1572708934545517,57.42763900756836,0.8045915365219116,0.7030722498893738,0.7484537363052368,-0.27968859672546387,"","","","","","","","","","","","","","","","","","","","","","","","","","","","","","","","","","","","","","","","","","","","","","","","","",0.11440761387348175,"","","PRUNED"
19,0.121114082634449,"2025-05-16 21:03:52.399057","2025-05-16 21:03:53.461843","0 days 00:00:01.062786",224,144.0,176.0,80.0,"",224,160.0,16.0,96.0,80.0,0.0001844063738069681,4,5,"","","","","","","","","","","","","","","","","","","","","","","","","","","","","","","","","","","","","","","","","","","","","","","","","","","","","","",0.15512308478355408,47.67716979980469,0.3626427948474884,0.34381407499313354,0.5207840204238892,-0.5146420001983643,"","","","","","","","","","","","","","","","","","","","","","","","","","","","","","","","","","","","","","","","","","","","","","","","","",0.121114082634449,"","","PRUNED"
20,0.11500126868486404,"2025-05-16 21:03:53.462119","2025-05-16 21:03:54.291427","0 days 00:00:00.829308",16,"","","","",144,112.0,176.0,256.0,"",0.0054383377867465695,1,4,"","","","","","","","","","","","","","","","","","","","","","","","","","","","","","","","","","","","","","","","","","","","","","","","","","","","","","",0.1448199301958084,47.44498825073242,0.7241998910903931,0.6867952942848206,0.6883665323257446,-0.2835952043533325,"","","","","","","","","","","","","","","","","","","","","","","","","","","","","","","","","","","","","","","","","","","","","","","","","",0.11500126868486404,"","","PRUNED"
21,0.11781352758407593,"2025-05-16 21:03:54.291694","2025-05-16 21:03:55.139367","0 days 00:00:00.847673",48,"","","","",192,256.0,128.0,224.0,"",0.014785570289431275,1,4,"","","","","","","","","","","","","","","","","","","","","","","","","","","","","","","","","","","","","","","","","","","","","","","","","","","","","","",0.1539696455001831,49.318389892578125,0.36442309617996216,0.40286943316459656,0.6182222366333008,-0.44672274589538574,"","","","","","","","","","","","","","","","","","","","","","","","","","","","","","","","","","","","","","","","","","","","","","","","","",0.11781352758407593,"","","PRUNED"
22,0.11594285070896149,"2025-05-16 21:03:55.139653","2025-05-16 21:03:55.979457","0 days 00:00:00.839804",32,"","","","",208,224.0,96.0,80.0,"",0.012012657925747133,1,4,"","","","","","","","","","","","","","","","","","","","","","","","","","","","","","","","","","","","","","","","","","","","","","","","","","","","","","",0.15465141832828522,49.71955871582031,0.4132612943649292,0.3604865074157715,0.4799613952636719,-0.4546980857849121,"","","","","","","","","","","","","","","","","","","","","","","","","","","","","","","","","","","","","","","","","","","","","","","","","",0.11594285070896149,"","","PRUNED"
23,0.12923479080200195,"2025-05-16 21:03:55.979723","2025-05-16 21:03:57.114624","0 days 00:00:01.134901",80,256.0,256.0,"","",176,240.0,160.0,160.0,256.0,0.0438278305797296,3,5,"","","","","","","","","","","","","","","","","","","","","","","","","","","","","","","","","","","","","","","","","","","","","","","","","","","","","","",0.1894836127758026,65.06414794921875,0.3079359233379364,0.3392367362976074,0.38500848412513733,-0.8426914215087891,"","","","","","","","","","","","","","","","","","","","","","","","","","","","","","","","","","","","","","","","","","","","","","","","","",0.12923479080200195,"","","PRUNED"
24,0.11376485973596573,"2025-05-16 21:03:57.114908","2025-05-16 21:03:57.955545","0 days 00:00:00.840637",48,208.0,"","","",256,192.0,48.0,112.0,"",0.00528163727681691,2,4,"","","","","","","","","","","","","","","","","","","","","","","","","","","","","","","","","","","","","","","","","","","","","","","","","","","","","","",0.1472654938697815,48.369110107421875,0.44869983196258545,0.536885678768158,0.6096092462539673,-0.3515819311141968,"","","","","","","","","","","","","","","","","","","","","","","","","","","","","","","","","","","","","","","","","","","","","","","","","",0.11376485973596573,"","","PRUNED"
25,0.11548936367034912,"2025-05-16 21:03:57.955822","2025-05-16 21:03:58.679148","0 days 00:00:00.723326",128,176.0,64.0,176.0,"",144,224.0,112.0,"","",0.020313037295403003,4,3,"","","","","","","","","","","","","","","","","","","","","","","","","","","","","","","","","","","","","","","","","","","","","","","","","","","","","","",0.1268490105867386,40.398189544677734,0.6247285604476929,0.6745254993438721,0.7145316004753113,-0.14480698108673096,"","","","","","","","","","","","","","","","","","","","","","","","","","","","","","","","","","","","","","","","","","","","","","","","","",0.11548936367034912,"","","PRUNED"
26,0.11371654272079468,"2025-05-16 21:03:58.679410","2025-05-16 21:03:59.634141","0 days 00:00:00.954731",16,144.0,112.0,"","",208,160.0,208.0,208.0,144.0,0.0024262695271058117,3,5,"","","","","","","","","","","","","","","","","","","","","","","","","","","","","","","","","","","","","","","","","","","","","","","","","","","","","","",0.15162095427513123,50.919090270996094,0.5730100274085999,0.5086914896965027,0.5423586964607239,-0.4141230583190918,"","","","","","","","","","","","","","","","","","","","","","","","","","","","","","","","","","","","","","","","","","","","","","","","","",0.11371654272079468,"","","PRUNED"
27,0.11424633860588074,"2025-05-16 21:03:59.634439","2025-05-16 21:04:00.548419","0 days 00:00:00.913980",80,224.0,160.0,256.0,144.0,160,192.0,160.0,64.0,"",0.008499853289291644,5,4,"","","","","","","","","","","","","","","","","","","","","","","","","","","","","","","","","","","","","","","","","","","","","","","","","","","","","","",0.1522771418094635,48.817935943603516,0.5841618776321411,0.5643278956413269,0.6371159553527832,-0.42219507694244385,"","","","","","","","","","","","","","","","","","","","","","","","","","","","","","","","","","","","","","","","","","","","","","","","","",0.11424633860588074,"","","PRUNED"
28,0.11498493701219559,"2025-05-16 21:04:00.548692","2025-05-16 21:04:01.229711","0 days 00:00:00.681019",176,192.0,224.0,192.0,"",112,256.0,"","","",0.0009376579531211909,4,2,"","","","","","","","","","","","","","","","","","","","","","","","","","","","","","","","","","","","","","","","","","","","","","","","","","","","","","",0.1696002185344696,60.85711669921875,0.5712374448776245,0.5868549346923828,0.6769914627075195,-0.4894977807998657,"","","","","","","","","","","","","","","","","","","","","","","","","","","","","","","","","","","","","","","","","","","","","","","","","",0.11498493701219559,"","","PRUNED"
29,0.11528820544481277,"2025-05-16 21:04:01.229973","2025-05-16 21:04:02.845205","0 days 00:00:01.615232",208,64.0,"","","",96,208.0,128.0,"","",0.00739148461677472,2,3,"","","","","","","","","","","","","","","","","","","","","","","","","","","","","","","","","","","","","","","","","","","","","","","","","","","","","","",0.14992187917232513,49.49767303466797,0.3557259738445282,0.396855890750885,0.5584651827812195,-0.3512610197067261,0.22330012917518616,553.5014038085938,0.6302192807197571,0.7201021313667297,0.8554717898368835,-0.4779278039932251,0.16826556622982025,72.51553344726562,0.803543746471405,0.7553355097770691,0.7840104103088379,-0.664482831954956,0.12414294481277466,57.387142181396484,0.8679746985435486,0.7495513558387756,0.7768124341964722,0.10673773288726807,"","","","","","","","","","","","","","","","","","","","","","","","","","","","","","","",0.11361462622880936,0.11528820544481277,"","PRUNED"
30,0.12877297401428223,"2025-05-16 21:04:02.845474","2025-05-16 21:04:03.227890","0 days 00:00:00.382416",32,112.0,48.0,"","",176,"","","","",0.09903715549966995,3,1,"","","","","","","","","","","","","","","","","","","","","","","","","","","","","","","","","","","","","","","","","","","","","","","","","","","","","","",0.19201472401618958,66.70901489257812,0.3079359233379364,0.3392367362976074,0.38500848412513733,-0.8653552532196045,"","","","","","","","","","","","","","","","","","","","","","","","","","","","","","","","","","","","","","","","","","","","","","","","","",0.12877297401428223,"","","PRUNED"
31,0.1182267963886261,"2025-05-16 21:04:03.228176","2025-05-16 21:04:03.732176","0 days 00:00:00.504000",224,"","","","",80,128.0,"","","",0.00936336277285779,1,2,"","","","","","","","","","","","","","","","","","","","","","","","","","","","","","","","","","","","","","","","","","","","","","","","","","","","","","",0.18091855943202972,66.23812103271484,0.3280642628669739,0.42065417766571045,0.5511281490325928,-0.6302838325500488,"","","","","","","","","","","","","","","","","","","","","","","","","","","","","","","","","","","","","","","","","","","","","","","","","",0.1182267963886261,"","","PRUNED"
32,0.11462190002202988,"2025-05-16 21:04:03.732427","2025-05-16 21:04:04.380850","0 days 00:00:00.648423",240,16.0,224.0,96.0,144.0,128,112.0,"","","",0.015646258997835102,5,2,"","","","","","","","","","","","","","","","","","","","","","","","","","","","","","","","","","","","","","","","","","","","","","","","","","","","","","",0.16025947034358978,57.89139938354492,0.3234408497810364,0.3510877788066864,0.5765345096588135,-0.3907749652862549,"","","","","","","","","","","","","","","","","","","","","","","","","","","","","","","","","","","","","","","","","","","","","","","","","",0.11462190002202988,"","","PRUNED"
33,0.10625933855772018,"2025-05-16 21:04:04.381115","2025-05-16 21:04:08.010927","0 days 00:00:03.629812",208,64.0,208.0,"","",96,"","","","",0.004467095611248415,3,1,"","","","","","",0.133867546916008,490.9457092285156,0.4340149462223053,0.4972054362297058,0.5188338160514832,0.03941828012466431,0.17130149900913239,3879.587158203125,0.8215753436088562,0.7634669542312622,0.6665822267532349,0.15297794342041016,0.19752658903598785,273.9953918457031,0.15882565081119537,0.15411977469921112,0.16655698418617249,-0.1159207820892334,0.18284490704536438,65.38070678710938,0.23680442571640015,0.28342413902282715,0.3031511604785919,-0.4111441373825073,0.13099130988121033,262.47802734375,0.18715989589691162,0.16007296741008759,0.16528181731700897,-0.04244279861450195,0.11898941546678543,78.82890319824219,0.25973594188690186,0.25564414262771606,0.2760660946369171,-0.20237350463867188,0.23839466273784637,173.13107299804688,0.16541838645935059,0.20186302065849304,0.28542453050613403,-0.3332479000091553,"","","","","","",0.14201167225837708,60.66510772705078,0.8629617691040039,0.7482689023017883,0.7724898457527161,0.05960434675216675,0.20708295702934265,1612.93310546875,0.5674629211425781,0.7064921855926514,0.8322631120681763,-0.06968045234680176,0.19881342351436615,117.54884338378906,0.816298246383667,0.7646510004997253,0.7267892360687256,-1.7268908023834229,0.13551200926303864,79.51078796386719,0.5909650921821594,0.6178126931190491,0.7610753774642944,0.19100874662399292,0.10038874298334122,38378.25,0.6661351919174194,0.5339187383651733,0.4257437288761139,0.00569993257522583,0.09645599126815796,410.9968566894531,0.31100207567214966,0.44221875071525574,0.5145462155342102,-0.049926161766052246,0.1502690613269806,414.2081604003906,0.5577887892723083,0.4871642589569092,0.45432764291763306,0.0677117109298706,0.09406034648418427,1258.5865478515625,0.263824999332428,0.2818015515804291,0.22730498015880585,0.04823470115661621,0.11610223352909088,339.6765441894531,0.9704241752624512,0.7631400227546692,0.7146795988082886,0.3740629553794861,"",0.10526959598064423,0.10772085934877396,0.10625933855772018,"PRUNED"
34,0.12872686982154846,"2025-05-16 21:04:08.011240","2025-05-16 21:04:08.633761","0 days 00:00:00.622521",240,48.0,240.0,48.0,"",112,144.0,"","","",0.02363263443200125,4,2,"","","","","","","","","","","","","","","","","","","","","","","","","","","","","","","","","","","","","","","","","","","","","","","","","","","","","","",0.16654472053050995,59.2547721862793,0.35181623697280884,0.3663384020328522,0.5842632055282593,-0.4912261962890625,"","","","","","","","","","","","","","","","","","","","","","","","","","","","","","","","","","","","","","","","","","","","","","","","","",0.12872686982154846,"","","PRUNED"
35,0.11744152754545212,"2025-05-16 21:04:08.634060","2025-05-16 21:04:09.397750","0 days 00:00:00.763690",192,128.0,176.0,224.0,"",48,176.0,48.0,"","",0.05927271916365302,4,3,"","","","","","","","","","","","","","","","","","","","","","","","","","","","","","","","","","","","","","","","","","","","","","","","","","","","","","",0.19265317916870117,67.12390899658203,0.3079359233379364,0.3392367362976074,0.38500848412513733,-0.871119499206543,"","","","","","","","","","","","","","","","","","","","","","","","","","","","","","","","","","","","","","","","","","","","","","","","","",0.11744152754545212,"","","PRUNED"
36,0.11755156517028809,"2025-05-16 21:04:09.398028","2025-05-16 21:04:10.681811","0 days 00:00:01.283783",256,112.0,208.0,144.0,16.0,128,"","","","",0.0019610311667908192,5,1,"","","","","","","","","","","","","","","","","","","","","","","","","","","","","","","","","","","","","","","","","","","","","","","","","","","","","","",0.17107878625392914,62.00263595581055,0.6325265169143677,0.6131309866905212,0.7110744118690491,-0.47244179248809814,0.20998896658420563,1006.1838989257812,0.5535184741020203,0.663449227809906,0.8163040280342102,-0.23433995246887207,0.15728957951068878,69.23301696777344,0.7889537811279297,0.7163148522377014,0.704900324344635,-0.4851459264755249,0.1338302344083786,60.659141540527344,0.7040249109268188,0.7607706785202026,0.8039238452911377,0.0010863542556762695,"","","","","","","","","","","","","","","","","","","","","","","","","","","","","","","",0.10713811218738556,0.11755156517028809,"","PRUNED"
37,0.115712970495224,"2025-05-16 21:04:10.682128","2025-05-16 21:04:11.618100","0 days 00:00:00.935972",64,16.0,"","","",144,"","","","",0.004091208668764771,2,1,"","","","","","","","","","","","","","","","","","","","","","","","","","","","","","","","","","","","","","","","","","","","","","","","","","","","","","",0.17209848761558533,61.56277084350586,0.7766000628471375,0.6973735094070435,0.7088843584060669,-0.4993528127670288,0.20479945838451385,1321.0267333984375,0.6091556549072266,0.6471803188323975,0.8024498224258423,-0.16531217098236084,0.1460668444633484,70.14257049560547,0.8308612108230591,0.7533002495765686,0.7460697293281555,-0.18487513065338135,0.13299953937530518,63.389404296875,0.9232284426689148,0.7771188616752625,0.8573165535926819,0.1238175630569458,"","","","","","","","","","","","","","","","","","","","","","","","","","","","","","","",0.10846094787120819,0.115712970495224,"","PRUNED"
38,0.11294815689325333,"2025-05-16 21:04:11.618353","2025-05-16 21:04:13.063257","0 days 00:00:01.444904",144,240.0,240.0,"","",96,96.0,"","","",0.007350900585149846,3,2,"","","","","","","","","","","","","","","","","","","","","","","","","","","","","","","","","","","","","","","","","","","","","","","","","","","","","","",0.18233537673950195,65.80693817138672,0.8209843635559082,0.7758030295372009,0.7548536658287048,-0.6360855102539062,0.19333913922309875,1138.259765625,0.5523940324783325,0.7056095004081726,0.8185615539550781,-0.029607653617858887,0.17325639724731445,77.74406433105469,0.7150280475616455,0.691003680229187,0.6991993188858032,-0.6688235998153687,0.14634108543395996,56.178890228271484,0.7769019603729248,0.7358630895614624,0.7902059555053711,-0.15941333770751953,"","","","","","","","","","","","","","","","","","","","","","","","","","","","","","","",0.11014297604560852,0.11294815689325333,"","PRUNED"
39,0.11493866890668869,"2025-05-16 21:04:13.063526","2025-05-16 21:04:14.027063","0 days 00:00:00.963537",192,160.0,128.0,112.0,192.0,192,144.0,96.0,256.0,"",0.01072459142494579,5,4,"","","","","","","","","","","","","","","","","","","","","","","","","","","","","","","","","","","","","","","","","","","","","","","","","","","","","","",0.15560100972652435,49.099491119384766,0.4193943738937378,0.37359684705734253,0.5330547094345093,-0.48288583755493164,"","","","","","","","","","","","","","","","","","","","","","","","","","","","","","","","","","","","","","","","","","","","","","","","","",0.11493866890668869,"","","PRUNED"
40,0.11382453888654709,"2025-05-16 21:04:14.027350","2025-05-16 21:04:14.786888","0 days 00:00:00.759538",224,128.0,96.0,32.0,"",112,176.0,224.0,"","",0.0010180439962451586,4,3,"","","","","","","","","","","","","","","","","","","","","","","","","","","","","","","","","","","","","","","","","","","","","","","","","","","","","","",0.17012271285057068,57.62919235229492,0.3532063066959381,0.41709086298942566,0.5868238210678101,-0.5747889280319214,"","","","","","","","","","","","","","","","","","","","","","","","","","","","","","","","","","","","","","","","","","","","","","","","","",0.11382453888654709,"","","PRUNED"
41,0.11082454770803452,"2025-05-16 21:04:14.787159","2025-05-16 21:04:18.315521","0 days 00:00:03.528362",208,48.0,208.0,"","",96,"","","","",0.004680478607555796,3,1,"","","","","","",0.1281559020280838,603.09130859375,0.3533403277397156,0.5099361538887024,0.5626199841499329,0.11185801029205322,0.23621581494808197,5812.21142578125,0.8215753436088562,0.7908795475959778,0.715630829334259,-0.3051537275314331,0.19573266804218292,250.751953125,0.0563037283718586,0.0882888212800026,0.11495250463485718,-0.13667523860931396,0.19357016682624817,61.79161834716797,0.36218973994255066,0.31437861919403076,0.41707882285118103,-0.5351669788360596,0.12685520946979523,233.20274353027344,0.10805261880159378,0.11561265587806702,0.12908971309661865,-0.05848574638366699,0.11498571187257767,92.45279693603516,0.1295023262500763,0.1428394764661789,0.18550018966197968,-0.09511220455169678,0.2397044450044632,201.88449096679688,0.07239875197410583,0.08730455487966537,0.1353377401828766,-0.29873716831207275,"","","","","","",0.15230293571949005,61.68457794189453,0.8775830268859863,0.7441940903663635,0.7306851148605347,-0.08775794506072998,0.2119215875864029,1426.5203857421875,0.6342990398406982,0.68095862865448,0.8567702770233154,-0.19152569770812988,0.1687430441379547,107.3477783203125,0.7844116687774658,0.7419029474258423,0.7438721656799316,-0.6003996133804321,0.11923444271087646,70.18550872802734,0.904006838798523,0.7915715575218201,0.7949355244636536,0.32404041290283203,0.10043612122535706,37677.08984375,0.6792503595352173,0.5983724594116211,0.5057404637336731,0.049218058586120605,0.09994734078645706,577.7993774414062,0.4942696690559387,0.48987317085266113,0.48772957921028137,-7.343292236328125e-05,0.1379917860031128,276.33123779296875,0.6141424775123596,0.5678139925003052,0.6438071131706238,0.06624084711074829,0.08788585662841797,1122.8485107421875,0.1132437214255333,0.1285397857427597,0.16579164564609528,0.03825712203979492,0.11928609013557434,407.73114013671875,0.8379448056221008,0.8374947309494019,0.7538508772850037,0.3044326901435852,"",0.1079317182302475,0.10692817717790604,0.11082454770803452,"PRUNED"
42,0.10829521715641022,"2025-05-16 21:04:18.315839","2025-05-16 21:04:19.369492","0 days 00:00:01.053653",208,80.0,224.0,"","",80,"","","","",0.0037136593127995252,3,1,"","","","","","","","","","","","","","","","","","","","","","","","","","","","","","","","","","","","","","","","","","","","","","","","","","","","","","",0.14060786366462708,64.16596984863281,0.8660328388214111,0.7546991109848022,0.7445241808891296,0.08936309814453125,0.2086467444896698,1512.949462890625,0.5211963653564453,0.5306854844093323,0.7969823479652405,-0.1868288516998291,0.15402887761592865,80.73866271972656,0.8282538056373596,0.7445114850997925,0.7382826209068298,-0.11542153358459473,0.12246964126825333,60.44075393676758,0.9417191743850708,0.7771093845367432,0.8148607611656189,0.3061426877975464,"","","","","","","","","","","","","","","","","","","","","","","","","","","","","","","",0.10569152235984802,0.10829521715641022,"","PRUNED"
43,0.11589571833610535,"2025-05-16 21:04:19.369754","2025-05-16 21:04:20.364060","0 days 00:00:00.994306",240,48.0,"","","",96,"","","","",0.0018418810701420784,2,1,"","","","","","","","","","","","","","","","","","","","","","","","","","","","","","","","","","","","","","","","","","","","","","","","","","","","","","",0.15140345692634583,61.55288314819336,0.8677042722702026,0.7571222186088562,0.7719044089317322,-0.05511939525604248,0.20293383300304413,1387.0467529296875,0.6399248838424683,0.6659128069877625,0.8419176936149597,-0.15900695323944092,0.1436982899904251,74.66609191894531,0.804381787776947,0.7354634404182434,0.7219444513320923,-0.08793163299560547,0.13120689988136292,55.36198043823242,0.6798195838928223,0.7739300727844238,0.812078595161438,0.025014758110046387,"","","","","","","","","","","","","","","","","","","","","","","","","","","","","","","",0.10882546752691269,0.11589571833610535,"","PRUNED"
44,0.11393068730831146,"2025-05-16 21:04:20.364319","2025-05-16 21:04:21.480343","0 days 00:00:01.116024",176,32.0,16.0,176.0,"",160,"","","","",0.006608180181996158,4,1,"","","","","","","","","","","","","","","","","","","","","","","","","","","","","","","","","","","","","","","","","","","","","","","","","","","","","","",0.1531374305486679,61.76128387451172,0.9085181355476379,0.7603116631507874,0.7776468992233276,-0.07433414459228516,0.21104328334331512,1089.48388671875,0.5842821598052979,0.7196102142333984,0.8087522387504578,-0.23061883449554443,0.15308766067028046,70.82605743408203,0.7778958082199097,0.7245850563049316,0.7377508878707886,-0.3276844024658203,0.15038849413394928,80.80675506591797,0.3340210020542145,0.44466015696525574,0.5911079049110413,-0.05085408687591553,"","","","","","","","","","","","","","","","","","","","","","","","","","","","","","","",0.10999753326177597,0.11393068730831146,"","PRUNED"
45,0.11576076596975327,"2025-05-16 21:04:21.480656","2025-05-16 21:04:22.102447","0 days 00:00:00.621791",32,80.0,208.0,224.0,"",48,240.0,"","","",0.017261827201078907,4,2,"","","","","","","","","","","","","","","","","","","","","","","","","","","","","","","","","","","","","","","","","","","","","","","","","","","","","","",0.15119963884353638,50.75851058959961,0.30747637152671814,0.3890296518802643,0.5283196568489075,-0.3988226652145386,"","","","","","","","","","","","","","","","","","","","","","","","","","","","","","","","","","","","","","","","","","","","","","","","","",0.11576076596975327,"","","PRUNED"
46,0.10649839788675308,"2025-05-16 21:04:22.102705","2025-05-16 21:04:25.540848","0 days 00:00:03.438143",160,64.0,240.0,"","",64,"","","","",0.0028644094614686103,3,1,"","","","","","",0.13135001063346863,522.1102294921875,0.3479401469230652,0.3778853714466095,0.5270124077796936,0.03699713945388794,0.16817551851272583,3921.664794921875,0.730879545211792,0.7869967222213745,0.7024543881416321,0.20888608694076538,0.19657480716705322,230.8655548095703,0.16602402925491333,0.15616104006767273,0.1699284464120865,-0.192535400390625,0.18674002587795258,66.12862396240234,0.21050819754600525,0.23566517233848572,0.2739773690700531,-0.4650667905807495,0.13113334774971008,255.88340759277344,0.11206561326980591,0.1355888843536377,0.13979831337928772,-0.0583188533782959,0.11782612651586533,77.04415893554688,0.24380812048912048,0.26283055543899536,0.2693317234516144,-0.1956995725631714,0.23988862335681915,192.44186401367188,0.40265148878097534,0.3169342279434204,0.31054508686065674,-0.3198338747024536,"","","","","","",0.14702238142490387,61.65591049194336,0.902765691280365,0.7577821016311646,0.7683765292167664,0.01787203550338745,0.20043067634105682,1321.48876953125,0.6439032554626465,0.6783626675605774,0.8281208872795105,-0.15160703659057617,0.15810449421405792,102.20264434814453,0.7579983472824097,0.7122601866722107,0.7191506624221802,-0.30422520637512207,0.13137705624103546,70.47657775878906,0.8191447854042053,0.7705104351043701,0.7859387397766113,0.21589761972427368,0.09675199538469315,31306.287109375,0.39907106757164,0.4415269196033478,0.43756699562072754,-0.05335366725921631,0.10338562726974487,450.2405090332031,0.24734348058700562,0.3044828772544861,0.35040923953056335,-0.19035792350769043,0.13995520770549774,325.7131042480469,0.6738927960395813,0.5207513570785522,0.53757244348526,0.08943843841552734,0.0847814604640007,987.7077026367188,0.3072439134120941,0.28505924344062805,0.2337927669286728,0.08260512351989746,0.09422994405031204,259.21380615234375,0.9682751893997192,0.8280535340309143,0.7968846559524536,0.5296644270420074,"",0.10909008979797363,0.10664019733667374,0.10649839788675308,"PRUNED"
47,0.11547704041004181,"2025-05-16 21:04:25.541152","2025-05-16 21:04:26.032092","0 days 00:00:00.490940",160,96.0,"","","",112,48.0,"","","",0.028809641546178898,2,2,"","","","","","","","","","","","","","","","","","","","","","","","","","","","","","","","","","","","","","","","","","","","","","","","","","","","","","",0.1589765101671219,62.09855651855469,0.35356131196022034,0.49417486786842346,0.5987383127212524,-0.25659334659576416,"","","","","","","","","","","","","","","","","","","","","","","","","","","","","","","","","","","","","","","","","","","","","","","","","",0.11547704041004181,"","","PRUNED"
48,0.11598221212625504,"2025-05-16 21:04:26.032355","2025-05-16 21:04:26.538402","0 days 00:00:00.506047",192,176.0,256.0,80.0,"",144,"","","","",0.00046848292821857865,4,1,"","","","","","","","","","","","","","","","","","","","","","","","","","","","","","","","","","","","","","","","","","","","","","","","","","","","","","",0.1586441546678543,59.246490478515625,0.8944750428199768,0.7522291541099548,0.7638877630233765,-0.2663087844848633,"","","","","","","","","","","","","","","","","","","","","","","","","","","","","","","","","","","","","","","","","","","","","","","","","",0.11598221212625504,"","","PRUNED"
49,0.11299456655979156,"2025-05-16 21:04:26.538692","2025-05-16 21:04:27.395849","0 days 00:00:00.857157",112,"","","","",128,128.0,144.0,16.0,160.0,0.0012391319921079959,1,5,"","","","","","","","","","","","","","","","","","","","","","","","","","","","","","","","","","","","","","","","","","","","","","","","","","","","","","",0.14684312045574188,49.70713424682617,0.844992995262146,0.732799768447876,0.7526521682739258,-0.24145233631134033,"","","","","","","","","","","","","","","","","","","","","","","","","","","","","","","","","","","","","","","","","","","","","","","","","",0.11299456655979156,"","","PRUNED"
50,0.11394848674535751,"2025-05-16 21:04:27.396108","2025-05-16 21:04:28.213766","0 days 00:00:00.817658",64,240.0,192.0,"","",208,208.0,32.0,160.0,"",0.011441613365232481,3,4,"","","","","","","","","","","","","","","","","","","","","","","","","","","","","","","","","","","","","","","","","","","","","","","","","","","","","","",0.1516454815864563,50.783287048339844,0.39843839406967163,0.4820035696029663,0.6542474031448364,-0.36068618297576904,"","","","","","","","","","","","","","","","","","","","","","","","","","","","","","","","","","","","","","","","","","","","","","","","","",0.11394848674535751,"","","PRUNED"
51,0.10773812979459763,"2025-05-16 21:04:28.214035","2025-05-16 21:04:29.191600","0 days 00:00:00.977565",160,64.0,240.0,"","",64,"","","","",0.0028198634630049136,3,1,"","","","","","","","","","","","","","","","","","","","","","","","","","","","","","","","","","","","","","","","","","","","","","","","","","","","","","",0.14072337746620178,60.97978210449219,0.8615463972091675,0.7481992244720459,0.7830523252487183,0.08445888757705688,0.21027784049510956,1730.2945556640625,0.5999525189399719,0.6852132081985474,0.8392768502235413,-0.0900799036026001,0.1823776662349701,105.23400115966797,0.8354072570800781,0.7519704103469849,0.7714020609855652,-0.8389018774032593,0.11603312194347382,61.99700164794922,0.9022731781005859,0.7836377024650574,0.8243141770362854,0.3618205189704895,"","","","","","","","","","","","","","","","","","","","","","","","","","","","","","","",0.10673047602176666,0.10773812979459763,"","PRUNED"
52,0.11211688816547394,"2025-05-16 21:04:29.191863","2025-05-16 21:04:29.575749","0 days 00:00:00.383886",128,32.0,240.0,"","",48,"","","","",0.002201295078133026,3,1,"","","","","","","","","","","","","","","","","","","","","","","","","","","","","","","","","","","","","","","","","","","","","","","","","","","","","","",0.15596450865268707,59.3095588684082,0.8955554962158203,0.7516010999679565,0.7427520751953125,-0.19315004348754883,"","","","","","","","","","","","","","","","","","","","","","","","","","","","","","","","","","","","","","","","","","","","","","","","","",0.11211688816547394,"","","PRUNED"
53,0.10797693580389023,"2025-05-16 21:04:29.576049","2025-05-16 21:04:32.949913","0 days 00:00:03.373864",208,64.0,256.0,"","",80,"","","","",0.003644540749694626,3,1,"","","","","","",0.12990111112594604,606.5518188476562,0.36779505014419556,0.363747775554657,0.539831280708313,0.08948409557342529,0.19759635627269745,4844.82373046875,0.8537968993186951,0.7991083860397339,0.718779444694519,-0.005162596702575684,0.19572442770004272,239.56524658203125,0.09631083160638809,0.090040422976017,0.1144794300198555,-0.16352438926696777,0.1841585785150528,64.40193939208984,0.22152848541736603,0.27761295437812805,0.30602601170539856,-0.4284029006958008,0.13348403573036194,254.55462646484375,0.11749199777841568,0.11416935920715332,0.1308244913816452,-0.0836867094039917,0.11597950011491776,91.4880599975586,0.143498495221138,0.15039196610450745,0.2194964438676834,-0.07851958274841309,0.23690493404865265,211.2346649169922,0.22777517139911652,0.1946731060743332,0.17639417946338654,-0.25207579135894775,"","","","","","",0.1440088301897049,58.980552673339844,0.8687679767608643,0.7562381029129028,0.7605403065681458,0.001089632511138916,0.19453711807727814,1202.6239013671875,0.6516384482383728,0.7292519807815552,0.8639383912086487,-0.0628126859664917,0.1876973658800125,105.08126068115234,0.8237155675888062,0.764457106590271,0.727648913860321,-1.25541353225708,0.11420381814241409,62.44718933105469,0.8681089878082275,0.7900840044021606,0.826526939868927,0.37104183435440063,0.0945950597524643,28615.765625,0.7012719511985779,0.5999106168746948,0.5364526510238647,0.08841323852539062,0.10283777862787247,381.0716857910156,0.3145173490047455,0.30089807510375977,0.3159264326095581,-0.23687541484832764,0.13626283407211304,309.3645935058594,0.6425122022628784,0.5943031907081604,0.6800240874290466,0.13300126791000366,0.08416932821273804,1055.6737060546875,0.2159261703491211,0.2607267498970032,0.2326868325471878,0.07001203298568726,0.12988321483135223,568.5673217773438,0.937059223651886,0.7900556325912476,0.7080681324005127,0.19595950841903687,"",0.10822919756174088,0.10714150220155716,0.10797693580389023,"PRUNED"
54,0.10853981971740723,"2025-05-16 21:04:32.950217","2025-05-16 21:04:33.993107","0 days 00:00:01.042890",240,96.0,208.0,"","",64,"","","","",0.00618575341366965,3,1,"","","","","","","","","","","","","","","","","","","","","","","","","","","","","","","","","","","","","","","","","","","","","","","","","","","","","","",0.14594817161560059,57.33736038208008,0.856927752494812,0.729552149772644,0.7600076794624329,0.0013663768768310547,0.22183571755886078,1250.181884765625,0.45100563764572144,0.5363633036613464,0.7657960057258606,-0.3282327651977539,0.14675898849964142,94.1942138671875,0.7805145382881165,0.7482203841209412,0.7703909873962402,-0.09649407863616943,0.13765332102775574,82.50684356689453,0.5234324932098389,0.6551060676574707,0.7234097123146057,0.21553003787994385,"","","","","","","","","","","","","","","","","","","","","","","","","","","","","","","",0.10557985305786133,0.10853981971740723,"","PRUNED"
55,0.11269580572843552,"2025-05-16 21:04:33.993386","2025-05-16 21:04:34.675174","0 days 00:00:00.681788",224,208.0,"","","",176,240.0,80.0,"","",0.0006368015041477951,2,3,"","","","","","","","","","","","","","","","","","","","","","","","","","","","","","","","","","","","","","","","","","","","","","","","","","","","","","",0.1522883027791977,52.53236389160156,0.8297723531723022,0.7466948628425598,0.7522898316383362,-0.27383947372436523,"","","","","","","","","","","","","","","","","","","","","","","","","","","","","","","","","","","","","","","","","","","","","","","","","",0.11269580572843552,"","","PRUNED"
56,0.11423379182815552,"2025-05-16 21:04:34.675459","2025-05-16 21:04:35.498195","0 days 00:00:00.822736",96,48.0,224.0,128.0,"",16,192.0,176.0,192.0,"",0.002996703604028906,4,4,"","","","","","","","","","","","","","","","","","","","","","","","","","","","","","","","","","","","","","","","","","","","","","","","","","","","","","",0.18456284701824188,64.87623596191406,0.5499880909919739,0.49915269017219543,0.6604279279708862,-0.716138482093811,"","","","","","","","","","","","","","","","","","","","","","","","","","","","","","","","","","","","","","","","","","","","","","","","","",0.11423379182815552,"","","PRUNED"
57,0.1106998547911644,"2025-05-16 21:04:35.498467","2025-05-16 21:04:36.076859","0 days 00:00:00.578392",176,192.0,176.0,"","",96,96.0,"","","",0.0015252556306272768,3,2,"","","","","","","","","","","","","","","","","","","","","","","","","","","","","","","","","","","","","","","","","","","","","","","","","","","","","","",0.15644189715385437,57.538734436035156,0.8327130675315857,0.734142005443573,0.738541841506958,-0.26263201236724854,"","","","","","","","","","","","","","","","","","","","","","","","","","","","","","","","","","","","","","","","","","","","","","","","","",0.1106998547911644,"","","PRUNED"
58,0.11116330325603485,"2025-05-16 21:04:36.077142","2025-05-16 21:04:36.546279","0 days 00:00:00.469137",16,112.0,160.0,160.0,"",160,"","","","",0.00484563436607843,4,1,"","","","","","","","","","","","","","","","","","","","","","","","","","","","","","","","","","","","","","","","","","","","","","","","","","","","","","",0.14945271611213684,64.99951934814453,0.45738568902015686,0.5218501687049866,0.6554107069969177,-0.05844581127166748,"","","","","","","","","","","","","","","","","","","","","","","","","","","","","","","","","","","","","","","","","","","","","","","","","",0.11116330325603485,"","","PRUNED"
59,0.11122765392065048,"2025-05-16 21:04:36.546530","2025-05-16 21:04:37.115334","0 days 00:00:00.568804",144,80.0,192.0,"","",112,48.0,"","","",0.009304389509345016,3,2,"","","","","","","","","","","","","","","","","","","","","","","","","","","","","","","","","","","","","","","","","","","","","","","","","","","","","","",0.1550941914319992,61.219276428222656,0.8744663596153259,0.7688318490982056,0.7852877974510193,-0.12063777446746826,"","","","","","","","","","","","","","","","","","","","","","","","","","","","","","","","","","","","","","","","","","","","","","","","","",0.11122765392065048,"","","PRUNED"
60,0.11808354407548904,"2025-05-16 21:04:37.115619","2025-05-16 21:04:37.907249","0 days 00:00:00.791630",208,32.0,"","","",224,208.0,64.0,48.0,"",0.00021649484933717564,2,4,"","","","","","","","","","","","","","","","","","","","","","","","","","","","","","","","","","","","","","","","","","","","","","","","","","","","","","",0.1988786906003952,70.71376037597656,0.5173956155776978,0.4607390761375427,0.4790344536304474,-0.9415712356567383,"","","","","","","","","","","","","","","","","","","","","","","","","","","","","","","","","","","","","","","","","","","","","","","","","",0.11808354407548904,"","","PRUNED"
61,0.10918370634317398,"2025-05-16 21:04:37.907517","2025-05-16 21:04:38.971393","0 days 00:00:01.063876",208,64.0,256.0,"","",80,"","","","",0.003856278852075998,3,1,"","","","","","","","","","","","","","","","","","","","","","","","","","","","","","","","","","","","","","","","","","","","","","","","","","","","","","",0.14107446372509003,58.2784538269043,0.8647359013557434,0.7445517182350159,0.8136435747146606,0.05906111001968384,0.20356890559196472,1316.5548095703125,0.6196746230125427,0.6535409688949585,0.8421105742454529,-0.11914527416229248,0.16194216907024384,98.39094543457031,0.784895658493042,0.7591869831085205,0.7433049082756042,-0.40077710151672363,0.13699518144130707,64.39773559570312,0.753326952457428,0.7436951994895935,0.8130989074707031,0.08295226097106934,"","","","","","","","","","","","","","","","","","","","","","","","","","","","","","","",0.1054174154996872,0.10918370634317398,"","PRUNED"
62,0.10965944826602936,"2025-05-16 21:04:38.971687","2025-05-16 21:04:40.044655","0 days 00:00:01.072968",224,64.0,256.0,"","",80,"","","","",0.0033399072646901197,3,1,"","","","","","","","","","","","","","","","","","","","","","","","","","","","","","","","","","","","","","","","","","","","","","","","","","","","","","",0.14261269569396973,59.95274353027344,0.8655221462249756,0.7461665868759155,0.7573719024658203,0.04885852336883545,0.19854992628097534,1410.204833984375,0.649899423122406,0.7102958559989929,0.821164608001709,-0.13627398014068604,0.15538696944713593,99.78282165527344,0.8053454160690308,0.7351763248443604,0.7522929906845093,-0.32526183128356934,0.13248197734355927,59.85556411743164,0.8174170851707458,0.7461358308792114,0.8118622899055481,0.08319264650344849,"","","","","","","","","","","","","","","","","","","","","","","","","","","","","","","",0.11012467741966248,0.10965944826602936,"","PRUNED"
63,0.11245513707399368,"2025-05-16 21:04:40.044920","2025-05-16 21:04:40.476381","0 days 00:00:00.431461",192,64.0,240.0,"","",64,"","","","",0.005523606177140541,3,1,"","","","","","","","","","","","","","","","","","","","","","","","","","","","","","","","","","","","","","","","","","","","","","","","","","","","","","",0.13964276015758514,62.05509948730469,0.8620480895042419,0.7357518672943115,0.7526800036430359,0.08124208450317383,"","","","","","","","","","","","","","","","","","","","","","","","","","","","","","","","","","","","","","","","","","","","","","","","","",0.11245513707399368,"","","PRUNED"
64,0.10798466205596924,"2025-05-16 21:04:40.476665","2025-05-16 21:04:41.555519","0 days 00:00:01.078854",208,96.0,224.0,"","",80,"","","","",0.007887722197445912,3,1,"","","","","","","","","","","","","","","","","","","","","","","","","","","","","","","","","","","","","","","","","","","","","","","","","","","","","","",0.13770487904548645,59.65723419189453,0.8296461701393127,0.7353869676589966,0.7888317108154297,0.12483328580856323,0.20254455506801605,1370.6448974609375,0.7667219042778015,0.8009434342384338,0.9027038216590881,0.00896596908569336,0.1588800996541977,75.18585968017578,0.7789208889007568,0.7101654410362244,0.7192612886428833,-0.31206440925598145,0.1461106389760971,71.2375259399414,0.6441624760627747,0.6503597497940063,0.7295829653739929,0.032733142375946045,"","","","","","","","","","","","","","","","","","","","","","","","","","","","","","","",0.10530228912830353,0.10798466205596924,"","PRUNED"
65,0.11424107104539871,"2025-05-16 21:04:41.555811","2025-05-16 21:04:42.037472","0 days 00:00:00.481661",256,16.0,240.0,240.0,"",32,"","","","",0.013659805466019075,4,1,"","","","","","","","","","","","","","","","","","","","","","","","","","","","","","","","","","","","","","","","","","","","","","","","","","","","","","",0.15179723501205444,64.7988052368164,0.807051420211792,0.7013500332832336,0.7805240750312805,-0.03388667106628418,"","","","","","","","","","","","","","","","","","","","","","","","","","","","","","","","","","","","","","","","","","","","","","","","","",0.11424107104539871,"","","PRUNED"
66,0.1145588681101799,"2025-05-16 21:04:42.037745","2025-05-16 21:04:42.513933","0 days 00:00:00.476188",32,"","","","",96,160.0,"","","",0.00250368395662784,1,2,"","","","","","","","","","","","","","","","","","","","","","","","","","","","","","","","","","","","","","","","","","","","","","","","","","","","","","",0.16131490468978882,56.494171142578125,0.46708253026008606,0.5062787532806396,0.6508578062057495,-0.3997310400009155,"","","","","","","","","","","","","","","","","","","","","","","","","","","","","","","","","","","","","","","","","","","","","","","","","",0.1145588681101799,"","","PRUNED"
67,0.14728453054147608,"2025-05-16 21:04:42.514208","2025-05-16 21:04:46.372694","0 days 00:00:03.858486",160,224.0,256.0,"","",128,"","","","",0.0018371209699864224,3,1,0.14728453054147608,2586.1224800558653,0.47659167121438417,0.4738802037694875,0.5038856469533023,-0.05070114486357745,0.1374998390674591,759.3311157226562,0.395652711391449,0.5394865274429321,0.5598454475402832,0.07224184274673462,0.1870163381099701,4379.83984375,0.7646183371543884,0.8151314854621887,0.7598143219947815,0.13900518417358398,0.1992439329624176,284.6568298339844,0.07857087254524231,0.09072563052177429,0.13614390790462494,-0.11073148250579834,0.18423280119895935,63.81581497192383,0.29552561044692993,0.29389166831970215,0.3741631507873535,-0.4170292615890503,0.13377833366394043,271.5146179199219,0.08019129931926727,0.09226017445325851,0.11952167749404907,-0.06128716468811035,0.11762350052595139,75.68994903564453,0.1909521371126175,0.2014247477054596,0.25066277384757996,-0.1913151741027832,0.23234008252620697,163.2469482421875,0.43886828422546387,0.4993523359298706,0.6037738919258118,-0.2737908363342285,0.13587887585163116,266.5682678222656,0.15324224531650543,0.15574617683887482,0.24966633319854736,-0.1866668462753296,0.1333041489124298,58.361392974853516,0.9087961912155151,0.7630304098129272,0.7816888093948364,0.12525981664657593,0.2117176502943039,1202.2633056640625,0.606120228767395,0.656356930732727,0.7898369431495667,-0.18156647682189941,0.1645115166902542,105.07559967041016,0.804381787776947,0.7470374703407288,0.7463310360908508,-0.49355316162109375,0.1286500096321106,68.07659912109375,0.6267197132110596,0.6816024780273438,0.7360548973083496,0.19850260019302368,0.09226391464471817,33807.90234375,0.7046291828155518,0.5898252129554749,0.5425470471382141,0.07915568351745605,0.1007518470287323,464.0195007324219,0.3172875642776489,0.3842167258262634,0.3970493972301483,-0.11819672584533691,0.14420229196548462,290.87799072265625,0.5566878914833069,0.46331530809402466,0.5571550130844116,0.02520376443862915,0.09550844877958298,1303.0645751953125,0.2041655331850052,0.25858157873153687,0.22767412662506104,0.025585532188415527,0.1053134873509407,399.7774658203125,0.975648820400238,0.8239786028862,0.7341272234916687,0.5072632431983948,5.0,0.10498302429914474,0.10732878744602203,0.10580454021692276,"COMPLETE"
68,0.11311359703540802,"2025-05-16 21:04:46.373103","2025-05-16 21:04:47.201278","0 days 00:00:00.828175",160,240.0,208.0,192.0,"",128,176.0,256.0,"","",0.0011188396334361605,4,3,"","","","","","","","","","","","","","","","","","","","","","","","","","","","","","","","","","","","","","","","","","","","","","","","","","","","","","",0.16223418712615967,57.66629409790039,0.8077796101570129,0.786368727684021,0.7611782550811768,-0.38573145866394043,"","","","","","","","","","","","","","","","","","","","","","","","","","","","","","","","","","","","","","","","","","","","","","","","","",0.11311359703540802,"","","PRUNED"
69,0.11374175548553467,"2025-05-16 21:04:47.201547","2025-05-16 21:04:48.241794","0 days 00:00:01.040247",48,224.0,224.0,160.0,96.0,144,64.0,112.0,128.0,16.0,0.0015521183871082976,5,5,"","","","","","","","","","","","","","","","","","","","","","","","","","","","","","","","","","","","","","","","","","","","","","","","","","","","","","",0.18238849937915802,68.09254455566406,0.47792986035346985,0.6032035946846008,0.6813304424285889,-0.5956152677536011,"","","","","","","","","","","","","","","","","","","","","","","","","","","","","","","","","","","","","","","","","","","","","","","","","",0.11374175548553467,"","","PRUNED"
70,0.11552982032299042,"2025-05-16 21:04:48.242080","2025-05-16 21:04:49.154814","0 days 00:00:00.912734",176,256.0,80.0,"","",176,144.0,80.0,224.0,"",0.0007136774219318998,3,4,"","","","","","","","","","","","","","","","","","","","","","","","","","","","","","","","","","","","","","","","","","","","","","","","","","","","","","",0.1401754468679428,48.8577880859375,0.7451692223548889,0.7474709749221802,0.7429605722427368,-0.1927577257156372,"","","","","","","","","","","","","","","","","","","","","","","","","","","","","","","","","","","","","","","","","","","","","","","","","",0.11552982032299042,"","","PRUNED"
71,0.10901083797216415,"2025-05-16 21:04:49.155073","2025-05-16 21:04:50.390863","0 days 00:00:01.235790",192,224.0,256.0,"","",112,"","","","",0.00419397943928292,3,1,"","","","","","","","","","","","","","","","","","","","","","","","","","","","","","","","","","","","","","","","","","","","","","","","","","","","","","",0.14790789783000946,59.92905044555664,0.9002566337585449,0.744841456413269,0.8003889918327332,0.004685401916503906,0.20863090455532074,1029.7469482421875,0.7517712116241455,0.653337299823761,0.8603322505950928,-0.16579318046569824,0.14291328191757202,79.0080337524414,0.8282538056373596,0.7423204183578491,0.7483953237533569,0.01577448844909668,0.12535029649734497,74.55355072021484,0.6576813459396362,0.7384087443351746,0.8067656755447388,0.27336883544921875,"","","","","","","","","","","","","","","","","","","","","","","","","","","","","","","",0.10566728562116623,0.10901083797216415,"","PRUNED"
72,0.14865180587067323,"2025-05-16 21:04:50.391147","2025-05-16 21:04:54.191726","0 days 00:00:03.800579",224,208.0,240.0,"","",80,"","","","",0.001890572286231286,3,1,0.14865180587067323,2918.3639577977797,0.4892466887831688,0.47595879873808694,0.5120109503760057,-0.11708830034031588,0.13112851977348328,545.7247924804688,0.3774435520172119,0.41006362438201904,0.5385180115699768,0.08231359720230103,0.18641412258148193,4241.3310546875,0.6645705699920654,0.7291203141212463,0.7179457545280457,0.12058842182159424,0.19812354445457458,250.62680053710938,0.13258309662342072,0.12529876828193665,0.15402548015117645,-0.15797114372253418,0.18447676301002502,65.65110778808594,0.35038161277770996,0.3434724509716034,0.33807849884033203,-0.4347938299179077,0.1339091658592224,264.8141174316406,0.11229539662599564,0.13378921151161194,0.13840477168560028,-0.0827336311340332,0.11851615458726883,77.6605453491211,0.1871289312839508,0.18560263514518738,0.2405371516942978,-0.20207083225250244,0.23154792189598083,154.97280883789062,0.2604486048221588,0.4399195909500122,0.5643613934516907,-0.283514142036438,0.12838511168956757,248.2828826904297,0.20755767822265625,0.17693185806274414,0.304825097322464,-0.09794092178344727,0.15341642498970032,61.02590560913086,0.869025468826294,0.756751537322998,0.786076545715332,-0.08514094352722168,0.2043425589799881,1511.251220703125,0.5103465914726257,0.5416290760040283,0.8004257678985596,-0.1174248456954956,0.1952275186777115,125.29251861572266,0.7855955362319946,0.742975652217865,0.7569244503974915,-1.6341631412506104,0.11849309504032135,76.00820922851562,0.9483314156532288,0.805102527141571,0.8427267074584961,0.3804497718811035,0.09338643401861191,39336.67578125,0.6895366907119751,0.6064195036888123,0.514613926410675,0.0510520339012146,0.10167689621448517,481.89093017578125,0.44034016132354736,0.4620282053947449,0.4564676582813263,-0.07239258289337158,0.13885405659675598,307.71502685546875,0.6302394270896912,0.5655387043952942,0.6069174408912659,0.09732615947723389,0.09792978316545486,1379.2392578125,0.19258183240890503,0.24786393344402313,0.21850866079330444,0.025916695594787598,0.11125262826681137,484.0243225097656,0.9587871432304382,0.8187919855117798,0.724828839302063,0.4199982285499573,5.0,0.10555748641490936,0.10678128153085709,0.1042739525437355,"COMPLETE"
73,0.10573653876781464,"2025-05-16 21:04:54.192142","2025-05-16 21:04:58.054288","0 days 00:00:03.862146",128,192.0,240.0,"","",192,"","","","",0.001867022169205666,3,1,"","","","","","",0.12709380686283112,551.5016479492188,0.3823988735675812,0.5164476633071899,0.5383307337760925,0.12274163961410522,0.18833564221858978,4186.23876953125,0.8215753436088562,0.7699824571609497,0.7042477130889893,0.13023358583450317,0.19984878599643707,296.9974365234375,0.19709646701812744,0.1709723323583603,0.19275249540805817,-0.10079443454742432,0.18138079345226288,67.724609375,0.3686557412147522,0.3404809832572937,0.33965203166007996,-0.3907567262649536,0.1247406005859375,216.36856079101562,0.09064386039972305,0.10655616968870163,0.12317061424255371,-0.07922041416168213,0.11806998401880264,74.57152557373047,0.20232178270816803,0.2420019656419754,0.24938535690307617,-0.19961893558502197,0.23752212524414062,193.98028564453125,0.25425106287002563,0.22757676243782043,0.2922358810901642,-0.2958766222000122,"","","","","","",0.14605766534805298,62.04911422729492,0.861457884311676,0.750805675983429,0.7730893492698669,0.03244507312774658,0.19404436647891998,1370.188232421875,0.6527948379516602,0.6690650582313538,0.8535982966423035,-0.061818599700927734,0.15252012014389038,73.47883605957031,0.7840867638587952,0.7347691655158997,0.7160780429840088,-0.2723501920700073,0.11745794862508774,59.773826599121094,0.9132363200187683,0.7989964485168457,0.8470639586448669,0.3434722423553467,0.09790095686912537,33935.0390625,0.4468594789505005,0.43950653076171875,0.39202380180358887,-0.03999936580657959,0.09922605752944946,493.7431335449219,0.34063583612442017,0.3970159590244293,0.4343918263912201,-0.07236683368682861,0.1390124410390854,288.7522277832031,0.6286395788192749,0.5163785219192505,0.6410055756568909,0.08522295951843262,0.08706983923912048,985.0131225585938,0.18947656452655792,0.2686479389667511,0.21856413781642914,0.08255773782730103,0.11517554521560669,418.3631896972656,0.975648820400238,0.836031436920166,0.7874928712844849,0.43865400552749634,"",0.10786446928977966,0.1069268137216568,0.10573653876781464,"PRUNED"
74,0.11281165480613708,"2025-05-16 21:04:58.054591","2025-05-16 21:04:59.152148","0 days 00:00:01.097557",96,208.0,32.0,"","",208,"","","","",0.0018094791803858795,3,1,"","","","","","","","","","","","","","","","","","","","","","","","","","","","","","","","","","","","","","","","","","","","","","","","","","","","","","",0.17114099860191345,63.20282745361328,0.6459726095199585,0.630397617816925,0.6875634789466858,-0.4402751922607422,0.2028350681066513,1482.0875244140625,0.6280950903892517,0.7541637420654297,0.8624176383018494,-0.09800314903259277,0.17092637717723846,76.23680877685547,0.7420868277549744,0.7007576823234558,0.6745784878730774,-0.6554710865020752,0.1346932351589203,63.490074157714844,0.9161874651908875,0.7437911629676819,0.8088873028755188,0.1408039927482605,"","","","","","","","","","","","","","","","","","","","","","","","","","","","","","","",0.10874789208173752,0.11281165480613708,"","PRUNED"
75,0.10894088447093964,"2025-05-16 21:04:59.152418","2025-05-16 21:05:00.285158","0 days 00:00:01.132740",224,176.0,"","","",192,"","","","",0.0012992803853734587,2,1,"","","","","","","","","","","","","","","","","","","","","","","","","","","","","","","","","","","","","","","","","","","","","","","","","","","","","","",0.1565072238445282,59.171382904052734,0.834179162979126,0.7550316452980042,0.7780272364616394,-0.19958233833312988,0.19864167273044586,1345.1016845703125,0.5824834704399109,0.6772907972335815,0.8266201019287109,-0.09850418567657471,0.14999213814735413,74.92723846435547,0.8085038661956787,0.7671138048171997,0.718399167060852,-0.22130131721496582,0.12771806120872498,60.35066223144531,0.6329402327537537,0.7251231670379639,0.7993496060371399,0.15786564350128174,"","","","","","","","","","","","","","","","","","","","","","","","","","","","","","","",0.10645558685064316,0.10894088447093964,"","PRUNED"
76,0.11540114134550095,"2025-05-16 21:05:00.285423","2025-05-16 21:05:00.969546","0 days 00:00:00.684123",240,192.0,240.0,96.0,"",224,112.0,"","","",0.000843880929658454,4,2,"","","","","","","","","","","","","","","","","","","","","","","","","","","","","","","","","","","","","","","","","","","","","","","","","","","","","","",0.13948290050029755,54.6865119934082,0.8717705011367798,0.7519171833992004,0.745550811290741,0.006179153919219971,"","","","","","","","","","","","","","","","","","","","","","","","","","","","","","","","","","","","","","","","","","","","","","","","","",0.11540114134550095,"","","PRUNED"
77,0.10950730741024017,"2025-05-16 21:05:00.969809","2025-05-16 21:05:01.388884","0 days 00:00:00.419075",48,176.0,"","","",192,"","","","",0.0023795883885465163,2,1,"","","","","","","","","","","","","","","","","","","","","","","","","","","","","","","","","","","","","","","","","","","","","","","","","","","","","","",0.15971186757087708,61.26405715942383,0.9068978428840637,0.7646999359130859,0.7693176865577698,-0.199302077293396,"","","","","","","","","","","","","","","","","","","","","","","","","","","","","","","","","","","","","","","","","","","","","","","","","",0.10950730741024017,"","","PRUNED"
78,0.10782096534967422,"2025-05-16 21:05:01.389134","2025-05-16 21:05:05.079409","0 days 00:00:03.690275",80,192.0,208.0,"","",160,"","","","",0.00199896160143786,3,1,"","","","","","",0.13414427638053894,525.523681640625,0.41075265407562256,0.387258380651474,0.5095802545547485,0.007344484329223633,0.16730274260044098,3839.325439453125,0.9422113299369812,0.8830320835113525,0.7903900146484375,0.274957537651062,0.19884096086025238,260.7208251953125,0.2049439698457718,0.1681392937898636,0.16727057099342346,-0.17215442657470703,0.18688717484474182,65.0969009399414,0.16454720497131348,0.13847233355045319,0.25016871094703674,-0.4715949296951294,0.12505173683166504,225.88043212890625,0.08076262474060059,0.09901098161935806,0.12016566842794418,-0.040499210357666016,0.1201484203338623,78.50196075439453,0.10582419484853745,0.13687238097190857,0.22977589070796967,-0.1809701919555664,0.2357315570116043,186.7913055419922,0.21201622486114502,0.25497114658355713,0.31555262207984924,-0.2858186960220337,"","","","","","",0.13586275279521942,58.08245086669922,0.868417501449585,0.757780909538269,0.7730957865715027,0.08597731590270996,0.20391353964805603,1064.681640625,0.6532130837440491,0.7328086495399475,0.8651589751243591,-0.12274825572967529,0.1428958922624588,89.39295959472656,0.8171048760414124,0.7814293503761292,0.7633114457130432,-0.08574283123016357,0.12161080539226532,76.1480712890625,0.9326799511909485,0.7861828207969666,0.8336844444274902,0.35869699716567993,0.09456655383110046,47150.87109375,0.6132451891899109,0.5326206088066101,0.4527590870857239,0.07108044624328613,0.1060037612915039,441.4143981933594,0.33106428384780884,0.36646533012390137,0.385885626077652,-0.2264385223388672,0.13895519077777863,258.4133605957031,0.4939493238925934,0.452793687582016,0.5622396469116211,0.03471934795379639,0.09870370477437973,1453.6865234375,0.2696855962276459,0.27530598640441895,0.22839389741420746,0.005713343620300293,0.10584476590156555,278.8975524902344,0.9486608505249023,0.8100413680076599,0.74079829454422,0.4001474976539612,"",0.10871457308530807,0.10675514489412308,0.10782096534967422,"PRUNED"
79,0.10987971723079681,"2025-05-16 21:05:05.079713","2025-05-16 21:05:05.523030","0 days 00:00:00.443317",16,208.0,224.0,"","",176,"","","","",0.006383445221682991,3,1,"","","","","","","","","","","","","","","","","","","","","","","","","","","","","","","","","","","","","","","","","","","","","","","","","","","","","","",0.17677143216133118,63.96823501586914,0.39582937955856323,0.39685025811195374,0.52071613073349,-0.5962806940078735,"","","","","","","","","","","","","","","","","","","","","","","","","","","","","","","","","","","","","","","","","","","","","","","","","",0.10987971723079681,"","","PRUNED"
80,0.11444126069545746,"2025-05-16 21:05:05.523313","2025-05-16 21:05:06.437416","0 days 00:00:00.914103",128,160.0,128.0,176.0,192.0,128,224.0,48.0,96.0,"",0.0016160609225601915,5,4,"","","","","","","","","","","","","","","","","","","","","","","","","","","","","","","","","","","","","","","","","","","","","","","","","","","","","","",0.15786759555339813,52.58020782470703,0.3864690661430359,0.5095576643943787,0.6329615712165833,-0.4463576078414917,"","","","","","","","","","","","","","","","","","","","","","","","","","","","","","","","","","","","","","","","","","","","","","","","","",0.11444126069545746,"","","PRUNED"
81,0.15169135393465266,"2025-05-16 21:05:06.437711","2025-05-16 21:05:10.191398","0 days 00:00:03.753687",144,224.0,240.0,"","",96,"","","","",0.002877452859481375,3,1,0.15169135393465266,3009.9297276665184,0.4695783419644131,0.47217339277267456,0.5032153835191446,-0.09519773020463831,0.13046325743198395,668.818603515625,0.44373834133148193,0.518082857131958,0.5783007144927979,0.05859386920928955,0.23677165806293488,5806.93212890625,0.6687100529670715,0.7620463371276855,0.7228480577468872,-0.3716796636581421,0.1955505907535553,234.9064178466797,0.15965162217617035,0.1534142643213272,0.1690269410610199,-0.1660168170928955,0.18768739700317383,65.03394317626953,0.23225770890712738,0.24265611171722412,0.28894299268722534,-0.4620802402496338,0.13451845943927765,265.1526794433594,0.08447890728712082,0.09924203157424927,0.12387343496084213,-0.09423065185546875,0.11955910921096802,79.32463073730469,0.14931029081344604,0.14863155782222748,0.2353283315896988,-0.2021799087524414,0.23443184792995453,161.23214721679688,0.3751753866672516,0.5308993458747864,0.6089386343955994,-0.3084639310836792,0.15154282748699188,306.0011901855469,0.20227906107902527,0.1783570945262909,0.33616718649864197,-0.33558881282806396,0.14170563220977783,60.214942932128906,0.8971835374832153,0.7558392286300659,0.7980350255966187,0.04401516914367676,0.21745845675468445,1456.505615234375,0.5080439448356628,0.5880635976791382,0.7310096621513367,-0.1559983491897583,0.1562308669090271,101.74761962890625,0.7172567248344421,0.6803321242332458,0.6847355961799622,-0.44735848903656006,0.11857888102531433,63.584590911865234,0.8823055028915405,0.7918216586112976,0.8066703081130981,0.34776049852371216,0.09941254556179047,39202.80078125,0.5283694267272949,0.5121216773986816,0.42738261818885803,-0.006728410720825195,0.1047106608748436,639.3645629882812,0.370927631855011,0.42846915125846863,0.41846948862075806,-0.05957961082458496,0.13622026145458221,321.6802673339844,0.6294881701469421,0.5520021915435791,0.6364396214485168,0.1324760913848877,0.09636775404214859,1315.80615234375,0.20914728939533234,0.2767135500907898,0.22433429956436157,0.014059603214263916,0.1175428107380867,419.6990966796875,0.9245082139968872,0.8082548975944519,0.7641586065292358,0.3946382403373718,5.0,0.10521335899829865,0.10538283735513687,0.10455598682165146,"COMPLETE"
82,0.10830814391374588,"2025-05-16 21:05:10.191817","2025-05-16 21:05:11.317769","0 days 00:00:01.125952",144,224.0,256.0,"","",96,"","","","",0.010120021275394808,3,1,"","","","","","","","","","","","","","","","","","","","","","","","","","","","","","","","","","","","","","","","","","","","","","","","","","","","","","",0.15150198340415955,62.907142639160156,0.8187748193740845,0.6957364678382874,0.756257951259613,-0.043163418769836426,0.22442059218883514,1971.828857421875,0.3861370086669922,0.43410006165504456,0.6920509338378906,-0.2926795482635498,0.18705971539020538,111.22808837890625,0.8036335706710815,0.7806298136711121,0.7925764918327332,-0.9282125234603882,0.16712608933448792,70.6377182006836,0.5096344351768494,0.5426473021507263,0.602719247341156,-0.41466856002807617,"","","","","","","","","","","","","","","","","","","","","","","","","","","","","","","",0.10018337517976761,0.10830814391374588,"","PRUNED"
83,0.11612921953201294,"2025-05-16 21:05:11.318074","2025-05-16 21:05:11.813567","0 days 00:00:00.495493",128,224.0,240.0,112.0,"",112,"","","","",0.00010536512953816003,4,1,"","","","","","","","","","","","","","","","","","","","","","","","","","","","","","","","","","","","","","","","","","","","","","","","","","","","","","",0.1701364368200302,60.63434982299805,0.7077887654304504,0.6637983918190002,0.7464432716369629,-0.5030947923660278,"","","","","","","","","","","","","","","","","","","","","","","","","","","","","","","","","","","","","","","","","","","","","","","","","",0.11612921953201294,"","","PRUNED"
84,0.11248384416103363,"2025-05-16 21:05:11.813823","2025-05-16 21:05:12.168023","0 days 00:00:00.354200",224,"","","","",96,"","","","",0.0010562637607122748,1,1,"","","","","","","","","","","","","","","","","","","","","","","","","","","","","","","","","","","","","","","","","","","","","","","","","","","","","","",0.1631326824426651,59.24025344848633,0.847816526889801,0.7157018184661865,0.7706207036972046,-0.3398244380950928,"","","","","","","","","","","","","","","","","","","","","","","","","","","","","","","","","","","","","","","","","","","","","","","","","",0.11248384416103363,"","","PRUNED"
85,0.10859256982803345,"2025-05-16 21:05:12.168263","2025-05-16 21:05:13.378205","0 days 00:00:01.209942",240,240.0,224.0,"","",128,"","","","",0.0013176554003836208,3,1,"","","","","","","","","","","","","","","","","","","","","","","","","","","","","","","","","","","","","","","","","","","","","","","","","","","","","","",0.1408037543296814,58.24673843383789,0.8669471144676208,0.7581273913383484,0.748299777507782,0.030134201049804688,0.19658610224723816,1441.95751953125,0.5778818130493164,0.7176347374916077,0.850437581539154,-0.0525362491607666,0.1815819889307022,112.94123077392578,0.7739039063453674,0.7474122047424316,0.7414085268974304,-0.9205765724182129,0.11811286211013794,61.09278106689453,0.8923916220664978,0.7920562028884888,0.800498366355896,0.3334016799926758,"","","","","","","","","","","","","","","","","","","","","","","","","","","","","","","",0.10778326541185379,0.10859256982803345,"","PRUNED"
86,0.11507264524698257,"2025-05-16 21:05:13.378465","2025-05-16 21:05:13.998644","0 days 00:00:00.620179",112,192.0,240.0,144.0,"",112,16.0,"","","",0.021330367844676377,4,2,"","","","","","","","","","","","","","","","","","","","","","","","","","","","","","","","","","","","","","","","","","","","","","","","","","","","","","",0.16741347312927246,59.14992141723633,0.5539357662200928,0.5330324769020081,0.6934683918952942,-0.50920569896698,"","","","","","","","","","","","","","","","","","","","","","","","","","","","","","","","","","","","","","","","","","","","","","","","","",0.11507264524698257,"","","PRUNED"
87,0.10621393471956253,"2025-05-16 21:05:13.998911","2025-05-16 21:05:17.733174","0 days 00:00:03.734263",144,208.0,256.0,"","",96,"","","","",0.0130892252019337,3,1,"","","","","","",0.12877266108989716,564.37109375,0.470516562461853,0.5468125343322754,0.5722992420196533,0.13861125707626343,0.13016922771930695,1455.0054931640625,0.4189334809780121,0.3303444981575012,0.49992671608924866,0.12547636032104492,0.20445935428142548,370.32208251953125,0.5226457715034485,0.5936262011528015,0.4523041546344757,-0.0008131265640258789,0.18548525869846344,70.49755096435547,0.32436826825141907,0.26849234104156494,0.31863391399383545,-0.4038734436035156,0.12893135845661163,257.3141174316406,0.08721599727869034,0.18247275054454803,0.25429341197013855,-0.0069113969802856445,0.11771839112043381,87.28047180175781,0.2092263400554657,0.22730815410614014,0.26111337542533875,-0.11932158470153809,0.23769377171993256,186.3870391845703,0.581812858581543,0.7143591046333313,0.6800907254219055,-0.28104066848754883,"","","","","","",0.1621725857257843,65.9364242553711,0.6920967102050781,0.6533128619194031,0.6848317980766296,-0.1772465705871582,0.19137108325958252,893.340087890625,0.6027629375457764,0.6248250007629395,0.8039654493331909,-0.12543141841888428,0.1479858011007309,76.29641723632812,0.8121476173400879,0.7188622951507568,0.7319600582122803,-0.02727818489074707,0.1489143967628479,64.48303985595703,0.55870521068573,0.5559156537055969,0.659905731678009,-0.1673893928527832,0.08576416969299316,20969.021484375,0.6952579617500305,0.5495936274528503,0.4731922149658203,0.16302627325057983,0.09942228347063065,446.6749572753906,0.24188315868377686,0.3638414740562439,0.46322596073150635,-0.10135042667388916,0.13747739791870117,243.5751495361328,0.23678842186927795,0.27773284912109375,0.5071808099746704,0.029027819633483887,0.0960649698972702,1268.2041015625,0.2023737132549286,0.27422237396240234,0.2338002622127533,0.07309955358505249,0.12547916173934937,249.26910400390625,0.1631474792957306,0.35913264751434326,0.5354254841804504,-0.0002690553665161133,"",0.10669942945241928,0.10595721006393433,0.10621393471956253,"PRUNED"
88,0.1171056479215622,"2025-05-16 21:05:17.733510","2025-05-16 21:05:18.518585","0 days 00:00:00.785075",144,208.0,256.0,48.0,"",144,256.0,192.0,"","",0.016122414088060134,4,3,"","","","","","","","","","","","","","","","","","","","","","","","","","","","","","","","","","","","","","","","","","","","","","","","","","","","","","",0.16637852787971497,54.91852569580078,0.3882429003715515,0.337929368019104,0.4588794410228729,-0.6578338146209717,"","","","","","","","","","","","","","","","","","","","","","","","","","","","","","","","","","","","","","","","","","","","","","","","","",0.1171056479215622,"","","PRUNED"
89,0.10988766700029373,"2025-05-16 21:05:18.518865","2025-05-16 21:05:19.487430","0 days 00:00:00.968565",64,224.0,"","","",96,"","","","",0.013904184088556414,2,1,"","","","","","","","","","","","","","","","","","","","","","","","","","","","","","","","","","","","","","","","","","","","","","","","","","","","","","",0.1592276692390442,69.24354553222656,0.7870997786521912,0.7186351418495178,0.7637860178947449,-0.17722439765930176,0.19721736013889313,1019.500732421875,0.6428105235099792,0.6518653631210327,0.8391655087471008,-0.14120912551879883,0.21436235308647156,124.76638793945312,0.8360481858253479,0.7765961289405823,0.7608107328414917,-2.4808151721954346,0.13991481065750122,68.9963607788086,0.6823305487632751,0.7046208381652832,0.7254501581192017,0.08935165405273438,"","","","","","","","","","","","","","","","","","","","","","","","","","","","","","","",0.10673370212316513,0.10988766700029373,"","PRUNED"
90,0.11625880002975464,"2025-05-16 21:05:19.487733","2025-05-16 21:05:20.097769","0 days 00:00:00.610036",128,192.0,256.0,"","",128,240.0,"","","",0.01938331323831679,3,2,"","","","","","","","","","","","","","","","","","","","","","","","","","","","","","","","","","","","","","","","","","","","","","","","","","","","","","",0.16787804663181305,62.57642364501953,0.3206058144569397,0.36908116936683655,0.5270921587944031,-0.467612624168396,"","","","","","","","","","","","","","","","","","","","","","","","","","","","","","","","","","","","","","","","","","","","","","","","","",0.11625880002975464,"","","PRUNED"
91,0.10516931861639023,"2025-05-16 21:05:20.098057","2025-05-16 21:05:23.834134","0 days 00:00:03.736077",160,208.0,240.0,"","",96,"","","","",0.01263377578675338,3,1,"","","","","","",0.12700173258781433,494.56640625,0.4080313742160797,0.5179023146629333,0.5609709620475769,0.10588723421096802,0.13527372479438782,1906.0146484375,0.26833128929138184,0.2837335169315338,0.5139411091804504,0.15482383966445923,0.19663569331169128,238.31307983398438,0.09662569314241409,0.11766896396875381,0.13274826109409332,-0.16324913501739502,0.19143883883953094,65.88800048828125,0.531984269618988,0.42766237258911133,0.4326077401638031,-0.45350897312164307,0.12514913082122803,226.79232788085938,0.08245041966438293,0.09237756580114365,0.13754397630691528,-0.030742645263671875,0.1316886842250824,129.58340454101562,0.3709731996059418,0.3719009757041931,0.3874508738517761,-0.09555494785308838,0.23467423021793365,160.51283264160156,0.9334707856178284,0.7669716477394104,0.8005183935165405,-0.3083730936050415,"","","","","","",0.1505521684885025,60.080902099609375,0.8804606795310974,0.8408865332603455,0.8120480179786682,-0.04325532913208008,0.21302387118339539,1137.52880859375,0.4477129578590393,0.5186353921890259,0.7206449508666992,-0.3138148784637451,0.1632274091243744,77.53723907470703,0.691082239151001,0.6441919803619385,0.7207083702087402,-0.39210355281829834,0.14869430661201477,60.78496551513672,0.5529853701591492,0.5196689963340759,0.6388604044914246,-0.2551618814468384,0.0883585512638092,22965.279296875,0.704895555973053,0.6533684134483337,0.5519771575927734,0.04926878213882446,0.10060549527406693,396.8680114746094,0.4238296151161194,0.4570922255516052,0.4370003342628479,-0.06893646717071533,0.13535480201244354,246.08106994628906,0.5964379906654358,0.5689791440963745,0.6378222107887268,0.05102819204330444,0.09621794521808624,1228.084716796875,0.051867760717868805,0.05142815411090851,0.0730084478855133,0.05334341526031494,0.13230717182159424,401.29046630859375,0.7569870352745056,0.6181889772415161,0.725765585899353,0.2593780755996704,"",0.10415805876255035,0.10447987914085388,0.10516931861639023,"PRUNED"
92,0.10917142033576965,"2025-05-16 21:05:23.834499","2025-05-16 21:05:24.931837","0 days 00:00:01.097338",160,208.0,240.0,"","",80,"","","","",0.012335878864805291,3,1,"","","","","","","","","","","","","","","","","","","","","","","","","","","","","","","","","","","","","","","","","","","","","","","","","","","","","","",0.19139017164707184,74.29249572753906,0.3720141053199768,0.39922037720680237,0.5143532752990723,-0.7142089605331421,0.1986485719680786,1080.5379638671875,0.5384753942489624,0.5306656956672668,0.7569270730018616,-0.26242685317993164,0.19442841410636902,102.41197204589844,0.8360481858253479,0.745682418346405,0.751471221446991,-1.5165932178497314,0.1522112935781479,88.3444595336914,0.6667888164520264,0.649977445602417,0.6839603781700134,0.07094818353652954,"","","","","","","","","","","","","","","","","","","","","","","","","","","","","","","",0.10392346978187561,0.10917142033576965,"","PRUNED"
93,0.1197010949254036,"2025-05-16 21:05:24.932123","2025-05-16 21:05:25.406321","0 days 00:00:00.474198",144,240.0,240.0,"","",112,"","","","",0.027282948889936303,3,1,"","","","","","","","","","","","","","","","","","","","","","","","","","","","","","","","","","","","","","","","","","","","","","","","","","","","","","",0.16547571122646332,61.174957275390625,0.7282416820526123,0.6829031109809875,0.7027096748352051,-0.3762495517730713,"","","","","","","","","","","","","","","","","","","","","","","","","","","","","","","","","","","","","","","","","","","","","","","","","",0.1197010949254036,"","","PRUNED"
94,0.10926028341054916,"2025-05-16 21:05:25.406569","2025-05-16 21:05:25.847590","0 days 00:00:00.441021",176,192.0,224.0,"","",96,"","","","",0.008592599595677243,3,1,"","","","","","","","","","","","","","","","","","","","","","","","","","","","","","","","","","","","","","","","","","","","","","","","","","","","","","",0.14190524816513062,61.26088333129883,0.8581236004829407,0.7523980736732483,0.7565395832061768,0.07533800601959229,"","","","","","","","","","","","","","","","","","","","","","","","","","","","","","","","","","","","","","","","","","","","","","","","","",0.10926028341054916,"","","PRUNED"
95,0.11821567267179489,"2025-05-16 21:05:25.847856","2025-05-16 21:05:26.364261","0 days 00:00:00.516405",160,208.0,256.0,"","",256,"","","","",0.01809228862277973,3,1,"","","","","","","","","","","","","","","","","","","","","","","","","","","","","","","","","","","","","","","","","","","","","","","","","","","","","","",0.17599914968013763,69.09754180908203,0.45254942774772644,0.44006192684173584,0.6335085034370422,-0.5059326887130737,"","","","","","","","","","","","","","","","","","","","","","","","","","","","","","","","","","","","","","","","","","","","","","","","","",0.11821567267179489,"","","PRUNED"
96,0.1285609006881714,"2025-05-16 21:05:26.364524","2025-05-16 21:05:26.833650","0 days 00:00:00.469126",96,256.0,224.0,"","",240,"","","","",0.03864684478195868,3,1,"","","","","","","","","","","","","","","","","","","","","","","","","","","","","","","","","","","","","","","","","","","","","","","","","","","","","","",0.17972342669963837,58.90901565551758,0.3079359233379364,0.3392367362976074,0.38500848412513733,-0.7564500570297241,"","","","","","","","","","","","","","","","","","","","","","","","","","","","","","","","","","","","","","","","","","","","","","","","","",0.1285609006881714,"","","PRUNED"
97,0.1289832890033722,"2025-05-16 21:05:26.833906","2025-05-16 21:05:27.604365","0 days 00:00:00.770459",112,208.0,96.0,"","",112,176.0,16.0,176.0,"",0.024037394652681527,3,4,"","","","","","","","","","","","","","","","","","","","","","","","","","","","","","","","","","","","","","","","","","","","","","","","","","","","","","",0.18513020873069763,62.23508834838867,0.3079359233379364,0.3392367362976074,0.38500848412513733,-0.8044145107269287,"","","","","","","","","","","","","","","","","","","","","","","","","","","","","","","","","","","","","","","","","","","","","","","","","",0.1289832890033722,"","","PRUNED"
98,0.11014633625745773,"2025-05-16 21:05:27.604667","2025-05-16 21:05:28.709922","0 days 00:00:01.105255",144,224.0,240.0,"","",80,"","","","",0.012129945860224358,3,1,"","","","","","","","","","","","","","","","","","","","","","","","","","","","","","","","","","","","","","","","","","","","","","","","","","","","","","",0.15129433572292328,65.2420883178711,0.7539709806442261,0.746896505355835,0.7344498038291931,-0.016959667205810547,0.21334941685199738,1175.51025390625,0.6809897422790527,0.7453864216804504,0.841951847076416,-0.2092043161392212,0.15653207898139954,83.24372863769531,0.784895658493042,0.7136067152023315,0.7180622816085815,-0.19008243083953857,0.15213412046432495,79.04443359375,0.6302509903907776,0.5455849170684814,0.6861002445220947,-0.03576397895812988,"","","","","","","","","","","","","","","","","","","","","","","","","","","","","","","",0.10431205481290817,0.11014633625745773,"","PRUNED"
99,0.1071164608001709,"2025-05-16 21:05:28.710231","2025-05-16 21:05:32.303629","0 days 00:00:03.593398",144,144.0,256.0,"","",96,"","","","",0.0020256473454256674,3,1,"","","","","","",0.1289144903421402,564.2514038085938,0.39536988735198975,0.3817532956600189,0.5361958146095276,0.07038086652755737,0.18723753094673157,4617.7548828125,0.8537968993186951,0.8577997088432312,0.7759588956832886,0.11433148384094238,0.19923757016658783,261.5683288574219,0.2056184560060501,0.1443944126367569,0.14481805264949799,-0.17593097686767578,0.18689797818660736,64.61043548583984,0.310346394777298,0.2762264013290405,0.28427764773368835,-0.4671570062637329,0.1277506947517395,237.21249389648438,0.11079776287078857,0.11239827424287796,0.12840476632118225,-0.06458592414855957,0.11531002074480057,86.4254150390625,0.15869911015033722,0.1518217772245407,0.2278505116701126,-0.09410762786865234,0.2332846224308014,175.55484008789062,0.7098143100738525,0.7579023241996765,0.5953734517097473,-0.2747378349304199,"","","","","","",0.1412096470594406,60.53168869018555,0.8660328388214111,0.7567667365074158,0.7530645132064819,0.03465300798416138,0.20478300750255585,1175.4385986328125,0.7240389585494995,0.8121604323387146,0.8831199407577515,-0.11901247501373291,0.15588180720806122,103.83325958251953,0.7230726480484009,0.7096092700958252,0.7056981325149536,-0.39244580268859863,0.12249226123094559,62.764137268066406,0.9259599447250366,0.7910966277122498,0.846798837184906,0.3374270796775818,0.09411516040563583,39033.0625,0.6693425178527832,0.5680216550827026,0.48668861389160156,0.044751763343811035,0.10280386358499527,383.8313903808594,0.32196134328842163,0.3372960090637207,0.3356008231639862,-0.2304314374923706,0.13688507676124573,296.2398376464844,0.6931765079498291,0.5537998080253601,0.6413246393203735,0.08061379194259644,0.09409990906715393,1263.83544921875,0.20616436004638672,0.2652290463447571,0.22992920875549316,0.030986249446868896,0.10717710852622986,445.9485168457031,0.9742579460144043,0.8262228965759277,0.7525383830070496,0.4530988931655884,"",0.1046757772564888,0.10654883086681366,0.1071164608001709,"PRUNED"
