"number","value","datetime_start","datetime_complete","duration","params_decoder_layer_width_0","params_decoder_layer_width_1","params_decoder_layer_width_2","params_decoder_layer_width_3","params_decoder_layer_width_4","params_encoder_layer_width_0","params_encoder_layer_width_1","params_encoder_layer_width_2","params_encoder_layer_width_3","params_encoder_layer_width_4","params_gatv2_dropout","params_gatv2_heads","params_lr","params_n_decoder_layers","params_n_encoder_layers","user_attrs_avg_mae","user_attrs_avg_mape","user_attrs_avg_ndcg10","user_attrs_avg_ndcg20","user_attrs_avg_ndcg50","user_attrs_avg_r2","user_attrs_fold10_mae","user_attrs_fold10_mape","user_attrs_fold10_ndcg10","user_attrs_fold10_ndcg20","user_attrs_fold10_ndcg50","user_attrs_fold10_r2","user_attrs_fold11_mae","user_attrs_fold11_mape","user_attrs_fold11_ndcg10","user_attrs_fold11_ndcg20","user_attrs_fold11_ndcg50","user_attrs_fold11_r2","user_attrs_fold12_mae","user_attrs_fold12_mape","user_attrs_fold12_ndcg10","user_attrs_fold12_ndcg20","user_attrs_fold12_ndcg50","user_attrs_fold12_r2","user_attrs_fold13_mae","user_attrs_fold13_mape","user_attrs_fold13_ndcg10","user_attrs_fold13_ndcg20","user_attrs_fold13_ndcg50","user_attrs_fold13_r2","user_attrs_fold14_mae","user_attrs_fold14_mape","user_attrs_fold14_ndcg10","user_attrs_fold14_ndcg20","user_attrs_fold14_ndcg50","user_attrs_fold14_r2","user_attrs_fold15_mae","user_attrs_fold15_mape","user_attrs_fold15_ndcg10","user_attrs_fold15_ndcg20","user_attrs_fold15_ndcg50","user_attrs_fold15_r2","user_attrs_fold1_mae","user_attrs_fold1_mape","user_attrs_fold1_ndcg10","user_attrs_fold1_ndcg20","user_attrs_fold1_ndcg50","user_attrs_fold1_r2","user_attrs_fold2_mae","user_attrs_fold2_mape","user_attrs_fold2_ndcg10","user_attrs_fold2_ndcg20","user_attrs_fold2_ndcg50","user_attrs_fold2_r2","user_attrs_fold3_mae","user_attrs_fold3_mape","user_attrs_fold3_ndcg10","user_attrs_fold3_ndcg20","user_attrs_fold3_ndcg50","user_attrs_fold3_r2","user_attrs_fold4_mae","user_attrs_fold4_mape","user_attrs_fold4_ndcg10","user_attrs_fold4_ndcg20","user_attrs_fold4_ndcg50","user_attrs_fold4_r2","user_attrs_fold5_mae","user_attrs_fold5_mape","user_attrs_fold5_ndcg10","user_attrs_fold5_ndcg20","user_attrs_fold5_ndcg50","user_attrs_fold5_r2","user_attrs_fold6_mae","user_attrs_fold6_mape","user_attrs_fold6_ndcg10","user_attrs_fold6_ndcg20","user_attrs_fold6_ndcg50","user_attrs_fold6_r2","user_attrs_fold7_mae","user_attrs_fold7_mape","user_attrs_fold7_ndcg10","user_attrs_fold7_ndcg20","user_attrs_fold7_ndcg50","user_attrs_fold7_r2","user_attrs_fold8_mae","user_attrs_fold8_mape","user_attrs_fold8_ndcg10","user_attrs_fold8_ndcg20","user_attrs_fold8_ndcg50","user_attrs_fold8_r2","user_attrs_fold9_mae","user_attrs_fold9_mape","user_attrs_fold9_ndcg10","user_attrs_fold9_ndcg20","user_attrs_fold9_ndcg50","user_attrs_fold9_r2","user_attrs_pca_components","system_attrs_completed_rung_0","system_attrs_completed_rung_1","state"
0,0.1561662048101425,"2025-05-16 15:34:51.710555","2025-05-16 15:35:37.213649","0 days 00:00:45.503094",240,32.0,"","","",256,32.0,240.0,112.0,"",0.5,13,0.09875150953467308,2,4,0.1561662048101425,414.72461624145507,0.2462010256946087,0.29975759809215863,0.3645697539672256,-0.3767239491144816,0.20048829913139343,124.93560028076172,0.37938931584358215,0.4339168965816498,0.3819175958633423,-0.38453006744384766,0.22022365033626556,65.66989135742188,0.38391774892807007,0.4002876281738281,0.3655586540699005,-0.7986130714416504,0.12701593339443207,78.20258331298828,0.18742690980434418,0.28259921073913574,0.2967640161514282,-0.43671727180480957,0.13226257264614105,63.54620361328125,0.42674726247787476,0.3965179920196533,0.4997186064720154,-0.43748950958251953,0.24563299119472504,112.97369384765625,0.4681253135204315,0.6776140928268433,0.5763584971427917,-0.5022914409637451,0.11012862622737885,79.48715209960938,0.16633036732673645,0.3710179030895233,0.43047839403152466,-0.3463505506515503,0.18312999606132507,60.93522262573242,0.3079359233379364,0.3392367362976074,0.38500848412513733,-0.7871259450912476,0.21598492562770844,1002.82763671875,0.5616838932037354,0.40270331501960754,0.723856508731842,-0.4260845184326172,0.14636225998401642,55.77180862426758,0.15729229152202606,0.44170698523521423,0.5248095989227295,-0.5446946620941162,0.16238988935947418,54.7172966003418,0.14052796363830566,0.1728532761335373,0.4216603934764862,-0.5295459032058716,0.10382102429866791,577.7401733398438,0.10077051818370819,0.16893522441387177,0.19974727928638458,-0.14148998260498047,0.11171898245811462,1710.194580078125,0.01697789691388607,0.00923118181526661,0.01368717197328806,-0.04181015491485596,0.1263071596622467,304.3331298828125,0.1929292529821396,0.17804193496704102,0.2638821005821228,-0.1403442621231079,0.12610460817813873,375.4628601074219,0.17855799198150635,0.1929423213005066,0.3449734151363373,-0.08903133869171143,0.13092215359210968,1554.0714111328125,0.024402735754847527,0.028759272769093513,0.04012559354305267,-0.04474055767059326,5.0,"","","COMPLETE"
1,0.15207312107086182,"2025-05-16 15:35:37.214425","2025-05-16 15:35:47.775351","0 days 00:00:10.560926",240,96.0,160.0,224.0,128.0,112,16.0,48.0,128.0,176.0,0.1,2,0.0002394705899078901,5,5,0.15207312107086182,365.22879791259766,0.4105059839785099,0.412652916709582,0.4472625176111857,-0.32823474407196046,0.1960178166627884,220.07591247558594,0.45536670088768005,0.438951700925827,0.33612653613090515,-0.2100226879119873,0.1937020868062973,61.724430084228516,0.2660205662250519,0.25714316964149475,0.26587551832199097,-0.5548731088638306,0.11507148295640945,182.7158966064453,0.12786434590816498,0.12682540714740753,0.21345360577106476,-0.04638493061065674,0.12233489006757736,77.86827087402344,0.2770703136920929,0.30329975485801697,0.39179661870002747,-0.27582240104675293,0.23880822956562042,209.42755126953125,0.32217279076576233,0.328752338886261,0.2918429970741272,-0.28434741497039795,0.10581853985786438,89.65542602539062,0.2892400622367859,0.2663671374320984,0.3156871199607849,-0.25933992862701416,0.15364402532577515,46.19143295288086,0.7190753221511841,0.6844194531440735,0.6514258980751038,-0.5300488471984863,0.21325452625751495,1222.548828125,0.35369232296943665,0.5366882681846619,0.7015379071235657,-0.3548189401626587,0.18545417487621307,83.22785186767578,0.7953464984893799,0.7617111206054688,0.7712315917015076,-0.943134069442749,0.15393215417861938,52.67976379394531,0.7722830772399902,0.7027106285095215,0.7194055914878845,-0.43929481506347656,0.10630150139331818,203.60362243652344,0.262398898601532,0.2280302792787552,0.26809176802635193,-0.4272341728210449,0.11807636171579361,1864.447265625,0.024201851338148117,0.24925532937049866,0.19712774455547333,-0.06813859939575195,0.13319233059883118,127.15365600585938,0.40213751792907715,0.3664949834346771,0.5590360760688782,-0.290881872177124,0.1258143037557602,373.634765625,0.23945388197898865,0.23612819612026215,0.3474707305431366,-0.0904839038848877,0.11967439204454422,663.477294921875,0.8512656092643738,0.7030159831047058,0.6788280606269836,-0.1486954689025879,5.0,0.12717917561531067,0.11819801479578018,"COMPLETE"
2,0.13092011213302612,"2025-05-16 15:35:47.775821","2025-05-16 15:35:51.382687","0 days 00:00:03.606866",224,240.0,16.0,80.0,64.0,176,224.0,16.0,128.0,"",0.5,8,0.008966972974699883,5,4,"","","","","","","","","","","","","","","","","","","","","","","","","","","","","","","","","","","","","","","","","","",0.1853024661540985,62.34703826904297,0.3079359233379364,0.3392367362976074,0.38500848412513733,-0.8059122562408447,"","","","","","","","","","","","","","","","","","","","","","","","","","","","","","","","","","","","","","","","","","","","","","","","","",0.13092011213302612,"","PRUNED"
3,0.12218166887760162,"2025-05-16 15:35:51.383002","2025-05-16 15:36:02.916340","0 days 00:00:11.533338",48,16.0,240.0,"","",176,128.0,176.0,16.0,96.0,0.4,10,0.0015306216216183887,3,5,"","","","","","","","","","","","","","","","","","","","","","","","","","","","","","","","","","","","","","","","","","",0.19365939497947693,68.5283432006836,0.3692508041858673,0.3330690264701843,0.44785261154174805,-0.872631311416626,0.2080976516008377,670.6152954101562,0.37938088178634644,0.5262762308120728,0.6685027480125427,-0.3997143507003784,0.1790831834077835,77.42904663085938,0.6890208721160889,0.7197186350822449,0.7390839457511902,-0.8873170614242554,0.20544995367527008,85.99132537841797,0.4654545485973358,0.4957695007324219,0.5361137390136719,-0.8831017017364502,"","","","","","","","","","","","","","","","","","","","","","","","","","","","","","","",0.11795920133590698,0.12218166887760162,"PRUNED"
4,0.1188063770532608,"2025-05-16 15:36:02.916677","2025-05-16 15:36:15.730804","0 days 00:00:12.814127",96,240.0,160.0,"","",128,80.0,176.0,128.0,"",0.0,12,0.00017923047275402704,3,4,"","","","","","","","","","","","","","","","","","","","","","","","","","","","","","","","","","","","","","","","","","",0.16071155667304993,50.262142181396484,0.3101609945297241,0.32155677676200867,0.4325575828552246,-0.5702979564666748,0.2139943242073059,1918.38037109375,0.4184630513191223,0.523931622505188,0.6977053284645081,-0.25230836868286133,0.18189933896064758,80.21775817871094,0.8720508813858032,0.8219442367553711,0.8149706721305847,-0.9079101085662842,0.13283878564834595,61.18529510498047,0.722164511680603,0.673327624797821,0.7082464098930359,-0.10608577728271484,"","","","","","","","","","","","","","","","","","","","","","","","","","","","","","","",0.1170329749584198,0.1188063770532608,"PRUNED"
5,0.13473477959632874,"2025-05-16 15:36:15.731101","2025-05-16 15:36:26.050979","0 days 00:00:10.319878",144,"","","","",144,16.0,192.0,160.0,208.0,0.0,16,0.005418476018270503,1,5,"","","","","","","","","","","","","","","","","","","","","","","","","","","","","","","","","","","","","","","","","","",0.18811988830566406,64.29902648925781,0.31129181385040283,0.5103903412818909,0.597385823726654,-0.8267166614532471,"","","","","","","","","","","","","","","","","","","","","","","","","","","","","","","","","","","","","","","","","","","","","","","","","",0.13473477959632874,"","PRUNED"
6,0.1172260269522667,"2025-05-16 15:36:26.051332","2025-05-16 15:36:32.411638","0 days 00:00:06.360306",224,96.0,32.0,128.0,160.0,208,64.0,208.0,80.0,"",0.2,14,0.00017439147268284627,5,4,"","","","","","","","","","","","","","","","","","","","","","","","","","","","","","","","","","","","","","","","","","",0.1953948438167572,70.04216003417969,0.3568630814552307,0.34280046820640564,0.518063485622406,-0.8717682361602783,"","","","","","","","","","","","","","","","","","","","","","","","","","","","","","","","","","","","","","","","","","","","","","","","","",0.1172260269522667,"","PRUNED"
7,0.11710460484027863,"2025-05-16 15:36:32.412032","2025-05-16 15:36:35.463322","0 days 00:00:03.051290",208,208.0,80.0,"","",160,256.0,112.0,176.0,"",0.2,5,0.0006322358966466912,3,4,"","","","","","","","","","","","","","","","","","","","","","","","","","","","","","","","","","","","","","","","","","",0.18068130314350128,60.81647872924805,0.40910467505455017,0.38820087909698486,0.5006588697433472,-0.7348146438598633,"","","","","","","","","","","","","","","","","","","","","","","","","","","","","","","","","","","","","","","","","","","","","","","","","",0.11710460484027863,"","PRUNED"
8,0.1251235008239746,"2025-05-16 15:36:35.463794","2025-05-16 15:36:48.157888","0 days 00:00:12.694094",240,48.0,176.0,"","",176,80.0,176.0,256.0,224.0,0.30000000000000004,14,0.004816220551792269,3,5,"","","","","","","","","","","","","","","","","","","","","","","","","","","","","","","","","","","","","","","","","","",0.21861737966537476,83.98445892333984,0.2982815206050873,0.3778195381164551,0.4374624490737915,-1.1222281455993652,"","","","","","","","","","","","","","","","","","","","","","","","","","","","","","","","","","","","","","","","","","","","","","","","","",0.1251235008239746,"","PRUNED"
9,0.12997440993785858,"2025-05-16 15:36:48.158200","2025-05-16 15:36:49.410127","0 days 00:00:01.251927",256,80.0,48.0,224.0,224.0,64,128.0,224.0,160.0,"",0.4,1,0.0234374065111719,5,4,"","","","","","","","","","","","","","","","","","","","","","","","","","","","","","","","","","","","","","","","","","",0.20291632413864136,73.8960952758789,0.4791470766067505,0.3991861641407013,0.42371273040771484,-0.9626435041427612,"","","","","","","","","","","","","","","","","","","","","","","","","","","","","","","","","","","","","","","","","","","","","","","","","",0.12997440993785858,"","PRUNED"
10,0.14510725835959118,"2025-05-16 15:36:49.410412","2025-05-16 15:36:53.340604","0 days 00:00:03.930192",176,160.0,240.0,240.0,"",16,"","","","",0.1,1,0.0006406851888198296,4,1,0.14510725835959118,443.46924006144206,0.541007939974467,0.5707914749781291,0.6202809303998947,-0.08281609217325846,0.1876256912946701,187.81919860839844,0.9992663860321045,0.9949991703033447,0.7948653101921082,-0.10574972629547119,0.18699291348457336,61.411563873291016,0.494437038898468,0.531469464302063,0.624106228351593,-0.4621390104293823,0.11324957758188248,173.06411743164062,0.7280833721160889,0.6020325422286987,0.6134395003318787,-0.02556633949279785,0.11839329451322556,76.98847961425781,0.6974535584449768,0.7124221920967102,0.6730824708938599,-0.18003129959106445,0.2281562238931656,170.9139404296875,0.21595796942710876,0.49400484561920166,0.6479923129081726,-0.2098921537399292,0.09273909777402878,118.87162780761719,0.7374967336654663,0.7101079821586609,0.7337904572486877,0.1801404356956482,0.14714612066745758,68.36386108398438,0.6881977915763855,0.6786437630653381,0.7313059568405151,0.035872578620910645,0.23210418224334717,2830.463134765625,0.23057794570922852,0.3788924515247345,0.608222484588623,-0.26026761531829834,0.15421390533447266,65.95108795166016,0.788499653339386,0.769778311252594,0.7625323534011841,-0.4748302698135376,0.1522168517112732,131.21524047851562,0.8122051358222961,0.7453052401542664,0.7903350591659546,0.18746715784072876,0.09909253567457199,317.6176452636719,0.2619667649269104,0.3823516070842743,0.46903476119041443,-0.1822870969772339,0.08148247003555298,881.3605346679688,0.0763779878616333,0.11069658398628235,0.0987238734960556,0.029422640800476074,0.1538422554731369,531.3493041992188,0.37925565242767334,0.3479193449020386,0.5175546407699585,0.012244224548339844,0.13128860294818878,563.7427978515625,0.17298534512519836,0.3324415981769562,0.38981425762176514,0.037451744079589844,0.09806515276432037,472.90606689453125,0.8323577642440796,0.7708070278167725,0.8494142889976501,0.17592334747314453,5.0,0.10692170262336731,0.11457102000713348,"COMPLETE"
11,0.14408378899097443,"2025-05-16 15:36:53.341068","2025-05-16 15:36:57.333326","0 days 00:00:03.992258",160,160.0,256.0,256.0,"",16,"","","","",0.1,1,0.0006301682382036829,4,1,0.14408378899097443,403.8955518086751,0.5600896790623665,0.5850460191567739,0.614532046020031,-0.062198833624521895,0.19560371339321136,249.59300231933594,0.4560551643371582,0.5310418009757996,0.476359486579895,-0.14100539684295654,0.1876741647720337,59.36027145385742,0.7624471187591553,0.7734932899475098,0.6527820229530334,-0.4466698169708252,0.10973090678453445,126.3223648071289,0.8439188003540039,0.7028442025184631,0.671818196773529,-0.026189208030700684,0.11136049032211304,88.12864685058594,0.5305516719818115,0.5275593996047974,0.4936341345310211,0.022288084030151367,0.22472766041755676,135.5937957763672,0.9401265978813171,0.934417188167572,0.9110295176506042,-0.20647907257080078,0.09193839877843857,111.79508972167969,0.8177868127822876,0.785356342792511,0.7847992777824402,0.16394078731536865,0.14243900775909424,66.09727478027344,0.5367836356163025,0.6374209523200989,0.7154961228370667,0.07263195514678955,0.2323019653558731,2122.162353515625,0.28935056924819946,0.3975885212421417,0.6121250987052917,-0.29194605350494385,0.17254464328289032,77.35526275634766,0.7814634442329407,0.811989426612854,0.7889424562454224,-0.6270664930343628,0.13142603635787964,83.18230438232422,0.7952409982681274,0.7427998185157776,0.705133318901062,0.14694535732269287,0.10018610954284668,194.5787811279297,0.24664604663848877,0.3552872836589813,0.5052008628845215,-0.2727435827255249,0.08878375589847565,1094.58544921875,0.1054825559258461,0.10900640487670898,0.11272627860307693,0.08523702621459961,0.13869328796863556,474.7668762207031,0.7185295224189758,0.5979946255683899,0.6806303858757019,0.21820223331451416,0.137004092335701,650.8632202148438,0.17648498713970184,0.26181837916374207,0.36996325850486755,0.07017934322357178,0.09684260189533234,524.048583984375,0.40047726035118103,0.607072651386261,0.7373402714729309,0.2996923327445984,5.0,0.11078137904405594,0.1145024225115776,"COMPLETE"
12,0.14518163402875264,"2025-05-16 15:36:57.333771","2025-05-16 15:37:01.337991","0 days 00:00:04.004220",160,160.0,256.0,256.0,"",16,"","","","",0.1,4,0.0010676148029181431,4,1,0.14518163402875264,457.80741551717125,0.57613552014033,0.5665880004564922,0.6079948340853055,-0.054708973566691084,0.18022702634334564,183.73831176757812,0.9992663860321045,0.8124838471412659,0.7552504539489746,0.023386240005493164,0.15041609108448029,59.41010665893555,0.9779908657073975,0.8475826382637024,0.8102991580963135,0.10725235939025879,0.11224021762609482,139.13232421875,0.8210175633430481,0.7028419375419617,0.6300702691078186,-0.0763481855392456,0.1125355139374733,119.4636459350586,0.6111930012702942,0.6954984664916992,0.685495913028717,0.14530885219573975,0.2217186838388443,186.12680053710938,0.7834227085113525,0.8359742760658264,0.704678475856781,-0.09895062446594238,0.09959705919027328,144.94544982910156,0.5533342957496643,0.5908742547035217,0.601856529712677,0.03860694169998169,0.15262332558631897,66.5270004272461,0.7047153115272522,0.6792882084846497,0.6808900833129883,-0.0668402910232544,0.26228067278862,3212.434326171875,0.22460032999515533,0.42289116978645325,0.6021906733512878,-0.4371393918991089,0.16920794546604156,73.20915985107422,0.7668712735176086,0.6749057173728943,0.6862193942070007,-0.625285267829895,0.14593477547168732,106.46060943603516,0.8622735142707825,0.7311843037605286,0.7672814130783081,0.1706697940826416,0.10739381611347198,144.2776641845703,0.22242802381515503,0.23047609627246857,0.3879622220993042,-0.41919541358947754,0.07476732134819031,695.6057739257812,0.056056275963783264,0.0915105789899826,0.11411427706480026,0.055465877056121826,0.15013179183006287,550.8977661132812,0.4332073926925659,0.41306501626968384,0.6063817739486694,0.12909561395645142,0.14048445224761963,674.9703369140625,0.1728699505329132,0.2521781027317047,0.35083580017089844,0.02003556489944458,0.09816581755876541,509.9119567871094,0.4527859091758728,0.5180653929710388,0.736396074295044,0.2133033275604248,5.0,0.10306256264448166,0.10730692744255066,"COMPLETE"
13,0.11698946356773376,"2025-05-16 15:37:01.338420","2025-05-16 15:37:01.876654","0 days 00:00:00.538234",176,160.0,208.0,176.0,"",16,"","","","",0.1,5,0.000548904774306363,4,1,"","","","","","","","","","","","","","","","","","","","","","","","","","","","","","","","","","","","","","","","","","",0.146175816655159,68.79961395263672,0.5937848687171936,0.6329517364501953,0.6452264189720154,0.0578153133392334,"","","","","","","","","","","","","","","","","","","","","","","","","","","","","","","","","","","","","","","","","","","","","","","","","",0.11698946356773376,"","PRUNED"
14,0.11229901015758514,"2025-05-16 15:37:01.876920","2025-05-16 15:37:03.950491","0 days 00:00:02.073571",96,192.0,224.0,256.0,"",64,176.0,"","","",0.1,2,0.002042522887177407,4,2,"","","","","","","","","","","","","","","","","","","","","","","","","","","","","","","","","","","","","","","","","","",0.16537800431251526,56.56348419189453,0.7382091283798218,0.7008876800537109,0.7373097538948059,-0.48370110988616943,0.23923052847385406,3902.951416015625,0.35361289978027344,0.4998399615287781,0.6788239479064941,-0.062018513679504395,0.189431294798851,87.22647094726562,0.33011627197265625,0.38632437586784363,0.5265288949012756,-0.9881813526153564,0.13234633207321167,63.42986297607422,0.22870248556137085,0.39260584115982056,0.5087906122207642,-0.07455611228942871,"","","","","","","","","","","","","","","","","","","","","","","","","","","","","","","",0.1094428151845932,0.11229901015758514,"PRUNED"
15,0.11448326706886292,"2025-05-16 15:37:03.950772","2025-05-16 15:37:05.650252","0 days 00:00:01.699480",112,128.0,112.0,176.0,"",64,192.0,"","","",0.2,7,0.00044079493980723333,4,2,"","","","","","","","","","","","","","","","","","","","","","","","","","","","","","","","","","","","","","","","","","",0.1628173291683197,63.530338287353516,0.40801697969436646,0.40660902857780457,0.5094521641731262,-0.4208167791366577,"","","","","","","","","","","","","","","","","","","","","","","","","","","","","","","","","","","","","","","","","","","","","","","","","",0.11448326706886292,"","PRUNED"
16,0.12806986272335052,"2025-05-16 15:37:05.650541","2025-05-16 15:37:06.650227","0 days 00:00:00.999686",192,144.0,208.0,32.0,"",96,160.0,"","","",0.0,3,0.00011309722545745624,4,2,"","","","","","","","","","","","","","","","","","","","","","","","","","","","","","","","","","","","","","","","","","",0.1794659048318863,61.389183044433594,0.3768101632595062,0.42559847235679626,0.5650666356086731,-0.6916532516479492,"","","","","","","","","","","","","","","","","","","","","","","","","","","","","","","","","","","","","","","","","","","","","","","","","",0.12806986272335052,"","PRUNED"
17,0.11416611075401306,"2025-05-16 15:37:06.650517","2025-05-16 15:37:07.124290","0 days 00:00:00.473773",128,192.0,"","","",32,"","","","",0.30000000000000004,6,0.00107315203635109,2,1,"","","","","","","","","","","","","","","","","","","","","","","","","","","","","","","","","","","","","","","","","","",0.18924756348133087,73.28610229492188,0.7975636720657349,0.7061753273010254,0.7322999238967896,-0.6118142604827881,"","","","","","","","","","","","","","","","","","","","","","","","","","","","","","","","","","","","","","","","","","","","","","","","","",0.11416611075401306,"","PRUNED"
18,0.11720454692840576,"2025-05-16 15:37:07.124552","2025-05-16 15:37:07.930169","0 days 00:00:00.805617",48,128.0,"","","",48,256.0,80.0,"","",0.1,1,0.00036400906831025794,2,3,"","","","","","","","","","","","","","","","","","","","","","","","","","","","","","","","","","","","","","","","","","",0.15471942722797394,48.52328872680664,0.3101609945297241,0.3621177673339844,0.5596593022346497,-0.48049914836883545,"","","","","","","","","","","","","","","","","","","","","","","","","","","","","","","","","","","","","","","","","","","","","","","","","",0.11720454692840576,"","PRUNED"
19,0.11697825789451599,"2025-05-16 15:37:07.930442","2025-05-16 15:37:10.803215","0 days 00:00:02.872773",176,208.0,256.0,192.0,"",96,208.0,"","","",0.0,10,0.0029211664619859063,4,2,"","","","","","","","","","","","","","","","","","","","","","","","","","","","","","","","","","","","","","","","","","",0.14059369266033173,46.33273696899414,0.8608444929122925,0.7278233170509338,0.6841554641723633,-0.22891807556152344,"","","","","","","","","","","","","","","","","","","","","","","","","","","","","","","","","","","","","","","","","","","","","","","","","",0.11697825789451599,"","PRUNED"
20,0.11664539575576782,"2025-05-16 15:37:10.803500","2025-05-16 15:37:11.201861","0 days 00:00:00.398361",16,"","","","",32,"","","","",0.2,3,0.012620989778243512,1,1,"","","","","","","","","","","","","","","","","","","","","","","","","","","","","","","","","","","","","","","","","","",0.16085228323936462,73.2655029296875,0.8012659549713135,0.7032133936882019,0.6796515583992004,-0.16564571857452393,"","","","","","","","","","","","","","","","","","","","","","","","","","","","","","","","","","","","","","","","","","","","","","","","","",0.11664539575576782,"","PRUNED"
21,0.14520932088295618,"2025-05-16 15:37:11.202172","2025-05-16 15:37:14.936906","0 days 00:00:03.734734",160,160.0,256.0,256.0,"",16,"","","","",0.1,4,0.0008318176159360358,4,1,0.14520932088295618,459.82581990559896,0.5759960929552714,0.5777578679223855,0.6174542884031932,-0.062239992618560794,0.18105527758598328,201.12454223632812,0.9977991580963135,0.8522438406944275,0.7463548183441162,0.03681403398513794,0.17888657748699188,55.36774444580078,1.0,0.9568802118301392,0.8327948451042175,-0.2894686460494995,0.10897619277238846,107.7010726928711,0.8419048190116882,0.7314812541007996,0.6799679398536682,-0.03156125545501709,0.1076921597123146,122.08739471435547,0.6095105409622192,0.6464922428131104,0.6585748195648193,0.28768640756607056,0.20592357218265533,111.55936431884766,1.0,0.8844897150993347,0.7895807027816772,0.02193319797515869,0.09699470549821854,110.55726623535156,0.7377670407295227,0.6717971563339233,0.7145801782608032,0.0065847039222717285,0.17388615012168884,66.2000961303711,0.6455561518669128,0.6172527074813843,0.6712074875831604,-0.4629935026168823,0.24247968196868896,3301.86376953125,0.3152036964893341,0.43241891264915466,0.6207578778266907,-0.18925213813781738,0.1790069192647934,81.26134490966797,0.5768275260925293,0.525589644908905,0.55292147397995,-0.7589236497879028,0.1741800308227539,154.10354614257812,0.5227932929992676,0.6280546188354492,0.6489512324333191,-0.04952812194824219,0.09830063581466675,283.02105712890625,0.23512697219848633,0.2770739793777466,0.3867100477218628,-0.18156588077545166,0.07877128571271896,839.4122314453125,0.05148622393608093,0.05499453470110893,0.07874229550361633,0.04620373249053955,0.13588333129882812,415.5672912597656,0.35711416602134705,0.3627811372280121,0.5929562449455261,0.20090758800506592,0.1293506622314453,582.3463134765625,0.20214298367500305,0.3424043655395508,0.5008577108383179,0.0641748309135437,0.08675263077020645,465.2142639160156,0.5467088222503662,0.6824136972427368,0.7868566513061523,0.36538881063461304,5.0,0.1043982282280922,0.11094116419553757,"COMPLETE"
22,0.14662943134705225,"2025-05-16 15:37:14.937356","2025-05-16 15:37:18.646808","0 days 00:00:03.709452",144,176.0,192.0,256.0,"",16,"","","","",0.1,1,0.0014557550224158415,4,1,0.14662943134705225,639.8523577372233,0.5613765229781469,0.5852422893047333,0.6150960390766461,-0.006685860951741536,0.18414518237113953,225.25637817382812,0.9977991580963135,0.7958422303199768,0.7248558402061462,0.017569363117218018,0.157054141163826,63.30587387084961,0.8506550788879395,0.8040266036987305,0.8066555857658386,0.032861173152923584,0.1136869341135025,176.54193115234375,0.6871445178985596,0.6070671081542969,0.5355490446090698,-0.02100074291229248,0.11000804603099823,81.65335845947266,0.6807857751846313,0.623271644115448,0.599480926990509,0.03322547674179077,0.23450951278209686,161.3265838623047,0.7192166447639465,0.7394911646842957,0.8078116774559021,-0.30220651626586914,0.09670023620128632,157.4078369140625,0.6335749626159668,0.7459242939949036,0.728782594203949,0.219526469707489,0.1485735923051834,72.98599243164062,0.59061199426651,0.7286685705184937,0.727232813835144,0.08540397882461548,0.2772229015827179,4106.78173828125,0.2145850658416748,0.4599830210208893,0.6037347316741943,-0.44317758083343506,0.161383718252182,77.9607925415039,0.5021377205848694,0.608470618724823,0.664818286895752,-0.4171499013900757,0.13110095262527466,94.50509643554688,0.9273962378501892,0.772013783454895,0.8588165044784546,0.2416400909423828,0.10197807103395462,391.8067321777344,0.22693242132663727,0.3548934757709503,0.4000546634197235,-0.2126837968826294,0.09754262864589691,1226.7005615234375,0.11010870337486267,0.09955155849456787,0.10895542055368423,0.0326535701751709,0.13899114727973938,388.87750244140625,0.32433822751045227,0.31270888447761536,0.4859255254268646,0.10810655355453491,0.14707361161708832,846.7125854492188,0.3827231228351593,0.3749234676361084,0.4388080835342407,0.043839991092681885,0.09947079420089722,1525.96240234375,0.572638213634491,0.7517979145050049,0.7349588871002197,0.48110395669937134,5.0,0.10414312034845352,0.10896426439285278,"COMPLETE"
23,0.1142917200922966,"2025-05-16 15:37:18.647248","2025-05-16 15:37:19.508497","0 days 00:00:00.861249",176,112.0,256.0,"","",48,96.0,"","","",0.2,4,0.00036733859552867616,3,2,"","","","","","","","","","","","","","","","","","","","","","","","","","","","","","","","","","","","","","","","","","",0.167983278632164,58.08877182006836,0.568899929523468,0.6261540055274963,0.6088128089904785,-0.532740592956543,"","","","","","","","","","","","","","","","","","","","","","","","","","","","","","","","","","","","","","","","","","","","","","","","","",0.1142917200922966,"","PRUNED"
24,0.11893294006586075,"2025-05-16 15:37:19.508773","2025-05-16 15:37:20.768024","0 days 00:00:01.259251",128,160.0,224.0,224.0,32.0,80,144.0,128.0,"","",0.0,3,0.0008512601832390651,5,3,"","","","","","","","","","","","","","","","","","","","","","","","","","","","","","","","","","","","","","","","","","",0.16099727153778076,51.78911590576172,0.359404981136322,0.3854878544807434,0.5473989248275757,-0.5226167440414429,"","","","","","","","","","","","","","","","","","","","","","","","","","","","","","","","","","","","","","","","","","","","","","","","","",0.11893294006586075,"","PRUNED"
25,0.10969716310501099,"2025-05-16 15:37:20.768373","2025-05-16 15:37:22.094731","0 days 00:00:01.326358",192,144.0,224.0,208.0,"",32,"","","","",0.1,1,0.0026602123457909084,4,1,"","","","","","","","","","","","","","","","","","","","","","","","","","","","","","","","","","","","","","","","","","",0.141347274184227,62.60627365112305,0.5915504693984985,0.6187357306480408,0.7037525177001953,0.013293981552124023,0.31232985854148865,3988.001220703125,0.31798455119132996,0.4467182755470276,0.613675594329834,-1.0830442905426025,0.18075832724571228,82.68399047851562,0.8075742125511169,0.716626763343811,0.688506543636322,-0.7465901374816895,0.16123919188976288,133.38238525390625,0.8001629710197449,0.7447752952575684,0.7510953545570374,0.11132502555847168,"","","","","","","","","","","","","","","","","","","","","","","","","","","","","","","",0.09991491585969925,0.10969716310501099,"PRUNED"
26,0.11577776819467545,"2025-05-16 15:37:22.095021","2025-05-16 15:37:23.959249","0 days 00:00:01.864228",160,224.0,128.0,"","",48,48.0,256.0,"","",0.30000000000000004,5,0.0012600332299236216,3,3,"","","","","","","","","","","","","","","","","","","","","","","","","","","","","","","","","","","","","","","","","","",0.17422907054424286,60.26295471191406,0.7276809215545654,0.7162789702415466,0.6783410310745239,-0.593299150466919,"","","","","","","","","","","","","","","","","","","","","","","","","","","","","","","","","","","","","","","","","","","","","","","","","",0.11577776819467545,"","PRUNED"
27,0.11260485649108887,"2025-05-16 15:37:23.959531","2025-05-16 15:37:24.487320","0 days 00:00:00.527789",96,176.0,256.0,144.0,"",16,"","","","",0.1,2,0.0002850086829393618,4,1,"","","","","","","","","","","","","","","","","","","","","","","","","","","","","","","","","","","","","","","","","","",0.18332384526729584,69.6258316040039,0.8022965788841248,0.7173674702644348,0.746174693107605,-0.566582202911377,"","","","","","","","","","","","","","","","","","","","","","","","","","","","","","","","","","","","","","","","","","","","","","","","","",0.11260485649108887,"","PRUNED"
28,0.11734921485185623,"2025-05-16 15:37:24.487590","2025-05-16 15:37:26.650935","0 days 00:00:02.163345",160,176.0,192.0,256.0,208.0,80,224.0,"","","",0.2,7,0.0006021635841465177,5,2,"","","","","","","","","","","","","","","","","","","","","","","","","","","","","","","","","","","","","","","","","","",0.1506190299987793,60.59762954711914,0.23414620757102966,0.2337101399898529,0.36954551935195923,-0.1988309621810913,"","","","","","","","","","","","","","","","","","","","","","","","","","","","","","","","","","","","","","","","","","","","","","","","","",0.11734921485185623,"","PRUNED"
29,0.12114951014518738,"2025-05-16 15:37:26.651225","2025-05-16 15:37:27.896247","0 days 00:00:01.245022",208,112.0,240.0,224.0,"",256,"","","","",0.0,4,0.00520663234539431,4,1,"","","","","","","","","","","","","","","","","","","","","","","","","","","","","","","","","","","","","","","","","","",0.21422088146209717,98.35752868652344,0.8998210430145264,0.7323770523071289,0.6883089542388916,-1.2202322483062744,"","","","","","","","","","","","","","","","","","","","","","","","","","","","","","","","","","","","","","","","","","","","","","","","","",0.12114951014518738,"","PRUNED"
30,0.1314699500799179,"2025-05-16 15:37:27.896517","2025-05-16 15:37:28.766668","0 days 00:00:00.870151",112,256.0,224.0,"","",208,96.0,"","","",0.1,2,0.0729470507310529,3,2,"","","","","","","","","","","","","","","","","","","","","","","","","","","","","","","","","","","","","","","","","","",0.17157423496246338,55.11186599731445,0.3079359233379364,0.3392367362976074,0.38500848412513733,-0.6767038106918335,"","","","","","","","","","","","","","","","","","","","","","","","","","","","","","","","","","","","","","","","","","","","","","","","","",0.1314699500799179,"","PRUNED"
31,0.14481390764315924,"2025-05-16 15:37:28.766971","2025-05-16 15:37:32.719341","0 days 00:00:03.952370",160,160.0,256.0,256.0,"",16,"","","","",0.1,4,0.001044091288748998,4,1,0.14481390764315924,519.9663441975912,0.6325681413213412,0.6240450178583463,0.6569756880402565,-0.014941390355428059,0.18953225016593933,179.2706756591797,0.9977991580963135,0.8895136117935181,0.7468300461769104,-0.1582430601119995,0.15585573017597198,56.351036071777344,0.9272226691246033,0.8521226644515991,0.8234692215919495,0.04945319890975952,0.10314715653657913,132.4285430908203,0.9042636752128601,0.8128756880760193,0.7623617053031921,0.20440417528152466,0.10677069425582886,79.23462677001953,0.654512882232666,0.6987643241882324,0.6957634091377258,0.05699169635772705,0.2187243103981018,157.03793334960938,0.818821370601654,0.8304930329322815,0.7210308909416199,-0.09598946571350098,0.09086549282073975,92.7596435546875,0.8108925819396973,0.8000954389572144,0.7953317165374756,0.14734876155853271,0.14162211120128632,64.3147964477539,0.6468483209609985,0.668868362903595,0.7282719612121582,0.088093101978302,0.24291862547397614,3216.14111328125,0.28969883918762207,0.4363565444946289,0.6220649480819702,-0.24100768566131592,0.17528007924556732,79.3191146850586,0.6782297492027283,0.6667850017547607,0.6470015645027161,-0.65740966796875,0.16973976790905,145.513916015625,0.7740160822868347,0.7439427971839905,0.7895188331604004,0.01639235019683838,0.10369870811700821,154.8743133544922,0.2309047281742096,0.29119032621383667,0.4558798670768738,-0.336122989654541,0.09963833540678024,1379.995361328125,0.08548130840063095,0.06220290809869766,0.08490287512540817,0.015622258186340332,0.13456909358501434,398.53912353515625,0.6821992993354797,0.5901153087615967,0.6608866453170776,0.20413923263549805,0.15042108297348022,907.8538208007812,0.13246287405490875,0.2387343794107437,0.456876665353775,0.051744163036346436,0.08942517638206482,755.8611450195312,0.8551685810089111,0.77861487865448,0.8644449710845947,0.4304630756378174,5.0,0.10629113763570786,0.10895249247550964,"COMPLETE"
32,0.11001966148614883,"2025-05-16 15:37:32.719838","2025-05-16 15:37:34.119802","0 days 00:00:01.399964",192,144.0,240.0,256.0,"",32,"","","","",0.1,3,0.0018116605836883254,4,1,"","","","","","","","","","","","","","","","","","","","","","","","","","","","","","","","","","","","","","","","","","",0.13782422244548798,66.93997192382812,0.8802847266197205,0.778414249420166,0.8196610808372498,0.1688198447227478,0.22460497915744781,3854.003173828125,0.2559832036495209,0.4869515001773834,0.6116687059402466,-0.009855270385742188,0.17952127754688263,81.50989532470703,0.7207467555999756,0.655052125453949,0.7197078466415405,-0.7767668962478638,0.1702546328306198,137.86825561523438,0.8096416592597961,0.6815559267997742,0.7529469728469849,0.06810766458511353,"","","","","","","","","","","","","","","","","","","","","","","","","","","","","","","",0.10557682067155838,0.11001966148614883,"PRUNED"
33,0.11408226191997528,"2025-05-16 15:37:34.120145","2025-05-16 15:37:34.728247","0 days 00:00:00.608102",144,192.0,256.0,240.0,112.0,16,"","","","",0.0,6,0.0008062895002999317,5,1,"","","","","","","","","","","","","","","","","","","","","","","","","","","","","","","","","","","","","","","","","","",0.1499119997024536,77.38536834716797,0.8798191547393799,0.729957103729248,0.7223488092422485,0.11771875619888306,"","","","","","","","","","","","","","","","","","","","","","","","","","","","","","","","","","","","","","","","","","","","","","","","","",0.11408226191997528,"","PRUNED"
34,0.11191348731517792,"2025-05-16 15:37:34.728526","2025-05-16 15:37:35.329012","0 days 00:00:00.600486",160,160.0,208.0,208.0,256.0,48,"","","","",0.2,2,0.0011088704363937647,5,1,"","","","","","","","","","","","","","","","","","","","","","","","","","","","","","","","","","","","","","","","","","",0.1582009196281433,62.51565933227539,0.7134408354759216,0.6977230310440063,0.6588247418403625,-0.22437262535095215,"","","","","","","","","","","","","","","","","","","","","","","","","","","","","","","","","","","","","","","","","","","","","","","","","",0.11191348731517792,"","PRUNED"
35,0.11714570224285126,"2025-05-16 15:37:35.329287","2025-05-16 15:37:36.764783","0 days 00:00:01.435496",208,112.0,"","","",32,112.0,"","","",0.5,9,0.000182711459152397,2,2,"","","","","","","","","","","","","","","","","","","","","","","","","","","","","","","","","","","","","","","","","","",0.2133198082447052,83.04135131835938,0.5752469897270203,0.6399512887001038,0.6367805600166321,-0.9881988763809204,"","","","","","","","","","","","","","","","","","","","","","","","","","","","","","","","","","","","","","","","","","","","","","","","","",0.11714570224285126,"","PRUNED"
36,0.1160641610622406,"2025-05-16 15:37:36.765052","2025-05-16 15:37:37.560611","0 days 00:00:00.795559",176,128.0,240.0,240.0,"",64,"","","","",0.1,8,0.000268933554640942,4,1,"","","","","","","","","","","","","","","","","","","","","","","","","","","","","","","","","","","","","","","","","","",0.18677380681037903,69.55176544189453,0.6430720090866089,0.6102073788642883,0.685777485370636,-0.6736990213394165,"","","","","","","","","","","","","","","","","","","","","","","","","","","","","","","","","","","","","","","","","","","","","","","","","",0.1160641610622406,"","PRUNED"
37,0.11867433041334152,"2025-05-16 15:37:37.560880","2025-05-16 15:37:38.262386","0 days 00:00:00.701506",128,64.0,160.0,240.0,16.0,112,"","","","",0.4,4,0.0022721665263979716,5,1,"","","","","","","","","","","","","","","","","","","","","","","","","","","","","","","","","","","","","","","","","","",0.18851995468139648,69.81660461425781,0.7919912338256836,0.7196158766746521,0.6982386112213135,-0.6966922283172607,"","","","","","","","","","","","","","","","","","","","","","","","","","","","","","","","","","","","","","","","","","","","","","","","","",0.11867433041334152,"","PRUNED"
38,0.11581699550151825,"2025-05-16 15:37:38.262691","2025-05-16 15:37:39.578920","0 days 00:00:01.316229",224,208.0,192.0,"","",16,160.0,"","","",0.0,6,0.0035826808867069323,3,2,"","","","","","","","","","","","","","","","","","","","","","","","","","","","","","","","","","","","","","","","","","",0.14515022933483124,48.58717727661133,0.8831011056900024,0.7527952790260315,0.7073351144790649,-0.25739240646362305,"","","","","","","","","","","","","","","","","","","","","","","","","","","","","","","","","","","","","","","","","","","","","","","","","",0.11581699550151825,"","PRUNED"
39,0.11751600354909897,"2025-05-16 15:37:39.579210","2025-05-16 15:37:43.286874","0 days 00:00:03.707664",80,176.0,240.0,"","",80,240.0,80.0,"","",0.1,11,0.00011057412450243496,3,3,"","","","","","","","","","","","","","","","","","","","","","","","","","","","","","","","","","","","","","","","","","",0.1790015995502472,61.64759826660156,0.354034960269928,0.3358476459980011,0.5488452911376953,-0.6842964887619019,"","","","","","","","","","","","","","","","","","","","","","","","","","","","","","","","","","","","","","","","","","","","","","","","","",0.11751600354909897,"","PRUNED"
40,0.1121380552649498,"2025-05-16 15:37:43.287169","2025-05-16 15:37:45.134985","0 days 00:00:01.847816",144,144.0,240.0,192.0,"",224,"","","","",0.2,2,0.008737102375782783,4,1,"","","","","","","","","","","","","","","","","","","","","","","","","","","","","","","","","","","","","","","","","","",0.17290274798870087,76.1346435546875,0.9114226698875427,0.7542824745178223,0.7369489669799805,-0.2788214683532715,0.2112167328596115,2318.948486328125,0.34216469526290894,0.4859711825847626,0.6658148765563965,-0.15208232402801514,0.18620894849300385,83.171142578125,0.08221293240785599,0.15976977348327637,0.29537233710289,-0.9728080034255981,0.15669932961463928,89.88680267333984,0.1703796088695526,0.2609843909740448,0.5193707346916199,-0.23067843914031982,"","","","","","","","","","","","","","","","","","","","","","","","","","","","","","","",0.11008995771408081,0.1121380552649498,"PRUNED"
41,0.10945076495409012,"2025-05-16 15:37:45.135319","2025-05-16 15:37:46.475350","0 days 00:00:01.340031",160,160.0,256.0,256.0,"",16,"","","","",0.1,4,0.0008241347050944468,4,1,"","","","","","","","","","","","","","","","","","","","","","","","","","","","","","","","","","","","","","","","","","",0.14371660351753235,65.22240447998047,0.7771458029747009,0.7082532644271851,0.7176931500434875,0.04303079843521118,0.2458651214838028,3829.264892578125,0.2984117567539215,0.42867031693458557,0.6278101801872253,-0.26452410221099854,0.18778926134109497,87.29019927978516,0.7574197053909302,0.6627721190452576,0.6680427193641663,-0.8477559089660645,0.1444540023803711,103.97492980957031,0.8596106171607971,0.7459394931793213,0.7521901726722717,0.16301047801971436,"","","","","","","","","","","","","","","","","","","","","","","","","","","","","","","",0.10428740084171295,0.10945076495409012,"PRUNED"
42,0.1143169179558754,"2025-05-16 15:37:46.475680","2025-05-16 15:37:47.074348","0 days 00:00:00.598668",160,160.0,256.0,240.0,"",32,"","","","",0.1,5,0.0005386249299605439,4,1,"","","","","","","","","","","","","","","","","","","","","","","","","","","","","","","","","","","","","","","","","","",0.14953427016735077,69.89630889892578,0.6604652404785156,0.6750044226646423,0.6686140298843384,0.03084951639175415,"","","","","","","","","","","","","","","","","","","","","","","","","","","","","","","","","","","","","","","","","","","","","","","","","",0.1143169179558754,"","PRUNED"
43,0.11031347513198853,"2025-05-16 15:37:47.074756","2025-05-16 15:37:48.440840","0 days 00:00:01.366084",192,192.0,240.0,256.0,"",48,"","","","",0.1,1,0.0007748947992192874,4,1,"","","","","","","","","","","","","","","","","","","","","","","","","","","","","","","","","","","","","","","","","","",0.16198225319385529,66.87384796142578,0.8133390545845032,0.7325873374938965,0.7129022479057312,-0.18839097023010254,0.255779504776001,2664.1201171875,0.2411169558763504,0.38753432035446167,0.6120810508728027,-0.4422605037689209,0.16791567206382751,74.79236602783203,0.48937898874282837,0.5016501545906067,0.5354490280151367,-0.6060937643051147,0.16014963388442993,133.12840270996094,0.6031746864318848,0.6581648588180542,0.7526493072509766,-0.038724660873413086,"","","","","","","","","","","","","","","","","","","","","","","","","","","","","","","",0.1060471162199974,0.11031347513198853,"PRUNED"
44,0.11050102859735489,"2025-05-16 15:37:48.441137","2025-05-16 15:37:49.016567","0 days 00:00:00.575430",176,96.0,224.0,240.0,176.0,16,"","","","",0.0,3,0.0016870187269789967,5,1,"","","","","","","","","","","","","","","","","","","","","","","","","","","","","","","","","","","","","","","","","","",0.15237687528133392,59.33266830444336,0.8787460923194885,0.7397355437278748,0.6896098256111145,-0.1555168628692627,"","","","","","","","","","","","","","","","","","","","","","","","","","","","","","","","","","","","","","","","","","","","","","","","","",0.11050102859735489,"","PRUNED"
45,0.11401057988405228,"2025-05-16 15:37:49.016853","2025-05-16 15:37:50.681675","0 days 00:00:01.664822",144,176.0,256.0,"","",32,192.0,"","","",0.2,7,0.00046544503518682696,3,2,"","","","","","","","","","","","","","","","","","","","","","","","","","","","","","","","","","","","","","","","","","",0.1532258540391922,55.103092193603516,0.39249366521835327,0.4025823175907135,0.5027323365211487,-0.3427783250808716,"","","","","","","","","","","","","","","","","","","","","","","","","","","","","","","","","","","","","","","","","","","","","","","","","",0.11401057988405228,"","PRUNED"
46,0.14396876245737075,"2025-05-16 15:37:50.681953","2025-05-16 15:37:54.175477","0 days 00:00:03.493524",112,144.0,80.0,208.0,"",16,"","","","",0.1,4,0.0012284985240053556,4,1,0.14396876245737075,474.6067708333333,0.569999415675799,0.5708556060989698,0.608351324001948,-0.0629314382870992,0.1904236078262329,215.46710205078125,0.8760543465614319,0.8028775453567505,0.6978756189346313,-0.11940240859985352,0.15434131026268005,60.09355163574219,0.8770994544029236,0.8351927399635315,0.8143191337585449,0.03295069932937622,0.11138980090618134,164.12738037109375,0.7759832739830017,0.690961480140686,0.6786062717437744,0.01225811243057251,0.11993855237960815,83.3625717163086,0.21768763661384583,0.2776853144168854,0.2680259644985199,-0.2107222080230713,0.22202225029468536,153.2026824951172,0.7330896854400635,0.7649631500244141,0.7282462120056152,-0.15461218357086182,0.09711692482233047,101.10202026367188,0.8233795762062073,0.7822034955024719,0.7737370133399963,-0.012657642364501953,0.15695980191230774,66.2684097290039,0.8498409986495972,0.7183545231819153,0.6967089772224426,-0.12659120559692383,0.21881718933582306,2912.727783203125,0.3112424910068512,0.48071250319480896,0.6269142031669617,-0.04755043983459473,0.17910444736480713,81.19641876220703,0.7282875180244446,0.6840775012969971,0.715355396270752,-0.7480064630508423,0.13655228912830353,95.19129180908203,0.8573877811431885,0.7422031164169312,0.7530784606933594,0.25109970569610596,0.10633368790149689,155.03395080566406,0.25957950949668884,0.23994030058383942,0.39604926109313965,-0.420512318611145,0.10292183607816696,1389.8038330078125,0.1286306530237198,0.12203317135572433,0.11385464668273926,0.022298872470855713,0.13927549123764038,440.1145935058594,0.31763550639152527,0.2774527966976166,0.5651577711105347,0.15853261947631836,0.1307428777217865,648.1212768554688,0.19345727562904358,0.37182173132896423,0.48702841997146606,0.09654355049133301,0.0935913696885109,553.2886962890625,0.6006355285644531,0.7723547220230103,0.8103125095367432,0.32239973545074463,5.0,0.10816461592912674,0.10893718898296356,"COMPLETE"
47,0.1143854483962059,"2025-05-16 15:37:54.175923","2025-05-16 15:37:54.899662","0 days 00:00:00.723739",112,128.0,80.0,208.0,"",144,48.0,"","","",0.30000000000000004,2,0.0011881320979749233,4,2,"","","","","","","","","","","","","","","","","","","","","","","","","","","","","","","","","","","","","","","","","","",0.1949591338634491,72.79207611083984,0.4586745798587799,0.5824852585792542,0.6114259958267212,-0.7833845615386963,"","","","","","","","","","","","","","","","","","","","","","","","","","","","","","","","","","","","","","","","","","","","","","","","","",0.1143854483962059,"","PRUNED"
48,0.119331493973732,"2025-05-16 15:37:54.899983","2025-05-16 15:37:55.492474","0 days 00:00:00.592491",80,144.0,80.0,224.0,80.0,48,"","","","",0.0,6,0.00020341407947122774,5,1,"","","","","","","","","","","","","","","","","","","","","","","","","","","","","","","","","","","","","","","","","","",0.17629733681678772,64.45719909667969,0.6523771286010742,0.6814609169960022,0.6590850353240967,-0.5731291770935059,"","","","","","","","","","","","","","","","","","","","","","","","","","","","","","","","","","","","","","","","","","","","","","","","","",0.119331493973732,"","PRUNED"
49,0.12481939792633057,"2025-05-16 15:37:55.492749","2025-05-16 15:37:59.969679","0 days 00:00:04.476930",128,96.0,16.0,"","",32,144.0,16.0,256.0,16.0,0.1,14,0.004037746908660934,3,5,"","","","","","","","","","","","","","","","","","","","","","","","","","","","","","","","","","","","","","","","","","",0.15042328834533691,45.384254455566406,0.4601915180683136,0.4485980272293091,0.49965280294418335,-0.48321962356567383,"","","","","","","","","","","","","","","","","","","","","","","","","","","","","","","","","","","","","","","","","","","","","","","","","",0.12481939792633057,"","PRUNED"
50,0.1148400828242302,"2025-05-16 15:37:59.970050","2025-05-16 15:38:00.524854","0 days 00:00:00.554804",80,208.0,96.0,80.0,"",64,"","","","",0.2,1,0.00043451092077165666,4,1,"","","","","","","","","","","","","","","","","","","","","","","","","","","","","","","","","","","","","","","","","","",0.17377348244190216,63.2495002746582,0.636017382144928,0.6412818431854248,0.6533129215240479,-0.5342615842819214,"","","","","","","","","","","","","","","","","","","","","","","","","","","","","","","","","","","","","","","","","","","","","","","","","",0.1148400828242302,"","PRUNED"
51,0.14536570211251576,"2025-05-16 15:38:00.525162","2025-05-16 15:38:04.505177","0 days 00:00:03.980015",144,160.0,144.0,240.0,"",16,"","","","",0.1,4,0.0006781961927089573,4,1,0.14536570211251576,527.0342514038086,0.540982648730278,0.5690298189719518,0.607910496989886,-0.018945610523223876,0.1868406981229782,180.12234497070312,0.9992663860321045,0.8102108240127563,0.6966447830200195,-0.1023949384689331,0.16875940561294556,54.419349670410156,1.0,0.9805970191955566,0.835578441619873,-0.1734020709991455,0.10934500396251678,136.0814666748047,0.9007920622825623,0.7760593295097351,0.7307700514793396,-0.017955303192138672,0.10467761754989624,92.83622741699219,0.626166045665741,0.6782656311988831,0.6635816097259521,0.17967349290847778,0.23898686468601227,191.23202514648438,0.4196244478225708,0.47578704357147217,0.43632403016090393,-0.31542229652404785,0.10518892109394073,192.08323669433594,0.6138668060302734,0.6978249549865723,0.700814425945282,0.1831793189048767,0.13721109926700592,67.30587768554688,0.6039553880691528,0.6442974805831909,0.6275968551635742,0.14703017473220825,0.24490994215011597,3488.624267578125,0.24379830062389374,0.40473636984825134,0.6201840043067932,-0.19515085220336914,0.16950616240501404,76.51360321044922,0.6556084752082825,0.633417546749115,0.6358237266540527,-0.5869293212890625,0.14915414154529572,111.05062103271484,0.6053091883659363,0.593952476978302,0.6939729452133179,0.1825835108757019,0.10123448818922043,240.71478271484375,0.23454298079013824,0.2573239505290985,0.4080124795436859,-0.2725238800048828,0.08929207921028137,1070.0736083984375,0.12368851900100708,0.13138912618160248,0.14852343499660492,0.06918752193450928,0.1388561725616455,458.4306640625,0.35340437293052673,0.3691696226596832,0.6149668097496033,0.18926149606704712,0.14015375077724457,780.5444946289062,0.14606790244579315,0.31408610939979553,0.4816545844078064,0.12250345945358276,0.0963691845536232,765.481201171875,0.5886488556861877,0.7683297991752625,0.8242092728614807,0.3061755299568176,5.0,0.10560179501771927,0.10807135701179504,"COMPLETE"
52,0.14676363120476404,"2025-05-16 15:38:04.505619","2025-05-16 15:38:08.584349","0 days 00:00:04.078730",160,160.0,208.0,256.0,"",16,"","","","",0.1,5,0.0009512647588974454,4,1,0.14676363120476404,492.3234011332194,0.5396796186765035,0.5559754947821299,0.6016895294189453,-0.07381748755772909,0.195295050740242,231.53643798828125,0.6513762474060059,0.6284164190292358,0.5586371421813965,-0.17466282844543457,0.18621055781841278,58.74995422363281,0.7164669036865234,0.6327225565910339,0.6485828757286072,-0.4263942241668701,0.10540912300348282,128.74319458007812,0.8967452049255371,0.7364271879196167,0.716679036617279,0.1311149001121521,0.10971339792013168,72.5442886352539,0.6258323192596436,0.6895974278450012,0.6685622930526733,-0.013457894325256348,0.22988639771938324,144.95750427246094,0.783710777759552,0.8347793221473694,0.7503194808959961,-0.26903820037841797,0.10172957181930542,152.76412963867188,0.645121157169342,0.6389846205711365,0.671464741230011,0.014547407627105713,0.15220239758491516,63.60152816772461,0.8330860733985901,0.6960647106170654,0.6896714568138123,-0.08804178237915039,0.2164997011423111,2628.388427734375,0.3063328266143799,0.47701066732406616,0.6263715624809265,-0.029889822006225586,0.15722298622131348,67.58401489257812,0.5382016897201538,0.5500813722610474,0.5792892575263977,-0.5110512971878052,0.15066012740135193,79.9720458984375,0.6963372230529785,0.6747992634773254,0.7138521075248718,0.04366952180862427,0.10340839624404907,175.45452880859375,0.24711135029792786,0.2773318588733673,0.3999464213848114,-0.35169756412506104,0.10424276441335678,1481.0250244140625,0.16996721923351288,0.15789377689361572,0.16004785895347595,0.05292201042175293,0.14391610026359558,503.5065612792969,0.34144994616508484,0.38308948278427124,0.6058672666549683,0.1597731113433838,0.15005797147750854,946.9248657226562,0.13299323618412018,0.2554190158843994,0.46212732791900635,0.07110482454299927,0.09499992430210114,649.0985107421875,0.5104621052742004,0.7070147395133972,0.7739241123199463,0.28383952379226685,5.0,0.10875974595546722,0.10818655788898468,"COMPLETE"
53,0.11453195661306381,"2025-05-16 15:38:08.584816","2025-05-16 15:38:09.098284","0 days 00:00:00.513468",112,16.0,48.0,224.0,"",32,"","","","",0.1,3,0.0015710024704151246,4,1,"","","","","","","","","","","","","","","","","","","","","","","","","","","","","","","","","","","","","","","","","","",0.1731892228126526,66.63066101074219,0.41547662019729614,0.3881761431694031,0.48666518926620483,-0.4820716381072998,"","","","","","","","","","","","","","","","","","","","","","","","","","","","","","","","","","","","","","","","","","","","","","","","","",0.11453195661306381,"","PRUNED"
54,0.1123417541384697,"2025-05-16 15:38:09.098587","2025-05-16 15:38:09.862339","0 days 00:00:00.763752",176,144.0,48.0,240.0,"",16,32.0,"","","",0.0,5,0.0024231434300636388,4,2,"","","","","","","","","","","","","","","","","","","","","","","","","","","","","","","","","","","","","","","","","","",0.1468704491853714,49.34998321533203,0.6007838845252991,0.6405767202377319,0.7218824028968811,-0.33727240562438965,"","","","","","","","","","","","","","","","","","","","","","","","","","","","","","","","","","","","","","","","","","","","","","","","","",0.1123417541384697,"","PRUNED"
55,0.1192513033747673,"2025-05-16 15:38:09.862613","2025-05-16 15:38:10.456473","0 days 00:00:00.593860",192,128.0,240.0,128.0,"",48,"","","","",0.1,4,0.0003536032397516788,4,1,"","","","","","","","","","","","","","","","","","","","","","","","","","","","","","","","","","","","","","","","","","",0.17848356068134308,66.14048767089844,0.7831323742866516,0.6901139616966248,0.6947905421257019,-0.5824282169342041,"","","","","","","","","","","","","","","","","","","","","","","","","","","","","","","","","","","","","","","","","","","","","","","","","",0.1192513033747673,"","PRUNED"
56,0.11300775408744812,"2025-05-16 15:38:10.456744","2025-05-16 15:38:11.233509","0 days 00:00:00.776765",224,176.0,256.0,224.0,"",32,"","","","",0.2,13,0.0014319153165117276,4,1,"","","","","","","","","","","","","","","","","","","","","","","","","","","","","","","","","","","","","","","","","","",0.17203642427921295,67.11577606201172,0.18499855697155,0.2186952829360962,0.37198200821876526,-0.49325454235076904,"","","","","","","","","","","","","","","","","","","","","","","","","","","","","","","","","","","","","","","","","","","","","","","","","",0.11300775408744812,"","PRUNED"
57,0.1149253249168396,"2025-05-16 15:38:11.233798","2025-05-16 15:38:12.110840","0 days 00:00:00.877042",128,192.0,112.0,160.0,256.0,16,112.0,"","","",0.1,3,0.0006093857220881912,5,2,"","","","","","","","","","","","","","","","","","","","","","","","","","","","","","","","","","","","","","","","","","",0.14616265892982483,46.10882568359375,0.3137724697589874,0.3042167127132416,0.4310639798641205,-0.39364707469940186,"","","","","","","","","","","","","","","","","","","","","","","","","","","","","","","","","","","","","","","","","","","","","","","","","",0.1149253249168396,"","PRUNED"
58,0.11424554139375687,"2025-05-16 15:38:12.111169","2025-05-16 15:38:13.514027","0 days 00:00:01.402858",160,112.0,176.0,256.0,"",64,"","","","",0.0,2,0.000970399625388779,4,1,"","","","","","","","","","","","","","","","","","","","","","","","","","","","","","","","","","","","","","","","","","",0.15717923641204834,68.93408966064453,0.7428851127624512,0.6896608471870422,0.6747002601623535,-0.10590171813964844,0.2484123408794403,4337.11376953125,0.24689766764640808,0.41079217195510864,0.5949483513832092,-0.24530565738677979,0.17832201719284058,77.44929504394531,0.32003942131996155,0.5019078850746155,0.54398113489151,-0.8454297780990601,0.15225820243358612,63.01023483276367,0.8259536623954773,0.7497841715812683,0.7317898273468018,-0.260201096534729,"","","","","","","","","","","","","","","","","","","","","","","","","","","","","","","",0.10378322005271912,0.11424554139375687,"PRUNED"
59,0.1185772642493248,"2025-05-16 15:38:13.514317","2025-05-16 15:38:18.845343","0 days 00:00:05.331026",176,"","","","",48,176.0,144.0,16.0,"",0.2,16,0.0003098765367074385,1,4,"","","","","","","","","","","","","","","","","","","","","","","","","","","","","","","","","","","","","","","","","","",0.18803851306438446,65.26466369628906,0.359404981136322,0.3399638831615448,0.5551357269287109,-0.8052022457122803,"","","","","","","","","","","","","","","","","","","","","","","","","","","","","","","","","","","","","","","","","","","","","","","","","",0.1185772642493248,"","PRUNED"
60,0.11396182328462601,"2025-05-16 15:38:18.845631","2025-05-16 15:38:19.367847","0 days 00:00:00.522216",256,160.0,64.0,"","",160,"","","","",0.1,1,0.002007670127041054,3,1,"","","","","","","","","","","","","","","","","","","","","","","","","","","","","","","","","","","","","","","","","","",0.15309399366378784,56.29632568359375,0.47589921951293945,0.4417444169521332,0.5038490891456604,-0.31924283504486084,"","","","","","","","","","","","","","","","","","","","","","","","","","","","","","","","","","","","","","","","","","","","","","","","","",0.11396182328462601,"","PRUNED"
61,0.1179971918463707,"2025-05-16 15:38:19.368116","2025-05-16 15:38:20.571050","0 days 00:00:01.202934",144,160.0,128.0,240.0,"",16,"","","","",0.1,4,0.0007103351986227632,4,1,"","","","","","","","","","","","","","","","","","","","","","","","","","","","","","","","","","","","","","","","","","",0.16925452649593353,63.35866928100586,0.7131499648094177,0.6732873916625977,0.7126443386077881,-0.415303111076355,0.21056820452213287,2676.654296875,0.2800905704498291,0.4639917314052582,0.6351157426834106,-0.0550844669342041,0.17393195629119873,75.65864562988281,0.4153522551059723,0.5217664837837219,0.5497753620147705,-0.7422373294830322,0.14082694053649902,105.05844116210938,0.8306295275688171,0.7495458722114563,0.7681479454040527,0.24779629707336426,"","","","","","","","","","","","","","","","","","","","","","","","","","","","","","","",0.10849039256572723,0.1179971918463707,"PRUNED"
62,0.11131612211465836,"2025-05-16 15:38:20.571364","2025-05-16 15:38:21.079518","0 days 00:00:00.508154",144,144.0,144.0,240.0,"",16,"","","","",0.1,5,0.0005064921846963435,4,1,"","","","","","","","","","","","","","","","","","","","","","","","","","","","","","","","","","","","","","","","","","",0.16063757240772247,60.657073974609375,0.7266324162483215,0.6909703016281128,0.7162823677062988,-0.307297945022583,"","","","","","","","","","","","","","","","","","","","","","","","","","","","","","","","","","","","","","","","","","","","","","","","","",0.11131612211465836,"","PRUNED"
63,0.11743062734603882,"2025-05-16 15:38:21.079786","2025-05-16 15:38:21.648596","0 days 00:00:00.568810",160,176.0,224.0,256.0,"",32,"","","","",0.1,4,0.0006648084945718772,4,1,"","","","","","","","","","","","","","","","","","","","","","","","","","","","","","","","","","","","","","","","","","",0.16938874125480652,65.76547241210938,0.6471112370491028,0.633090078830719,0.6368167996406555,-0.374422550201416,"","","","","","","","","","","","","","","","","","","","","","","","","","","","","","","","","","","","","","","","","","","","","","","","","",0.11743062734603882,"","PRUNED"
64,0.11516881734132767,"2025-05-16 15:38:21.648871","2025-05-16 15:38:22.937037","0 days 00:00:01.288166",96,160.0,256.0,208.0,"",16,"","","","",0.1,6,0.0011703588389872029,4,1,"","","","","","","","","","","","","","","","","","","","","","","","","","","","","","","","","","","","","","","","","","",0.1591404676437378,67.1541748046875,0.774029016494751,0.7140563130378723,0.7007887363433838,-0.14895260334014893,0.23973101377487183,3918.243896484375,0.2035478949546814,0.4326018989086151,0.5971368551254272,-0.16630113124847412,0.17166374623775482,74.2720947265625,0.3113372325897217,0.4846489727497101,0.5771825909614563,-0.7503799200057983,0.14009696245193481,105.88446044921875,0.8287687301635742,0.7529528737068176,0.8393541574478149,0.2573159337043762,"","","","","","","","","","","","","","","","","","","","","","","","","","","","","","","",0.10516667366027832,0.11516881734132767,"PRUNED"
65,0.11095227301120758,"2025-05-16 15:38:22.937417","2025-05-16 15:38:23.440813","0 days 00:00:00.503396",128,144.0,144.0,96.0,"",32,"","","","",0.2,3,0.000429129051842018,4,1,"","","","","","","","","","","","","","","","","","","","","","","","","","","","","","","","","","","","","","","","","","",0.18543268740177155,70.74373626708984,0.7327350378036499,0.6867608428001404,0.7186052203178406,-0.6005567312240601,"","","","","","","","","","","","","","","","","","","","","","","","","","","","","","","","","","","","","","","","","","","","","","","","","",0.11095227301120758,"","PRUNED"
66,0.11884483695030212,"2025-05-16 15:38:23.441114","2025-05-16 15:38:24.069769","0 days 00:00:00.628655",176,128.0,208.0,"","",48,"","","","",0.0,7,0.0001457911959514753,3,1,"","","","","","","","","","","","","","","","","","","","","","","","","","","","","","","","","","","","","","","","","","",0.187631294131279,69.49771881103516,0.49622467160224915,0.5103595852851868,0.664695143699646,-0.695183277130127,"","","","","","","","","","","","","","","","","","","","","","","","","","","","","","","","","","","","","","","","","","","","","","","","","",0.11884483695030212,"","PRUNED"
67,0.1132655218243599,"2025-05-16 15:38:24.070073","2025-05-16 15:38:24.790006","0 days 00:00:00.719933",192,176.0,240.0,192.0,96.0,16,16.0,"","","",0.1,1,0.0013647210207897345,5,2,"","","","","","","","","","","","","","","","","","","","","","","","","","","","","","","","","","","","","","","","","","",0.14966043829917908,52.39623260498047,0.8732376098632812,0.718853771686554,0.7116299271583557,-0.23048877716064453,"","","","","","","","","","","","","","","","","","","","","","","","","","","","","","","","","","","","","","","","","","","","","","","","","",0.1132655218243599,"","PRUNED"
68,0.14561314433813094,"2025-05-16 15:38:24.790337","2025-05-16 15:38:28.325281","0 days 00:00:03.534944",112,160.0,176.0,224.0,"",32,"","","","",0.1,3,0.0009142513308233968,4,1,0.14561314433813094,476.5620961507162,0.5330846597750981,0.5421090354522069,0.5722292761007944,-0.09227211078008016,0.1929188221693039,218.78207397460938,0.9353896379470825,0.7567324638366699,0.6595838665962219,-0.15734291076660156,0.16798283159732819,54.78736114501953,0.9921602010726929,0.8971328735351562,0.8189383745193481,-0.1342637538909912,0.10431714355945587,138.01318359375,0.9074990749359131,0.7947490811347961,0.7575623989105225,0.16537678241729736,0.12111153453588486,80.96199798583984,0.3541528582572937,0.37394586205482483,0.3220561146736145,-0.2388237714767456,0.22847041487693787,193.55345153808594,0.7373498678207397,0.6733013391494751,0.6653962135314941,-0.16467714309692383,0.10232760012149811,151.1452178955078,0.5562032461166382,0.4564008414745331,0.45147860050201416,-0.008555412292480469,0.15166988968849182,74.42656707763672,0.6087642908096313,0.6560699939727783,0.6448660492897034,0.04614913463592529,0.21597714722156525,3128.3310546875,0.331106036901474,0.5374695062637329,0.6501343250274658,0.007931947708129883,0.1761348992586136,76.3846435546875,0.1877811849117279,0.41125503182411194,0.462905615568161,-0.7880980968475342,0.15192574262619019,113.66532135009766,0.8331809639930725,0.7466907501220703,0.7595978379249573,0.105568528175354,0.10539242625236511,218.62445068359375,0.2349521964788437,0.2226666659116745,0.34656453132629395,-0.36930322647094727,0.09245546162128448,1225.7054443359375,0.3807944059371948,0.29930004477500916,0.23691630363464355,0.07751363515853882,0.1308864802122116,144.8423614501953,0.25147944688796997,0.26631680130958557,0.5641034841537476,-0.14693665504455566,0.14124654233455658,748.3897094726562,0.14348331093788147,0.3168419301509857,0.46147793531417847,0.07011169195175171,0.10138022899627686,580.818603515625,0.5419731736183167,0.7227623462677002,0.7818574905395508,0.15126758813858032,5.0,0.10677885264158249,0.10713505744934082,"COMPLETE"
69,0.12030018121004105,"2025-05-16 15:38:28.325732","2025-05-16 15:38:28.801436","0 days 00:00:00.475704",144,192.0,96.0,16.0,"",16,"","","","",0.2,4,0.00024017010057933514,4,1,"","","","","","","","","","","","","","","","","","","","","","","","","","","","","","","","","","","","","","","","","","",0.21077510714530945,82.90856170654297,0.7033035159111023,0.6772460341453552,0.6734172701835632,-0.9181392192840576,"","","","","","","","","","","","","","","","","","","","","","","","","","","","","","","","","","","","","","","","","","","","","","","","","",0.12030018121004105,"","PRUNED"
70,0.11076376587152481,"2025-05-16 15:38:28.801756","2025-05-16 15:38:29.311016","0 days 00:00:00.509260",208,224.0,224.0,"","",48,"","","","",0.0,2,0.0028875441591493293,3,1,"","","","","","","","","","","","","","","","","","","","","","","","","","","","","","","","","","","","","","","","","","",0.146637424826622,70.64002227783203,0.6313544511795044,0.672874927520752,0.6481825113296509,0.053918540477752686,"","","","","","","","","","","","","","","","","","","","","","","","","","","","","","","","","","","","","","","","","","","","","","","","","",0.11076376587152481,"","PRUNED"
71,0.11197163164615631,"2025-05-16 15:38:29.311292","2025-05-16 15:38:29.830850","0 days 00:00:00.519558",112,160.0,176.0,224.0,"",32,"","","","",0.1,3,0.0009498064233649283,4,1,"","","","","","","","","","","","","","","","","","","","","","","","","","","","","","","","","","","","","","","","","","",0.15122045576572418,69.60723114013672,0.8795185089111328,0.7195496559143066,0.7101458311080933,0.01184070110321045,"","","","","","","","","","","","","","","","","","","","","","","","","","","","","","","","","","","","","","","","","","","","","","","","","",0.11197163164615631,"","PRUNED"
72,0.11207123845815659,"2025-05-16 15:38:29.831113","2025-05-16 15:38:30.427976","0 days 00:00:00.596863",144,176.0,144.0,256.0,"",32,"","","","",0.1,4,0.0006696427540356407,4,1,"","","","","","","","","","","","","","","","","","","","","","","","","","","","","","","","","","","","","","","","","","",0.18044541776180267,67.531494140625,0.6454442143440247,0.6272109150886536,0.6891308426856995,-0.5816084146499634,"","","","","","","","","","","","","","","","","","","","","","","","","","","","","","","","","","","","","","","","","","","","","","","","","",0.11207123845815659,"","PRUNED"
73,0.148547001183033,"2025-05-16 15:38:30.428267","2025-05-16 15:38:34.106756","0 days 00:00:03.678489",112,144.0,160.0,224.0,"",16,"","","","",0.1,2,0.0010176698139027255,4,1,0.148547001183033,486.41841888427734,0.5054789779086908,0.5435671995083491,0.5932853475213051,-0.09164601961771647,0.18384850025177002,204.51419067382812,0.9992663860321045,0.9462224245071411,0.7531397342681885,-0.016300082206726074,0.18853768706321716,60.293914794921875,0.8442944884300232,0.7266740202903748,0.6953928470611572,-0.4720122814178467,0.1076793521642685,130.48818969726562,0.7876921892166138,0.7015471458435059,0.691970944404602,0.030253052711486816,0.1107589453458786,73.31930541992188,0.6726518273353577,0.6905537247657776,0.6852729320526123,0.005387663841247559,0.23943652212619781,187.19528198242188,0.23106920719146729,0.3995770215988159,0.39471474289894104,-0.32494235038757324,0.08895976096391678,105.42941284179688,0.7654475569725037,0.6990976929664612,0.7656044960021973,0.2450578808784485,0.16487586498260498,69.46842956542969,0.7025118470191956,0.6903012990951538,0.7153379321098328,-0.200730562210083,0.2632589340209961,3431.298095703125,0.2462451159954071,0.4798246920108795,0.6204161643981934,-0.42406654357910156,0.18391132354736328,91.77143096923828,0.47206756472587585,0.5493916273117065,0.5773555040359497,-0.688779354095459,0.13008667528629303,77.26889038085938,0.6841921210289001,0.6456485390663147,0.7233940958976746,0.23988986015319824,0.10236892104148865,166.0645294189453,0.218882218003273,0.27685093879699707,0.42226356267929077,-0.31350278854370117,0.08257821202278137,935.824951171875,0.059494178742170334,0.07074753940105438,0.09556924551725388,0.02235591411590576,0.14429183304309845,487.843505859375,0.3335750102996826,0.3754805326461792,0.6082847118377686,0.1547510027885437,0.14425885677337646,798.801513671875,0.14558464288711548,0.3079897463321686,0.40368789434432983,0.07361149787902832,0.09335362911224365,476.69464111328125,0.4192103147506714,0.5936010479927063,0.7468754053115845,0.29433679580688477,5.0,0.10414779186248779,0.10423405468463898,"COMPLETE"
74,0.14357710977395374,"2025-05-16 15:38:34.107235","2025-05-16 15:38:37.984226","0 days 00:00:03.876991",64,160.0,256.0,240.0,"",16,"","","","",0.1,3,0.0008141683408060396,4,1,0.14357710977395374,476.4310824076335,0.6135344793399174,0.6186725477377574,0.6422259330749511,-0.05345553159713745,0.18979713320732117,212.6865692138672,0.8152323365211487,0.8419405817985535,0.6807550191879272,-0.10630524158477783,0.18815350532531738,60.34682846069336,0.8506550788879395,0.8135068416595459,0.7300164699554443,-0.46885693073272705,0.10790152102708817,123.09620666503906,0.9061698317527771,0.7428807616233826,0.6716743111610413,0.018025100231170654,0.10989183187484741,99.55876922607422,0.7316969037055969,0.7148456573486328,0.7360113859176636,0.08898502588272095,0.2349025458097458,152.2396697998047,0.7187455892562866,0.7362067699432373,0.6747881770133972,-0.31592583656311035,0.0930759534239769,140.7246856689453,0.6921278238296509,0.7167457342147827,0.7053040266036987,0.23010468482971191,0.15805462002754211,65.71630859375,0.7744813561439514,0.7135130167007446,0.7306151390075684,-0.13888001441955566,0.21653582155704498,2994.77490234375,0.32527458667755127,0.51353520154953,0.6584988236427307,-0.005857229232788086,0.16485080122947693,70.56439971923828,0.7315878868103027,0.6626920104026794,0.6597639918327332,-0.5733239650726318,0.1380406767129898,64.5999526977539,0.8792113065719604,0.7358924746513367,0.8261318206787109,0.06789290904998779,0.10008371621370316,206.77125549316406,0.2141820192337036,0.32780200242996216,0.44280293583869934,-0.2460247278213501,0.09982319176197052,1414.957275390625,0.22143177688121796,0.17859631776809692,0.18419447541236877,0.04369014501571655,0.1252807378768921,252.92410278320312,0.501710832118988,0.5103951692581177,0.6215248703956604,0.14146167039871216,0.13793256878852844,636.376708984375,0.21927151083946228,0.3090151250362396,0.4858589172363281,0.0569918155670166,0.08933202177286148,651.1286010742188,0.6212383508682251,0.7625205516815186,0.8254486322402954,0.40618962049484253,5.0,0.1065308153629303,0.10740967839956284,"COMPLETE"
75,0.11671817302703857,"2025-05-16 15:38:37.984678","2025-05-16 15:38:38.514755","0 days 00:00:00.530077",32,144.0,256.0,240.0,"",16,"","","","",0.4,5,0.00036512622236890005,4,1,"","","","","","","","","","","","","","","","","","","","","","","","","","","","","","","","","","","","","","","","","","",0.18324828147888184,68.91715240478516,0.701413631439209,0.6724991202354431,0.7080052495002747,-0.6034623384475708,"","","","","","","","","","","","","","","","","","","","","","","","","","","","","","","","","","","","","","","","","","","","","","","","","",0.11671817302703857,"","PRUNED"
76,0.11727726459503174,"2025-05-16 15:38:38.515053","2025-05-16 15:38:39.091182","0 days 00:00:00.576129",64,176.0,240.0,256.0,160.0,16,"","","","",0.1,5,0.0005864183004975657,5,1,"","","","","","","","","","","","","","","","","","","","","","","","","","","","","","","","","","","","","","","","","","",0.18197990953922272,67.9355239868164,0.5814049243927002,0.6290706396102905,0.6840512156486511,-0.5976226329803467,"","","","","","","","","","","","","","","","","","","","","","","","","","","","","","","","","","","","","","","","","","","","","","","","","",0.11727726459503174,"","PRUNED"
77,0.12882302701473236,"2025-05-16 15:38:39.091471","2025-05-16 15:38:40.041484","0 days 00:00:00.950013",48,192.0,256.0,240.0,"",112,224.0,"","","",0.1,2,0.04493844214801405,4,2,"","","","","","","","","","","","","","","","","","","","","","","","","","","","","","","","","","","","","","","","","","",0.17887462675571442,58.51349639892578,0.3079359233379364,0.3392367362976074,0.38500848412513733,-0.7479363679885864,"","","","","","","","","","","","","","","","","","","","","","","","","","","","","","","","","","","","","","","","","","","","","","","","","",0.12882302701473236,"","PRUNED"
78,0.11361362040042877,"2025-05-16 15:38:40.041774","2025-05-16 15:38:40.600647","0 days 00:00:00.558873",16,128.0,240.0,208.0,"",192,"","","","",0.0,1,0.0018630564022206846,4,1,"","","","","","","","","","","","","","","","","","","","","","","","","","","","","","","","","","","","","","","","","","",0.16778892278671265,59.79506301879883,0.5323161482810974,0.5419221520423889,0.5365578532218933,-0.5610655546188354,"","","","","","","","","","","","","","","","","","","","","","","","","","","","","","","","","","","","","","","","","","","","","","","","","",0.11361362040042877,"","PRUNED"
79,0.1163700744509697,"2025-05-16 15:38:40.600934","2025-05-16 15:38:42.287855","0 days 00:00:01.686921",160,160.0,224.0,256.0,"",32,48.0,80.0,224.0,80.0,0.1,3,0.0007087294520003416,4,5,"","","","","","","","","","","","","","","","","","","","","","","","","","","","","","","","","","","","","","","","","","",0.20441032946109772,75.36103057861328,0.36339014768600464,0.34972310066223145,0.5260498523712158,-0.961705207824707,"","","","","","","","","","","","","","","","","","","","","","","","","","","","","","","","","","","","","","","","","","","","","","","","","",0.1163700744509697,"","PRUNED"
80,0.11607685685157776,"2025-05-16 15:38:42.288185","2025-05-16 15:38:44.226908","0 days 00:00:01.938723",176,144.0,256.0,240.0,"",256,240.0,48.0,"","",0.1,4,0.0013174303411626128,4,3,"","","","","","","","","","","","","","","","","","","","","","","","","","","","","","","","","","","","","","","","","","",0.16404299437999725,55.51461410522461,0.359404981136322,0.397960364818573,0.5490485429763794,-0.5038814544677734,"","","","","","","","","","","","","","","","","","","","","","","","","","","","","","","","","","","","","","","","","","","","","","","","","",0.11607685685157776,"","PRUNED"
81,0.11225909739732742,"2025-05-16 15:38:44.227200","2025-05-16 15:38:44.796728","0 days 00:00:00.569528",128,160.0,128.0,240.0,"",32,"","","","",0.1,3,0.0008690148966234094,4,1,"","","","","","","","","","","","","","","","","","","","","","","","","","","","","","","","","","","","","","","","","","",0.15081755816936493,66.44987487792969,0.5938621163368225,0.6413277983665466,0.6549049019813538,-0.03293001651763916,"","","","","","","","","","","","","","","","","","","","","","","","","","","","","","","","","","","","","","","","","","","","","","","","","",0.11225909739732742,"","PRUNED"
82,0.11336126178503036,"2025-05-16 15:38:44.797005","2025-05-16 15:38:45.354295","0 days 00:00:00.557290",64,176.0,256.0,256.0,"",16,"","","","",0.1,3,0.000532631408175712,4,1,"","","","","","","","","","","","","","","","","","","","","","","","","","","","","","","","","","","","","","","","","","",0.1490640789270401,62.967811584472656,0.6948034763336182,0.6692714691162109,0.6939583420753479,-0.04651904106140137,"","","","","","","","","","","","","","","","","","","","","","","","","","","","","","","","","","","","","","","","","","","","","","","","","",0.11336126178503036,"","PRUNED"
83,0.11054486036300659,"2025-05-16 15:38:45.354601","2025-05-16 15:38:46.782641","0 days 00:00:01.428040",96,160.0,240.0,224.0,"",32,"","","","",0.1,4,0.0008012832107739601,4,1,"","","","","","","","","","","","","","","","","","","","","","","","","","","","","","","","","","","","","","","","","","",0.16533495485782623,59.79885482788086,0.487240195274353,0.5182443857192993,0.5645347833633423,-0.4422796964645386,0.21454916894435883,3063.66064453125,0.25844576954841614,0.4724051356315613,0.6319655776023865,-0.03730463981628418,0.1681339293718338,69.93213653564453,0.7691236734390259,0.7129517793655396,0.6937229037284851,-0.7034107446670532,0.14760372042655945,96.71814727783203,0.8768913149833679,0.7363972067832947,0.7525560259819031,0.1943279504776001,"","","","","","","","","","","","","","","","","","","","","","","","","","","","","","","",0.10796286165714264,0.11054486036300659,"PRUNED"
84,0.10997463762760162,"2025-05-16 15:38:46.782943","2025-05-16 15:38:48.101508","0 days 00:00:01.318565",160,144.0,256.0,208.0,"",16,"","","","",0.2,1,0.001110797362920944,4,1,"","","","","","","","","","","","","","","","","","","","","","","","","","","","","","","","","","","","","","","","","","",0.15608401596546173,63.05552673339844,0.7127885818481445,0.6969097852706909,0.6953344941139221,-0.1682957410812378,0.22896935045719147,2266.84228515625,0.2664976119995117,0.4843200147151947,0.6391372084617615,-0.15330207347869873,0.16304360330104828,73.35492706298828,0.7662110328674316,0.7551727890968323,0.7653507590293884,-0.48182427883148193,0.1256289929151535,83.53831481933594,0.7765706181526184,0.7465759515762329,0.8666848540306091,0.4233914613723755,"","","","","","","","","","","","","","","","","","","","","","","","","","","","","","","",0.1087646633386612,0.10997463762760162,"PRUNED"
85,0.11070113629102707,"2025-05-16 15:38:48.101805","2025-05-16 15:38:48.666669","0 days 00:00:00.564864",144,160.0,192.0,240.0,"",32,"","","","",0.1,2,0.00048509878759472175,4,1,"","","","","","","","","","","","","","","","","","","","","","","","","","","","","","","","","","","","","","","","","","",0.1776510328054428,67.83355712890625,0.7076687216758728,0.6782965660095215,0.6801435947418213,-0.4908132553100586,"","","","","","","","","","","","","","","","","","","","","","","","","","","","","","","","","","","","","","","","","","","","","","","","","",0.11070113629102707,"","PRUNED"
86,0.1145605519413948,"2025-05-16 15:38:48.666986","2025-05-16 15:38:49.348860","0 days 00:00:00.681874",160,176.0,112.0,224.0,208.0,48,"","","","",0.5,6,0.0015402915746288838,5,1,"","","","","","","","","","","","","","","","","","","","","","","","","","","","","","","","","","","","","","","","","","",0.18113386631011963,77.517822265625,0.18621516227722168,0.24936924874782562,0.40714776515960693,-0.4519554376602173,"","","","","","","","","","","","","","","","","","","","","","","","","","","","","","","","","","","","","","","","","","","","","","","","","",0.1145605519413948,"","PRUNED"
87,0.10839562863111496,"2025-05-16 15:38:49.349148","2025-05-16 15:38:50.590535","0 days 00:00:01.241387",192,128.0,224.0,256.0,"",16,"","","","",0.1,3,0.007463492718496561,4,1,"","","","","","","","","","","","","","","","","","","","","","","","","","","","","","","","","","","","","","","","","","",0.14451639354228973,57.325286865234375,0.8959769606590271,0.7459709644317627,0.8043166399002075,-0.012989163398742676,0.2158622294664383,3510.1689453125,0.42671310901641846,0.5742347240447998,0.7552812099456787,0.06986373662948608,0.19052185118198395,87.24659729003906,0.2190774828195572,0.34323129057884216,0.39731866121292114,-1.0047063827514648,0.1599443256855011,109.05333709716797,0.44865646958351135,0.40112414956092834,0.5562013983726501,-0.030984997749328613,"","","","","","","","","","","","","","","","","","","","","","","","","","","","","","","",0.10629717260599136,0.10839562863111496,"PRUNED"
88,0.1164054423570633,"2025-05-16 15:38:50.590817","2025-05-16 15:38:51.160296","0 days 00:00:00.569479",128,160.0,240.0,192.0,"",32,"","","","",0.2,5,0.0008566410697942088,4,1,"","","","","","","","","","","","","","","","","","","","","","","","","","","","","","","","","","","","","","","","","","",0.16535498201847076,73.63954162597656,0.5926706790924072,0.6198526620864868,0.671408474445343,-0.17427587509155273,"","","","","","","","","","","","","","","","","","","","","","","","","","","","","","","","","","","","","","","","","","","","","","","","","",0.1164054423570633,"","PRUNED"
89,0.11625123023986816,"2025-05-16 15:38:51.160566","2025-05-16 15:38:51.937357","0 days 00:00:00.776791",176,144.0,256.0,"","",16,80.0,"","","",0.0,4,0.0004302943550545201,3,2,"","","","","","","","","","","","","","","","","","","","","","","","","","","","","","","","","","","","","","","","","","",0.16446290910243988,55.64867401123047,0.5769082903862,0.6193994283676147,0.6191661953926086,-0.5073953866958618,"","","","","","","","","","","","","","","","","","","","","","","","","","","","","","","","","","","","","","","","","","","","","","","","","",0.11625123023986816,"","PRUNED"
90,0.11218245327472687,"2025-05-16 15:38:51.937635","2025-05-16 15:38:53.018556","0 days 00:00:01.080921",64,208.0,240.0,240.0,"",128,"","","","",0.1,8,0.002255043378245655,4,1,"","","","","","","","","","","","","","","","","","","","","","","","","","","","","","","","","","","","","","","","","","",0.1821068823337555,66.56676483154297,0.5634487271308899,0.6485685110092163,0.6414268612861633,-0.6457701921463013,"","","","","","","","","","","","","","","","","","","","","","","","","","","","","","","","","","","","","","","","","","","","","","","","","",0.11218245327472687,"","PRUNED"
91,0.14517054259777068,"2025-05-16 15:38:53.018841","2025-05-16 15:38:56.527148","0 days 00:00:03.508307",160,176.0,176.0,256.0,"",16,"","","","",0.1,1,0.0012851666522498844,4,1,0.14517054259777068,476.87048492431643,0.5192534784475963,0.5424718767404556,0.5668358201781909,-0.0314423402150472,0.1909509301185608,222.1474151611328,0.7855551838874817,0.7320638298988342,0.6362724304199219,-0.11095869541168213,0.1821223646402359,59.89038848876953,0.8166035413742065,0.7277401089668274,0.640392541885376,-0.37627267837524414,0.11575116962194443,201.3488006591797,0.7819202542304993,0.6753025054931641,0.5419787168502808,0.05012553930282593,0.10599822551012039,102.54044342041016,0.47976240515708923,0.5280284881591797,0.6032823920249939,0.2392868995666504,0.21231567859649658,126.43060302734375,1.0,1.0,0.8089259266853333,-0.04500257968902588,0.10177116096019745,147.2766876220703,0.17184454202651978,0.21750950813293457,0.3294508159160614,-0.018985390663146973,0.15105141699314117,68.43543243408203,0.5421663522720337,0.6533053517341614,0.7046186923980713,-0.04279351234436035,0.22277270257472992,2566.932861328125,0.32736241817474365,0.4582592844963074,0.6406608819961548,-0.05679023265838623,0.16841870546340942,76.4975814819336,0.530072033405304,0.5995029211044312,0.6196804046630859,-0.6014567613601685,0.154986172914505,115.81739044189453,0.6203760504722595,0.6494697332382202,0.6665276288986206,0.12655645608901978,0.10249476134777069,215.5580291748047,0.2602083384990692,0.27678382396698,0.35418349504470825,-0.3064289093017578,0.08560197800397873,932.7948608398438,0.05068446695804596,0.05366577208042145,0.07269205898046494,-0.049669742584228516,0.13451780378818512,567.2322998046875,0.7084631323814392,0.6859332323074341,0.6662181615829468,0.29407089948654175,0.14495113492012024,828.1034545898438,0.21296705305576324,0.3092670142650604,0.4950205683708191,0.11619037389755249,0.10385393351316452,922.051025390625,0.5008164048194885,0.5702465772628784,0.7226325869560242,0.31049323081970215,5.0,0.10839485377073288,0.10812799632549286,"COMPLETE"
92,0.1136949434876442,"2025-05-16 15:38:56.527624","2025-05-16 15:38:57.778855","0 days 00:00:01.251231",176,176.0,160.0,256.0,"",16,"","","","",0.1,1,0.0012296749047425062,4,1,"","","","","","","","","","","","","","","","","","","","","","","","","","","","","","","","","","","","","","","","","","",0.14741529524326324,65.02792358398438,0.5675288438796997,0.635090708732605,0.7055307626724243,-0.01840078830718994,0.25490888953208923,4062.582763671875,0.30316105484962463,0.4566064178943634,0.6327466368675232,-0.3878699541091919,0.1543334573507309,75.80633544921875,0.13893096148967743,0.19739870727062225,0.45154884457588196,-0.498562216758728,0.1306649148464203,82.3425064086914,0.8585560917854309,0.7445501089096069,0.7876036763191223,0.2589870095252991,"","","","","","","","","","","","","","","","","","","","","","","","","","","","","","","",0.10372036695480347,0.1136949434876442,"PRUNED"
93,0.14258648008108138,"2025-05-16 15:38:57.779292","2025-05-16 15:39:01.458673","0 days 00:00:03.679381",160,192.0,176.0,256.0,"",16,"","","","",0.1,2,0.0010232056082789722,4,1,0.14258648008108138,485.56624298095704,0.6008949846029281,0.6043124382694562,0.6395023807883262,-0.049171582857767744,0.18282100558280945,153.3351593017578,0.9993637800216675,0.8745645880699158,0.7764024138450623,-0.040174245834350586,0.19239948689937592,59.64985656738281,0.81284099817276,0.7995750904083252,0.7705661654472351,-0.5053017139434814,0.10704918950796127,99.00012969970703,0.9074990749359131,0.8523383736610413,0.7627200484275818,0.05271989107131958,0.1161593347787857,68.99095916748047,0.7010811567306519,0.6539973020553589,0.6378348469734192,-0.11025822162628174,0.20557887852191925,135.99806213378906,0.8212968111038208,0.8323205709457397,0.8157892227172852,0.048420488834381104,0.09633306413888931,120.84931182861328,0.7114152312278748,0.7032677531242371,0.6793767809867859,0.039504408836364746,0.14795228838920593,63.106407165527344,0.7935793399810791,0.7184110879898071,0.7050573825836182,-0.037267327308654785,0.24795447289943695,3832.45849609375,0.3190559446811676,0.4056180715560913,0.6159275770187378,-0.2687007188796997,0.16705334186553955,78.95072937011719,0.8484711647033691,0.8105098605155945,0.7708252668380737,-0.4049034118652344,0.13706517219543457,103.9666976928711,0.618942141532898,0.6226248741149902,0.7619526386260986,0.20805126428604126,0.09953994303941727,295.37615966796875,0.23262400925159454,0.272181898355484,0.43187829852104187,-0.20576238632202148,0.07904418557882309,843.5576171875,0.06479905545711517,0.07817373424768448,0.09824905544519424,0.04455369710922241,0.12720739841461182,341.3678283691406,0.3935782015323639,0.3750549256801605,0.5612099766731262,0.14427554607391357,0.137894868850708,632.024169921875,0.16018898785114288,0.28960680961608887,0.3460979163646698,0.04185670614242554,0.09474457055330276,454.862060546875,0.6286888718605042,0.7764416337013245,0.8586481213569641,0.2554122805595398,5.0,0.10524967312812805,0.10733816772699356,"COMPLETE"
94,0.10918531566858292,"2025-05-16 15:39:01.459119","2025-05-16 15:39:01.977340","0 days 00:00:00.518221",160,192.0,176.0,256.0,"",16,"","","","",0.1,1,0.0007624323317191295,4,1,"","","","","","","","","","","","","","","","","","","","","","","","","","","","","","","","","","","","","","","","","","",0.1509903222322464,76.59718322753906,0.5376798510551453,0.6528626084327698,0.6848868727684021,0.05228525400161743,"","","","","","","","","","","","","","","","","","","","","","","","","","","","","","","","","","","","","","","","","","","","","","","","","",0.10918531566858292,"","PRUNED"
95,0.11662963032722473,"2025-05-16 15:39:01.977649","2025-05-16 15:39:02.621829","0 days 00:00:00.644180",144,192.0,208.0,256.0,"",96,"","","","",0.1,2,0.0005863486494493731,4,1,"","","","","","","","","","","","","","","","","","","","","","","","","","","","","","","","","","","","","","","","","","",0.1799764782190323,67.2521743774414,0.5545576214790344,0.5970403552055359,0.6654882431030273,-0.5858258008956909,"","","","","","","","","","","","","","","","","","","","","","","","","","","","","","","","","","","","","","","","","","","","","","","","","",0.11662963032722473,"","PRUNED"
96,0.11078345030546188,"2025-05-16 15:39:02.622122","2025-05-16 15:39:03.114698","0 days 00:00:00.492576",176,224.0,64.0,240.0,"",16,"","","","",0.1,2,0.001079364390240153,4,1,"","","","","","","","","","","","","","","","","","","","","","","","","","","","","","","","","","","","","","","","","","",0.16215866804122925,75.00143432617188,0.5917643308639526,0.6562303900718689,0.6892308592796326,-0.119759202003479,"","","","","","","","","","","","","","","","","","","","","","","","","","","","","","","","","","","","","","","","","","","","","","","","","",0.11078345030546188,"","PRUNED"
97,0.11337097734212875,"2025-05-16 15:39:03.114976","2025-05-16 15:39:03.727898","0 days 00:00:00.612922",160,176.0,160.0,256.0,"",240,"","","","",0.1,1,0.0016572150177457847,4,1,"","","","","","","","","","","","","","","","","","","","","","","","","","","","","","","","","","","","","","","","","","",0.16079534590244293,57.83854675292969,0.7752545475959778,0.7390042543411255,0.7102692127227783,-0.42878055572509766,"","","","","","","","","","","","","","","","","","","","","","","","","","","","","","","","","","","","","","","","","","","","","","","","","",0.11337097734212875,"","PRUNED"
98,0.11293864250183105,"2025-05-16 15:39:03.728180","2025-05-16 15:39:04.219022","0 days 00:00:00.490842",160,192.0,192.0,"","",32,"","","","",0.0,1,0.0006743639320049063,3,1,"","","","","","","","","","","","","","","","","","","","","","","","","","","","","","","","","","","","","","","","","","",0.16039134562015533,68.16973876953125,0.6165352463722229,0.666530191898346,0.7155141830444336,-0.21311640739440918,"","","","","","","","","","","","","","","","","","","","","","","","","","","","","","","","","","","","","","","","","","","","","","","","","",0.11293864250183105,"","PRUNED"
99,0.11387493461370468,"2025-05-16 15:39:04.219300","2025-05-16 15:39:04.749804","0 days 00:00:00.530504",144,160.0,96.0,240.0,"",16,"","","","",0.1,2,0.0003221158624052923,4,1,"","","","","","","","","","","","","","","","","","","","","","","","","","","","","","","","","","","","","","","","","","",0.17891354858875275,67.11943054199219,0.6180830001831055,0.653194785118103,0.6776924729347229,-0.5476837158203125,"","","","","","","","","","","","","","","","","","","","","","","","","","","","","","","","","","","","","","","","","","","","","","","","","",0.11387493461370468,"","PRUNED"
