"number","value","datetime_start","datetime_complete","duration","params_decoder_layer_width_0","params_decoder_layer_width_1","params_decoder_layer_width_2","params_decoder_layer_width_3","params_decoder_layer_width_4","params_lr","params_n_decoder_layers","user_attrs_avg_mae","user_attrs_avg_mape","user_attrs_avg_ndcg10","user_attrs_avg_ndcg20","user_attrs_avg_ndcg50","user_attrs_avg_r2","user_attrs_fold10_mae","user_attrs_fold10_mape","user_attrs_fold10_ndcg10","user_attrs_fold10_ndcg20","user_attrs_fold10_ndcg50","user_attrs_fold10_r2","user_attrs_fold11_mae","user_attrs_fold11_mape","user_attrs_fold11_ndcg10","user_attrs_fold11_ndcg20","user_attrs_fold11_ndcg50","user_attrs_fold11_r2","user_attrs_fold12_mae","user_attrs_fold12_mape","user_attrs_fold12_ndcg10","user_attrs_fold12_ndcg20","user_attrs_fold12_ndcg50","user_attrs_fold12_r2","user_attrs_fold13_mae","user_attrs_fold13_mape","user_attrs_fold13_ndcg10","user_attrs_fold13_ndcg20","user_attrs_fold13_ndcg50","user_attrs_fold13_r2","user_attrs_fold14_mae","user_attrs_fold14_mape","user_attrs_fold14_ndcg10","user_attrs_fold14_ndcg20","user_attrs_fold14_ndcg50","user_attrs_fold14_r2","user_attrs_fold15_mae","user_attrs_fold15_mape","user_attrs_fold15_ndcg10","user_attrs_fold15_ndcg20","user_attrs_fold15_ndcg50","user_attrs_fold15_r2","user_attrs_fold16_mae","user_attrs_fold16_mape","user_attrs_fold16_ndcg10","user_attrs_fold16_ndcg20","user_attrs_fold16_ndcg50","user_attrs_fold16_r2","user_attrs_fold17_mae","user_attrs_fold17_mape","user_attrs_fold17_ndcg10","user_attrs_fold17_ndcg20","user_attrs_fold17_ndcg50","user_attrs_fold17_r2","user_attrs_fold1_mae","user_attrs_fold1_mape","user_attrs_fold1_ndcg10","user_attrs_fold1_ndcg20","user_attrs_fold1_ndcg50","user_attrs_fold1_r2","user_attrs_fold2_mae","user_attrs_fold2_mape","user_attrs_fold2_ndcg10","user_attrs_fold2_ndcg20","user_attrs_fold2_ndcg50","user_attrs_fold2_r2","user_attrs_fold3_mae","user_attrs_fold3_mape","user_attrs_fold3_ndcg10","user_attrs_fold3_ndcg20","user_attrs_fold3_ndcg50","user_attrs_fold3_r2","user_attrs_fold4_mae","user_attrs_fold4_mape","user_attrs_fold4_ndcg10","user_attrs_fold4_ndcg20","user_attrs_fold4_ndcg50","user_attrs_fold4_r2","user_attrs_fold5_mae","user_attrs_fold5_mape","user_attrs_fold5_ndcg10","user_attrs_fold5_ndcg20","user_attrs_fold5_ndcg50","user_attrs_fold5_r2","user_attrs_fold6_mae","user_attrs_fold6_mape","user_attrs_fold6_ndcg10","user_attrs_fold6_ndcg20","user_attrs_fold6_ndcg50","user_attrs_fold6_r2","user_attrs_fold7_mae","user_attrs_fold7_mape","user_attrs_fold7_ndcg10","user_attrs_fold7_ndcg20","user_attrs_fold7_ndcg50","user_attrs_fold7_r2","user_attrs_fold8_mae","user_attrs_fold8_mape","user_attrs_fold8_ndcg10","user_attrs_fold8_ndcg20","user_attrs_fold8_ndcg50","user_attrs_fold8_r2","user_attrs_fold9_mae","user_attrs_fold9_mape","user_attrs_fold9_ndcg10","user_attrs_fold9_ndcg20","user_attrs_fold9_ndcg50","user_attrs_fold9_r2","user_attrs_pca_components","system_attrs_completed_rung_0","system_attrs_completed_rung_1","system_attrs_completed_rung_2","state"
0,0.1477792657473508,"2025-05-16 21:01:35.700836","2025-05-16 21:01:39.291246","0 days 00:00:03.590410",192,128.0,"","","",0.009436203670216217,2,0.1477792657473508,4208.184349957634,0.48395331631250244,0.5162848179392955,0.5855194746571428,-0.3394079839482027,0.13041658699512482,506.9031677246094,0.5366218090057373,0.5269038081169128,0.5320520997047424,0.1099652647972107,0.09723473340272903,1006.6829833984375,0.39258289337158203,0.6340545415878296,0.755419135093689,0.4533381462097168,0.16188901662826538,225.5502166748047,0.6194478869438171,0.6146528720855713,0.6549606323242188,0.20611786842346191,0.15507157146930695,70.15050506591797,0.4289344549179077,0.584007740020752,0.5888258218765259,0.03196978569030762,0.11665407568216324,184.7291259765625,0.5877164602279663,0.5743234753608704,0.5452995300292969,-0.0012472867965698242,0.1063273623585701,79.46969604492188,0.4817146956920624,0.5108413696289062,0.6236584186553955,0.108523428440094,0.20221062004566193,191.6827392578125,0.6658233404159546,0.5496800541877747,0.6203000545501709,0.05302160978317261,0.11557327210903168,158.01950073242188,0.2465566098690033,0.3122805655002594,0.4253205358982086,-0.46086418628692627,0.13685661554336548,64.66018676757812,0.7105631232261658,0.6973007321357727,0.7777101993560791,0.05324512720108032,0.21785971522331238,3456.79248046875,0.4465741217136383,0.5270900130271912,0.7576964497566223,-0.03803861141204834,0.1466115564107895,74.29454040527344,0.5363888144493103,0.6306524872779846,0.6718046069145203,-0.24912631511688232,0.12531842291355133,69.43794250488281,0.7376676201820374,0.7172848582267761,0.7565305829048157,0.15432167053222656,0.11864873021841049,56652.28125,0.0945107564330101,0.29338204860687256,0.31989121437072754,-0.5109671354293823,0.09546768665313721,463.58770751953125,0.3344493508338928,0.42693400382995605,0.5330538153648376,-0.0030372142791748047,0.14485733211040497,314.14697265625,0.5044420957565308,0.39835482835769653,0.5685626864433289,0.02667248249053955,0.32865190505981445,7672.39453125,0.020902251824736595,0.014198895543813705,0.08415200561285019,-6.082815170288086,0.11259831488132477,348.35040283203125,0.8823100924491882,0.7648996114730835,0.7385932803153992,0.37898480892181396,0.0,"","","","COMPLETE"
1,0.15012024737456264,"2025-05-16 21:01:39.291601","2025-05-16 21:01:42.773308","0 days 00:00:03.481707",96,32.0,176.0,128.0,"",0.00014127309026770713,4,0.15012024737456264,2459.5854577457203,0.3392359993475325,0.3546871437745936,0.4083105693845188,-0.30105336624033313,0.1256561130285263,362.41265869140625,0.04069184139370918,0.06636345386505127,0.18266534805297852,-0.09720098972320557,0.12107506394386292,1351.590576171875,0.38902267813682556,0.560294508934021,0.7029128670692444,0.06308978796005249,0.1939733475446701,175.38218688964844,0.18518222868442535,0.20901310443878174,0.21268489956855774,-0.26281487941741943,0.2143598049879074,63.49477005004883,0.22967809438705444,0.23507444560527802,0.25722432136535645,-0.7481657266616821,0.11784357577562332,99.55061340332031,0.11020693182945251,0.12706196308135986,0.21942734718322754,-0.2826613187789917,0.1340014934539795,62.29395294189453,0.26548245549201965,0.31746354699134827,0.39807477593421936,-0.462543249130249,0.24374046921730042,126.69398498535156,0.1339729279279709,0.1588209867477417,0.15901300311088562,-0.473091721534729,0.10851097106933594,82.70137023925781,0.24442890286445618,0.2172941416501999,0.21503609418869019,-0.3137861490249634,0.17895808815956116,58.95065689086914,0.6877294778823853,0.638212263584137,0.6723165512084961,-0.7345163822174072,0.21763566136360168,2199.403076171875,0.3877769410610199,0.39041414856910706,0.6578637361526489,-0.2304084300994873,0.15003889799118042,56.48161697387695,0.6590190529823303,0.6174256205558777,0.6614920496940613,-0.5627655982971191,0.1627914309501648,54.755008697509766,0.43447205424308777,0.5711933374404907,0.644294261932373,-0.5190294981002808,0.08840685337781906,34130.8046875,0.5282118320465088,0.5085229873657227,0.5098674297332764,-0.01875162124633789,0.10299629718065262,577.7501831054688,0.2771871089935303,0.2791907787322998,0.34289392828941345,-0.12478816509246826,0.15017841756343842,301.1390380859375,0.34642475843429565,0.30598220229148865,0.3438397943973541,-0.16270136833190918,0.1170491948723793,1845.861572265625,0.29682058095932007,0.28176432847976685,0.22201776504516602,-0.06395614147186279,0.1248285248875618,263.68682861328125,0.5507041215896606,0.5455896258354187,0.5396555066108704,-0.12381577491760254,0.0,0.11202436685562134,0.11868003010749817,0.12813785672187805,"COMPLETE"
2,0.14270903915166855,"2025-05-16 21:01:42.773704","2025-05-16 21:01:46.349120","0 days 00:00:03.575416",160,192.0,"","","",0.0026901805678908788,2,0.14270903915166855,4986.579004624311,0.5617323263603098,0.5757259095416349,0.6045827024123248,-0.14562703932032867,0.13333912193775177,526.633056640625,0.3603515028953552,0.39104190468788147,0.488199919462204,0.058493852615356445,0.11312916874885559,1512.3514404296875,0.3548276424407959,0.5859222412109375,0.7357938289642334,0.4205392599105835,0.1592998206615448,253.66720581054688,0.7287630438804626,0.715715229511261,0.6820021271705627,0.3078995943069458,0.15354877710342407,71.2782974243164,0.5818061828613281,0.5623583197593689,0.5617782473564148,0.09845954179763794,0.1081855446100235,158.22555541992188,0.6418544054031372,0.6183791756629944,0.5873328447341919,0.14895814657211304,0.10447582602500916,78.87266540527344,0.6062217950820923,0.6670435070991516,0.6997981071472168,0.1631520390510559,0.18785947561264038,193.0289306640625,0.8880629539489746,0.892808735370636,0.6799009442329407,0.23335695266723633,0.12110625207424164,184.24046325683594,0.47040167450904846,0.42289888858795166,0.47907117009162903,-0.44380664825439453,0.1300412118434906,64.1482925415039,0.7297849059104919,0.7027603983879089,0.7832834124565125,0.08270686864852905,0.20696187019348145,3299.889404296875,0.47318097949028015,0.5941786766052246,0.7664207220077515,-0.0017298460006713867,0.14580361545085907,77.64407348632812,0.47911879420280457,0.578575611114502,0.6667047739028931,-0.24034297466278076,0.10976795107126236,63.38340759277344,0.6575574278831482,0.6916682720184326,0.7445377707481384,0.3102560043334961,0.12030153721570969,71203.765625,0.16275687515735626,0.3278947174549103,0.3603161871433258,-0.3119797706604004,0.11102195829153061,756.6778564453125,0.4135855436325073,0.4211385250091553,0.4783291220664978,-0.126869797706604,0.14407531917095184,307.62139892578125,0.5044420957565308,0.39257070422172546,0.5457950830459595,0.029882311820983887,0.2604065239429474,5624.169921875,0.5987970232963562,0.4316774308681488,0.2684686481952667,-3.587045192718506,0.11672969162464142,396.2454833984375,0.8979367017745972,0.7907081246376038,0.750173032283783,0.3824099898338318,0.0,0.07167918980121613,0.06414628028869629,0.07111428678035736,"COMPLETE"
3,0.12805180251598358,"2025-05-16 21:01:46.349505","2025-05-16 21:01:46.864370","0 days 00:00:00.514865",224,160.0,16.0,64.0,240.0,0.00010926111862147569,5,"","","","","","","","","","","","","","","","","","","","","","","","","","","","","","","","","","","","","","","","","","","","","","","","","","","","","","",0.1794940084218979,59.47792434692383,0.6263533234596252,0.6320398449897766,0.6804959177970886,-0.7320181131362915,"","","","","","","","","","","","","","","","","","","","","","","","","","","","","","","","","","","","","","","","","","","","","","","","","",0.12805180251598358,"","","PRUNED"
4,0.09927725791931152,"2025-05-16 21:01:46.864617","2025-05-16 21:01:47.183693","0 days 00:00:00.319076",64,"","","","",0.000468857341633353,1,"","","","","","","","","","","","","","","","","","","","","","","","","","","","","","","","","","","","","","","","","","","","","","","","","","","","","","",0.14759095013141632,54.737274169921875,0.7247506380081177,0.65268474817276,0.7646794319152832,-0.18403255939483643,"","","","","","","","","","","","","","","","","","","","","","","","","","","","","","","","","","","","","","","","","","","","","","","","","",0.09927725791931152,"","","PRUNED"
5,0.12876825034618378,"2025-05-16 21:01:47.183901","2025-05-16 21:01:47.717925","0 days 00:00:00.534024",224,80.0,240.0,240.0,"",0.021757258092725246,4,"","","","","","","","","","","","","","","","","","","","","","","","","","","","","","","","","","","","","","","","","","","","","","","","","","","","","","",0.1792973130941391,58.71045684814453,0.3079359233379364,0.3392367362976074,0.38500848412513733,-0.7521698474884033,"","","","","","","","","","","","","","","","","","","","","","","","","","","","","","","","","","","","","","","","","","","","","","","","","",0.12876825034618378,"","","PRUNED"
6,0.09098529070615768,"2025-05-16 21:01:47.718185","2025-05-16 21:01:48.152740","0 days 00:00:00.434555",256,"","","","",0.0008979589107842844,1,"","","","","","","","","","","","","","","","","","","","","","","","","","","","","","","","","","","","","","","","","","","","","","","","","","","","","","",0.1358165442943573,59.3153076171875,0.691261351108551,0.7277334332466125,0.7642393708229065,0.0635063648223877,"","","","","","","","","","","","","","","","","","","","","","","","","","","","","","","","","","","","","","","","","","","","","","","","","",0.09098529070615768,"","","PRUNED"
7,0.10387576371431351,"2025-05-16 21:01:48.152955","2025-05-16 21:01:48.502807","0 days 00:00:00.349852",112,"","","","",0.00014679688443921743,1,"","","","","","","","","","","","","","","","","","","","","","","","","","","","","","","","","","","","","","","","","","","","","","","","","","","","","","",0.16663125157356262,57.164878845214844,0.6397318840026855,0.628955066204071,0.6450917720794678,-0.518997073173523,"","","","","","","","","","","","","","","","","","","","","","","","","","","","","","","","","","","","","","","","","","","","","","","","","",0.10387576371431351,"","","PRUNED"
8,0.06792651116847992,"2025-05-16 21:01:48.503016","2025-05-16 21:01:49.843974","0 days 00:00:01.340958",208,224.0,256.0,32.0,"",0.008775194317511609,4,"","","","","","","","","","","","","","","","","","","","","","","","","","","","","","","","","","","","","","","","","","","","","","","","","","","","","","",0.1357789933681488,67.01557922363281,0.6669038534164429,0.6503683924674988,0.7270175814628601,0.01515054702758789,0.23678360879421234,4831.439453125,0.4248931109905243,0.4839158356189728,0.7422583699226379,-0.26256561279296875,0.1455264687538147,82.58370971679688,0.47787216305732727,0.5948167443275452,0.6762248277664185,-0.2620818614959717,0.1201326921582222,65.00176239013672,0.7494000792503357,0.7332186102867126,0.7658969163894653,0.19043415784835815,"","","","","","","","","","","","","","","","","","","","","","","","","","","","","","","",0.07512921094894409,0.06792651116847992,"","PRUNED"
9,0.09799468517303467,"2025-05-16 21:01:49.844222","2025-05-16 21:01:50.247336","0 days 00:00:00.403114",224,"","","","",0.0002554939703370013,1,"","","","","","","","","","","","","","","","","","","","","","","","","","","","","","","","","","","","","","","","","","","","","","","","","","","","","","",0.15707126259803772,57.66527557373047,0.631918728351593,0.6605321764945984,0.727331280708313,-0.28655850887298584,"","","","","","","","","","","","","","","","","","","","","","","","","","","","","","","","","","","","","","","","","","","","","","","","","",0.09799468517303467,"","","PRUNED"
10,0.13178065419197083,"2025-05-16 21:01:50.247552","2025-05-16 21:01:50.618112","0 days 00:00:00.370560",16,256.0,48.0,"","",0.09725929748821976,3,"","","","","","","","","","","","","","","","","","","","","","","","","","","","","","","","","","","","","","","","","","","","","","","","","","","","","","",0.18784233927726746,63.99756622314453,0.3079359233379364,0.3392367362976074,0.38500848412513733,-0.8281562328338623,"","","","","","","","","","","","","","","","","","","","","","","","","","","","","","","","","","","","","","","","","","","","","","","","","",0.13178065419197083,"","","PRUNED"
11,0.06873883306980133,"2025-05-16 21:01:50.618346","2025-05-16 21:01:51.659673","0 days 00:00:01.041327",160,160.0,"","","",0.003295541498500011,2,"","","","","","","","","","","","","","","","","","","","","","","","","","","","","","","","","","","","","","","","","","","","","","","","","","","","","","",0.13044218719005585,63.44408416748047,0.7194103002548218,0.6912392973899841,0.7781765460968018,0.06924819946289062,0.20544008910655975,3181.292236328125,0.5417415499687195,0.5518409013748169,0.7764666080474854,0.0005830526351928711,0.15183807909488678,81.77818298339844,0.5047438144683838,0.553575336933136,0.652400553226471,-0.265580415725708,0.11897705495357513,66.20538330078125,0.7730911374092102,0.7382504343986511,0.7864672541618347,0.2549024224281311,"","","","","","","","","","","","","","","","","","","","","","","","","","","","","","","",0.0699528232216835,0.06873883306980133,"","PRUNED"
12,0.07653969526290894,"2025-05-16 21:01:51.659911","2025-05-16 21:01:52.729556","0 days 00:00:01.069645",160,128.0,"","","",0.0016592721731179742,2,"","","","","","","","","","","","","","","","","","","","","","","","","","","","","","","","","","","","","","","","","","","","","","","","","","","","","","",0.13722984492778778,63.576412200927734,0.734195351600647,0.7231449484825134,0.7663673758506775,0.021951913833618164,0.22031237185001373,3414.192138671875,0.45588117837905884,0.533589243888855,0.7564519643783569,-0.08781814575195312,0.13893675804138184,77.84813690185547,0.5007057785987854,0.5956621170043945,0.643667995929718,-0.13569402694702148,0.13037098944187164,66.44926452636719,0.7013536095619202,0.6684885025024414,0.7434600591659546,0.13795018196105957,"","","","","","","","","","","","","","","","","","","","","","","","","","","","","","","",0.0677325427532196,0.07653969526290894,"","PRUNED"
13,0.0650261864066124,"2025-05-16 21:01:52.729796","2025-05-16 21:01:53.793655","0 days 00:00:01.063859",176,192.0,"","","",0.00716154076513331,2,"","","","","","","","","","","","","","","","","","","","","","","","","","","","","","","","","","","","","","","","","","","","","","","","","","","","","","",0.14059139788150787,65.54914855957031,0.6923964023590088,0.7098627686500549,0.7489597797393799,-0.012984871864318848,0.19834661483764648,2839.822265625,0.5109630823135376,0.5713793039321899,0.7806729674339294,0.05235695838928223,0.14549021422863007,73.49696350097656,0.5472460389137268,0.5808024406433105,0.6890156269073486,-0.2678929567337036,0.12394289672374725,72.61051177978516,0.748784601688385,0.7331693768501282,0.776379406452179,0.20281922817230225,"","","","","","","","","","","","","","","","","","","","","","","","","","","","","","","",0.06738743185997009,0.0650261864066124,"","PRUNED"
14,0.12884612381458282,"2025-05-16 21:01:53.793892","2025-05-16 21:01:54.232874","0 days 00:00:00.438982",128,112.0,112.0,"","",0.02931853024260759,3,"","","","","","","","","","","","","","","","","","","","","","","","","","","","","","","","","","","","","","","","","","","","","","","","","","","","","","",0.14272001385688782,62.0216178894043,0.6344237923622131,0.658180296421051,0.715721070766449,-0.07539725303649902,"","","","","","","","","","","","","","","","","","","","","","","","","","","","","","","","","","","","","","","","","","","","","","","","","",0.12884612381458282,"","","PRUNED"
15,0.0669202134013176,"2025-05-16 21:01:54.233105","2025-05-16 21:01:55.312270","0 days 00:00:01.079165",192,192.0,"","","",0.0039052457207701266,2,"","","","","","","","","","","","","","","","","","","","","","","","","","","","","","","","","","","","","","","","","","","","","","","","","","","","","","",0.1326879858970642,67.09832763671875,0.7078944444656372,0.6924958825111389,0.7664895057678223,0.00796520709991455,0.2048044055700302,2341.0703125,0.5189040899276733,0.5901455283164978,0.7913685441017151,0.01876145601272583,0.1476016640663147,81.19310760498047,0.5514373779296875,0.591456413269043,0.6753354072570801,-0.24515271186828613,0.11410074681043625,57.02593994140625,0.7753305435180664,0.7566984295845032,0.7923216223716736,0.24143916368484497,"","","","","","","","","","","","","","","","","","","","","","","","","","","","","","","",0.060945626348257065,0.0669202134013176,"","PRUNED"
16,0.08757990598678589,"2025-05-16 21:01:55.312502","2025-05-16 21:01:55.751136","0 days 00:00:00.438634",144,80.0,112.0,"","",0.01631757982930027,3,"","","","","","","","","","","","","","","","","","","","","","","","","","","","","","","","","","","","","","","","","","","","","","","","","","","","","","",0.13418839871883392,66.18104553222656,0.6536660194396973,0.7088718414306641,0.7743780612945557,0.06582283973693848,"","","","","","","","","","","","","","","","","","","","","","","","","","","","","","","","","","","","","","","","","","","","","","","","","",0.08757990598678589,"","","PRUNED"
17,0.07574455440044403,"2025-05-16 21:01:55.751361","2025-05-16 21:01:56.132085","0 days 00:00:00.380724",80,192.0,"","","",0.0013651446245243868,2,"","","","","","","","","","","","","","","","","","","","","","","","","","","","","","","","","","","","","","","","","","","","","","","","","","","","","","",0.13960906863212585,62.74018096923828,0.6703500747680664,0.691777229309082,0.7486539483070374,0.02947998046875,"","","","","","","","","","","","","","","","","","","","","","","","","","","","","","","","","","","","","","","","","","","","","","","","","",0.07574455440044403,"","","PRUNED"
18,0.11406140774488449,"2025-05-16 21:01:56.132308","2025-05-16 21:01:56.614400","0 days 00:00:00.482092",256,96.0,"","","",0.06832523873664711,2,"","","","","","","","","","","","","","","","","","","","","","","","","","","","","","","","","","","","","","","","","","","","","","","","","","","","","","",0.1881508082151413,64.1980209350586,0.3079359233379364,0.3392367362976074,0.38500848412513733,-0.8308783769607544,"","","","","","","","","","","","","","","","","","","","","","","","","","","","","","","","","","","","","","","","","","","","","","","","","",0.11406140774488449,"","","PRUNED"
19,0.07832419872283936,"2025-05-16 21:01:56.614631","2025-05-16 21:01:57.537517","0 days 00:00:00.922886",48,32.0,176.0,"","",0.008075360593025003,3,"","","","","","","","","","","","","","","","","","","","","","","","","","","","","","","","","","","","","","","","","","","","","","","","","","","","","","",0.13460442423820496,65.41288757324219,0.688435971736908,0.7082287073135376,0.7524572610855103,0.011656522750854492,0.23490417003631592,4461.150390625,0.4199947416782379,0.509671688079834,0.7408097386360168,-0.2677938938140869,0.15150868892669678,78.39307403564453,0.4346503019332886,0.5499327182769775,0.6369179487228394,-0.317152738571167,0.12970943748950958,70.02336120605469,0.7415092587471008,0.7169223427772522,0.7589259743690491,0.1529017686843872,"","","","","","","","","","","","","","","","","","","","","","","","","","","","","","","",0.06896838545799255,0.07832419872283936,"","PRUNED"
20,0.07548364251852036,"2025-05-16 21:01:57.537762","2025-05-16 21:01:58.010162","0 days 00:00:00.472400",192,160.0,80.0,"","",0.0019867449913325,3,"","","","","","","","","","","","","","","","","","","","","","","","","","","","","","","","","","","","","","","","","","","","","","","","","","","","","","",0.13280777633190155,65.33948516845703,0.6617516875267029,0.7208271622657776,0.7551839351654053,0.027160584926605225,"","","","","","","","","","","","","","","","","","","","","","","","","","","","","","","","","","","","","","","","","","","","","","","","","",0.07548364251852036,"","","PRUNED"
21,0.10168900340795517,"2025-05-16 21:01:58.010402","2025-05-16 21:01:58.463214","0 days 00:00:00.452812",96,16.0,176.0,160.0,"",0.000559654823004354,4,"","","","","","","","","","","","","","","","","","","","","","","","","","","","","","","","","","","","","","","","","","","","","","","","","","","","","","",0.1494450718164444,58.70021057128906,0.6430115103721619,0.690710723400116,0.7318114638328552,-0.14773643016815186,"","","","","","","","","","","","","","","","","","","","","","","","","","","","","","","","","","","","","","","","","","","","","","","","","",0.10168900340795517,"","","PRUNED"
22,0.11379634588956833,"2025-05-16 21:01:58.463441","2025-05-16 21:01:58.934545","0 days 00:00:00.471104",128,48.0,192.0,144.0,16.0,0.04029105167612379,5,"","","","","","","","","","","","","","","","","","","","","","","","","","","","","","","","","","","","","","","","","","","","","","","","","","","","","","",0.15059079229831696,69.5284652709961,0.6363245248794556,0.6888708472251892,0.7243980169296265,-0.015919089317321777,"","","","","","","","","","","","","","","","","","","","","","","","","","","","","","","","","","","","","","","","","","","","","","","","","",0.11379634588956833,"","","PRUNED"
23,0.07749687135219574,"2025-05-16 21:01:58.934786","2025-05-16 21:01:59.447496","0 days 00:00:00.512710",144,64.0,208.0,208.0,"",0.011981312877347966,4,"","","","","","","","","","","","","","","","","","","","","","","","","","","","","","","","","","","","","","","","","","","","","","","","","","","","","","",0.13424478471279144,66.94369506835938,0.7590466141700745,0.6940229535102844,0.7729257345199585,0.1373603343963623,"","","","","","","","","","","","","","","","","","","","","","","","","","","","","","","","","","","","","","","","","","","","","","","","","",0.07749687135219574,"","","PRUNED"
24,0.07294795662164688,"2025-05-16 21:01:59.447757","2025-05-16 21:02:00.607988","0 days 00:00:01.160231",96,224.0,128.0,80.0,80.0,0.004837268846940564,5,"","","","","","","","","","","","","","","","","","","","","","","","","","","","","","","","","","","","","","","","","","","","","","","","","","","","","","",0.1438886821269989,60.267234802246094,0.7248270511627197,0.7298060655593872,0.7611479759216309,-0.053056955337524414,0.22269728779792786,3456.761962890625,0.4251070022583008,0.5388520956039429,0.7425233125686646,-0.15242183208465576,0.15052670240402222,84.18840789794922,0.4383504092693329,0.5603631138801575,0.6401500105857849,-0.2588268518447876,0.11470794677734375,65.31649780273438,0.7304775714874268,0.7342212200164795,0.7647329568862915,0.28469258546829224,"","","","","","","","","","","","","","","","","","","","","","","","","","","","","","","",0.06651804596185684,0.07294795662164688,"","PRUNED"
25,0.10467935353517532,"2025-05-16 21:02:00.608254","2025-05-16 21:02:01.068331","0 days 00:00:00.460077",176,128.0,160.0,"","",0.0003322368793353073,3,"","","","","","","","","","","","","","","","","","","","","","","","","","","","","","","","","","","","","","","","","","","","","","","","","","","","","","",0.14484937489032745,59.54277420043945,0.7307996153831482,0.6714616417884827,0.7476885318756104,-0.05741739273071289,"","","","","","","","","","","","","","","","","","","","","","","","","","","","","","","","","","","","","","","","","","","","","","","","","",0.10467935353517532,"","","PRUNED"
26,0.07258440554141998,"2025-05-16 21:02:01.068560","2025-05-16 21:02:01.515057","0 days 00:00:00.446497",48,256.0,224.0,112.0,"",0.0027563714998947685,4,"","","","","","","","","","","","","","","","","","","","","","","","","","","","","","","","","","","","","","","","","","","","","","","","","","","","","","",0.1487264335155487,68.4345932006836,0.7030256986618042,0.6677472591400146,0.7533071637153625,-0.0782996416091919,"","","","","","","","","","","","","","","","","","","","","","","","","","","","","","","","","","","","","","","","","","","","","","","","","",0.07258440554141998,"","","PRUNED"
27,0.07825535535812378,"2025-05-16 21:02:01.515304","2025-05-16 21:02:01.910422","0 days 00:00:00.395118",112,224.0,"","","",0.001058503949556677,2,"","","","","","","","","","","","","","","","","","","","","","","","","","","","","","","","","","","","","","","","","","","","","","","","","","","","","","",0.1407424956560135,63.11165237426758,0.6855224370956421,0.6939822435379028,0.7565522193908691,0.027885019779205322,"","","","","","","","","","","","","","","","","","","","","","","","","","","","","","","","","","","","","","","","","","","","","","","","","",0.07825535535812378,"","","PRUNED"
28,0.09818144142627716,"2025-05-16 21:02:01.910649","2025-05-16 21:02:02.315719","0 days 00:00:00.405070",160,"","","","",0.000722461750467921,1,"","","","","","","","","","","","","","","","","","","","","","","","","","","","","","","","","","","","","","","","","","","","","","","","","","","","","","",0.14227008819580078,57.259220123291016,0.7267075181007385,0.7069763541221619,0.7739459276199341,-0.046254515647888184,"","","","","","","","","","","","","","","","","","","","","","","","","","","","","","","","","","","","","","","","","","","","","","","","","",0.09818144142627716,"","","PRUNED"
29,0.12786729633808136,"2025-05-16 21:02:02.315936","2025-05-16 21:02:02.878477","0 days 00:00:00.562541",240,16.0,144.0,192.0,224.0,0.00014589741195603412,5,"","","","","","","","","","","","","","","","","","","","","","","","","","","","","","","","","","","","","","","","","","","","","","","","","","","","","","",0.18065255880355835,60.191368103027344,0.57887864112854,0.6150766611099243,0.6961816549301147,-0.7403185367584229,"","","","","","","","","","","","","","","","","","","","","","","","","","","","","","","","","","","","","","","","","","","","","","","","","",0.12786729633808136,"","","PRUNED"
30,0.1467066131093923,"2025-05-16 21:02:02.878716","2025-05-16 21:02:06.399017","0 days 00:00:03.520301",192,144.0,64.0,"","",0.005530018118824706,3,0.1467066131093923,6005.773619707893,0.5143655494732016,0.5320082999327603,0.5898642645162695,-0.2655722218401292,0.1391296088695526,580.649658203125,0.4530862867832184,0.397767573595047,0.48748183250427246,0.07765215635299683,0.1153298020362854,1610.056884765625,0.5223565697669983,0.6223949193954468,0.7064546346664429,0.44304370880126953,0.15510323643684387,265.0971984863281,0.6217413544654846,0.6648883819580078,0.6637440323829651,0.32412558794021606,0.15765070915222168,78.73602294921875,0.4391518533229828,0.4940953254699707,0.59219890832901,0.037344515323638916,0.11259625107049942,180.21856689453125,0.6533330082893372,0.6083900332450867,0.6207340359687805,0.08886760473251343,0.10572037100791931,90.13896942138672,0.661687970161438,0.6983944177627563,0.6901060938835144,0.13816285133361816,0.1941991150379181,181.70973205566406,0.7989809513092041,0.727796733379364,0.6647878289222717,0.1583951711654663,0.13313372433185577,177.63494873046875,0.12702222168445587,0.22350259125232697,0.3608320951461792,-1.364480972290039,0.13312190771102905,67.22607421875,0.759346604347229,0.7014369964599609,0.7831347584724426,0.06478750705718994,0.22328302264213562,3406.89892578125,0.4524923861026764,0.5296428203582764,0.7570211887359619,-0.13790977001190186,0.15226592123508453,77.20447540283203,0.43932345509529114,0.5652602910995483,0.6295391321182251,-0.3435720205307007,0.11221478134393692,62.18792724609375,0.6567492485046387,0.6725680232048035,0.745460033416748,0.30289822816848755,0.12493070960044861,88041.5859375,0.1546623408794403,0.20694249868392944,0.3364189863204956,-0.43997156620025635,0.098871149122715,515.3914184570312,0.3404585123062134,0.39611443877220154,0.5258217453956604,-0.01985454559326172,0.14666303992271423,350.10369873046875,0.43365728855133057,0.3866907060146332,0.49701061844825745,0.03677147626876831,0.2710101306438446,6039.3076171875,0.33686721324920654,0.3861469626426697,0.228733628988266,-4.244279384613037,0.118788942694664,374.00347900390625,0.8932970762252808,0.7621083855628967,0.7382129430770874,0.3632916808128357,0.0,0.06669976562261581,0.06344126909971237,0.06579969823360443,"COMPLETE"
31,0.06604259461164474,"2025-05-16 21:02:06.399416","2025-05-16 21:02:07.474906","0 days 00:00:01.075490",192,144.0,80.0,"","",0.0060647135007391335,3,"","","","","","","","","","","","","","","","","","","","","","","","","","","","","","","","","","","","","","","","","","","","","","","","","","","","","","",0.14089453220367432,66.75465393066406,0.5927969217300415,0.6227183938026428,0.7084654569625854,-0.024137020111083984,0.22351884841918945,3659.083251953125,0.42731213569641113,0.5090126395225525,0.7536579966545105,-0.12002146244049072,0.15334460139274597,76.79351043701172,0.4970056712627411,0.5905685424804688,0.6339602470397949,-0.35886597633361816,0.10514941811561584,56.6587028503418,0.7079190611839294,0.7317133545875549,0.7945489287376404,0.3302488923072815,"","","","","","","","","","","","","","","","","","","","","","","","","","","","","","","",0.06344588845968246,0.06604259461164474,"","PRUNED"
32,0.0877259224653244,"2025-05-16 21:02:07.475153","2025-05-16 21:02:07.987971","0 days 00:00:00.512818",208,176.0,80.0,16.0,"",0.012980482435871755,4,"","","","","","","","","","","","","","","","","","","","","","","","","","","","","","","","","","","","","","","","","","","","","","","","","","","","","","",0.13437575101852417,64.92047119140625,0.6558138728141785,0.6786362528800964,0.7259715795516968,0.022775769233703613,"","","","","","","","","","","","","","","","","","","","","","","","","","","","","","","","","","","","","","","","","","","","","","","","","",0.0877259224653244,"","","PRUNED"
33,0.08230852335691452,"2025-05-16 21:02:07.988208","2025-05-16 21:02:09.117054","0 days 00:00:01.128846",208,112.0,"","","",0.002374899111291876,2,"","","","","","","","","","","","","","","","","","","","","","","","","","","","","","","","","","","","","","","","","","","","","","","","","","","","","","",0.13215669989585876,64.88668823242188,0.7197150588035583,0.7418652772903442,0.772206723690033,0.03840208053588867,0.22192782163619995,3620.501708984375,0.5032262802124023,0.5175331830978394,0.7617087364196777,-0.06949305534362793,0.14120781421661377,66.4232406616211,0.506892204284668,0.6072875261306763,0.6461988687515259,-0.21652007102966309,0.11355670541524887,60.27226257324219,0.7410369515419006,0.7348113059997559,0.7773943543434143,0.2732290029525757,"","","","","","","","","","","","","","","","","","","","","","","","","","","","","","","",0.062284473329782486,0.08230852335691452,"","PRUNED"
34,0.12433281540870667,"2025-05-16 21:02:09.117282","2025-05-16 21:02:09.617083","0 days 00:00:00.499801",176,208.0,32.0,112.0,"",0.00010492174065433004,4,"","","","","","","","","","","","","","","","","","","","","","","","","","","","","","","","","","","","","","","","","","","","","","","","","","","","","","",0.18245114386081696,62.654762268066406,0.4005998373031616,0.5375334024429321,0.6288138031959534,-0.7250844240188599,"","","","","","","","","","","","","","","","","","","","","","","","","","","","","","","","","","","","","","","","","","","","","","","","","",0.12433281540870667,"","","PRUNED"
35,0.09755901247262955,"2025-05-16 21:02:09.617315","2025-05-16 21:02:09.976522","0 days 00:00:00.359207",112,"","","","",0.031481789243876304,1,"","","","","","","","","","","","","","","","","","","","","","","","","","","","","","","","","","","","","","","","","","","","","","","","","","","","","","",0.18014462292194366,59.10527038574219,0.3079359233379364,0.3392367362976074,0.38500848412513733,-0.7606924772262573,"","","","","","","","","","","","","","","","","","","","","","","","","","","","","","","","","","","","","","","","","","","","","","","","","",0.09755901247262955,"","","PRUNED"
36,0.10492826998233795,"2025-05-16 21:02:09.976739","2025-05-16 21:02:10.395886","0 days 00:00:00.419147",80,144.0,64.0,"","",0.0003381033664931834,3,"","","","","","","","","","","","","","","","","","","","","","","","","","","","","","","","","","","","","","","","","","","","","","","","","","","","","","",0.14503514766693115,54.80986404418945,0.6295995116233826,0.681463897228241,0.7266088724136353,-0.14898252487182617,"","","","","","","","","","","","","","","","","","","","","","","","","","","","","","","","","","","","","","","","","","","","","","","","","",0.10492826998233795,"","","PRUNED"
37,0.08387282490730286,"2025-05-16 21:02:10.396144","2025-05-16 21:02:10.863164","0 days 00:00:00.467020",240,112.0,"","","",0.018007210626736648,2,"","","","","","","","","","","","","","","","","","","","","","","","","","","","","","","","","","","","","","","","","","","","","","","","","","","","","","",0.14542469382286072,67.8081283569336,0.7214154005050659,0.6884141564369202,0.7572416663169861,-0.046292781829833984,"","","","","","","","","","","","","","","","","","","","","","","","","","","","","","","","","","","","","","","","","","","","","","","","","",0.08387282490730286,"","","PRUNED"
38,0.08471356332302094,"2025-05-16 21:02:10.863390","2025-05-16 21:02:11.285228","0 days 00:00:00.421838",224,"","","","",0.005536606051899675,1,"","","","","","","","","","","","","","","","","","","","","","","","","","","","","","","","","","","","","","","","","","","","","","","","","","","","","","",0.13766267895698547,62.8703727722168,0.7085784673690796,0.7626314759254456,0.7871984839439392,0.027920067310333252,"","","","","","","","","","","","","","","","","","","","","","","","","","","","","","","","","","","","","","","","","","","","","","","","","",0.08471356332302094,"","","PRUNED"
39,0.0706244632601738,"2025-05-16 21:02:11.285447","2025-05-16 21:02:12.445099","0 days 00:00:01.159652",144,80.0,112.0,176.0,"",0.010170838007263155,4,"","","","","","","","","","","","","","","","","","","","","","","","","","","","","","","","","","","","","","","","","","","","","","","","","","","","","","",0.13883808255195618,68.70756530761719,0.7245079278945923,0.7192088961601257,0.7815533876419067,0.018867015838623047,0.20289593935012817,2389.71044921875,0.5139226913452148,0.5306874513626099,0.7775300741195679,0.043595075607299805,0.15245969593524933,77.40178680419922,0.5016788244247437,0.5584064722061157,0.6561832427978516,-0.34319794178009033,0.11690589785575867,60.50492477416992,0.6447204947471619,0.6607165336608887,0.716216504573822,0.22213804721832275,"","","","","","","","","","","","","","","","","","","","","","","","","","","","","","","",0.06836726516485214,0.0706244632601738,"","PRUNED"
40,0.09989996999502182,"2025-05-16 21:02:12.445358","2025-05-16 21:02:12.883923","0 days 00:00:00.438565",160,176.0,"","","",0.00023134136653775428,2,"","","","","","","","","","","","","","","","","","","","","","","","","","","","","","","","","","","","","","","","","","","","","","","","","","","","","","",0.14273586869239807,55.913822174072266,0.6878853440284729,0.6820108890533447,0.7340328097343445,-0.08195328712463379,"","","","","","","","","","","","","","","","","","","","","","","","","","","","","","","","","","","","","","","","","","","","","","","","","",0.09989996999502182,"","","PRUNED"
41,0.07298947870731354,"2025-05-16 21:02:12.884161","2025-05-16 21:02:13.333488","0 days 00:00:00.449327",176,192.0,"","","",0.0074146527375222844,2,"","","","","","","","","","","","","","","","","","","","","","","","","","","","","","","","","","","","","","","","","","","","","","","","","","","","","","",0.13655485212802887,62.98918151855469,0.6113758087158203,0.6909825205802917,0.7219610810279846,0.021154701709747314,"","","","","","","","","","","","","","","","","","","","","","","","","","","","","","","","","","","","","","","","","","","","","","","","","",0.07298947870731354,"","","PRUNED"
42,0.06822152435779572,"2025-05-16 21:02:13.333731","2025-05-16 21:02:16.833503","0 days 00:00:03.499772",192,160.0,"","","",0.003930580452717906,2,"","","","","","",0.13264179229736328,523.7316284179688,0.5049726963043213,0.49736636877059937,0.5589429140090942,0.13841062784194946,0.1179075762629509,1435.775634765625,0.5709209442138672,0.6093224883079529,0.6842138767242432,0.402488112449646,0.1571493148803711,252.3621368408203,0.6028334498405457,0.6309307813644409,0.6842538714408875,0.2845269441604614,0.1582852303981781,71.90853118896484,0.4543716311454773,0.5374709367752075,0.5412797927856445,0.009418368339538574,0.10983835905790329,167.6095733642578,0.6745628118515015,0.6282391548156738,0.6362665295600891,0.1492220163345337,0.1032959595322609,84.43346405029297,0.7208408713340759,0.7620306611061096,0.7258682250976562,0.20009666681289673,0.19189020991325378,197.80014038085938,0.8356190919876099,0.854990541934967,0.6571483612060547,0.20470577478408813,"","","","","","",0.12912686169147491,61.876930236816406,0.6310193538665771,0.7000008821487427,0.7189856171607971,0.08125215768814087,0.22531278431415558,3899.18017578125,0.4781338572502136,0.5151112079620361,0.7495781183242798,-0.15703332424163818,0.15113931894302368,79.72705078125,0.5467641949653625,0.5833104252815247,0.6763303279876709,-0.30591630935668945,0.11291809380054474,63.069828033447266,0.7449708580970764,0.741083025932312,0.7750234603881836,0.296006441116333,0.1133309081196785,53773.25390625,0.15557177364826202,0.3652707636356354,0.37439078092575073,-0.21893298625946045,0.10760762542486191,581.8718872070312,0.3540518879890442,0.38877153396606445,0.4967709183692932,-0.11063337326049805,0.1425444483757019,334.0274963378906,0.5044420957565308,0.394394189119339,0.5593664646148682,0.06750285625457764,0.268653005361557,5928.6572265625,0.547819972038269,0.3952312767505646,0.25125885009765625,-3.8691840171813965,0.11362551152706146,346.02264404296875,0.858899712562561,0.749083399772644,0.7419269680976868,0.36216336488723755,"",0.0625237226486206,0.061381470412015915,0.06822152435779572,"PRUNED"
43,0.07997813820838928,"2025-05-16 21:02:16.833773","2025-05-16 21:02:17.249995","0 days 00:00:00.416222",208,"","","","",0.0031756852504282286,1,"","","","","","","","","","","","","","","","","","","","","","","","","","","","","","","","","","","","","","","","","","","","","","","","","","","","","","",0.1406380534172058,64.40274047851562,0.7140415906906128,0.7407456040382385,0.7704557776451111,-0.00848841667175293,"","","","","","","","","","","","","","","","","","","","","","","","","","","","","","","","","","","","","","","","","","","","","","","","","",0.07997813820838928,"","","PRUNED"
44,0.06746702641248703,"2025-05-16 21:02:17.250218","2025-05-16 21:02:18.354172","0 days 00:00:01.103954",192,160.0,144.0,"","",0.003815676316575697,3,"","","","","","","","","","","","","","","","","","","","","","","","","","","","","","","","","","","","","","","","","","","","","","","","","","","","","","",0.13743285834789276,65.89801788330078,0.6857820153236389,0.7529101967811584,0.7877789735794067,0.05079913139343262,0.21249984204769135,2541.122314453125,0.46475750207901,0.5967525839805603,0.7776079177856445,-0.025980114936828613,0.1516830027103424,81.50457000732422,0.4731990098953247,0.5714027881622314,0.657740592956543,-0.33772075176239014,0.12492835521697998,71.87089538574219,0.7468243837356567,0.726881742477417,0.7718820571899414,0.1957877278327942,"","","","","","","","","","","","","","","","","","","","","","","","","","","","","","","",0.06050969287753105,0.06746702641248703,"","PRUNED"
45,0.06830678880214691,"2025-05-16 21:02:18.354430","2025-05-16 21:02:19.543768","0 days 00:00:01.189338",224,176.0,"","","",0.00484411420181926,2,"","","","","","","","","","","","","","","","","","","","","","","","","","","","","","","","","","","","","","","","","","","","","","","","","","","","","","",0.13632014393806458,65.2139892578125,0.6059324741363525,0.6602810621261597,0.7289966940879822,0.018344342708587646,0.21270975470542908,3652.7861328125,0.4836207628250122,0.5960137248039246,0.7746850252151489,-0.05800628662109375,0.14107051491737366,75.14874267578125,0.439805269241333,0.5889384746551514,0.6385521292686462,-0.21918249130249023,0.11423635482788086,62.96825408935547,0.6761436462402344,0.6913025379180908,0.7310003042221069,0.2661183476448059,"","","","","","","","","","","","","","","","","","","","","","","","","","","","","","","",0.06696614623069763,0.06830678880214691,"","PRUNED"
46,0.07571878284215927,"2025-05-16 21:02:19.544005","2025-05-16 21:02:19.986844","0 days 00:00:00.442839",160,144.0,"","","",0.001473444652621305,2,"","","","","","","","","","","","","","","","","","","","","","","","","","","","","","","","","","","","","","","","","","","","","","","","","","","","","","",0.1355007290840149,66.1302490234375,0.7111036777496338,0.7199387550354004,0.7774807810783386,0.043062031269073486,"","","","","","","","","","","","","","","","","","","","","","","","","","","","","","","","","","","","","","","","","","","","","","","","","",0.07571878284215927,"","","PRUNED"
47,0.08166030049324036,"2025-05-16 21:02:19.987067","2025-05-16 21:02:20.332108","0 days 00:00:00.345041",16,128.0,208.0,"","",0.0250197912210946,3,"","","","","","","","","","","","","","","","","","","","","","","","","","","","","","","","","","","","","","","","","","","","","","","","","","","","","","",0.14776723086833954,72.8270263671875,0.723998486995697,0.7064021229743958,0.7616404294967651,-0.055461883544921875,"","","","","","","","","","","","","","","","","","","","","","","","","","","","","","","","","","","","","","","","","","","","","","","","","",0.08166030049324036,"","","PRUNED"
48,0.08936930447816849,"2025-05-16 21:02:20.332346","2025-05-16 21:02:20.680034","0 days 00:00:00.347688",128,"","","","",0.014012192557383037,1,"","","","","","","","","","","","","","","","","","","","","","","","","","","","","","","","","","","","","","","","","","","","","","","","","","","","","","",0.1348971277475357,65.73326873779297,0.7141216993331909,0.7125595808029175,0.7717716097831726,0.006290316581726074,"","","","","","","","","","","","","","","","","","","","","","","","","","","","","","","","","","","","","","","","","","","","","","","","","",0.08936930447816849,"","","PRUNED"
49,0.10182500630617142,"2025-05-16 21:02:20.680254","2025-05-16 21:02:21.129534","0 days 00:00:00.449280",192,208.0,16.0,"","",0.0010774466000269065,3,"","","","","","","","","","","","","","","","","","","","","","","","","","","","","","","","","","","","","","","","","","","","","","","","","","","","","","",0.14461515843868256,61.67314529418945,0.6874561905860901,0.6792579293251038,0.7536605596542358,-0.0368192195892334,"","","","","","","","","","","","","","","","","","","","","","","","","","","","","","","","","","","","","","","","","","","","","","","","","",0.10182500630617142,"","","PRUNED"
50,0.07720820605754852,"2025-05-16 21:02:21.129767","2025-05-16 21:02:21.582720","0 days 00:00:00.452953",240,96.0,"","","",0.05371860612014076,2,"","","","","","","","","","","","","","","","","","","","","","","","","","","","","","","","","","","","","","","","","","","","","","","","","","","","","","",0.1938173919916153,67.88046264648438,0.3079359233379364,0.3392367362976074,0.38500848412513733,-0.8816794157028198,"","","","","","","","","","","","","","","","","","","","","","","","","","","","","","","","","","","","","","","","","","","","","","","","","",0.07720820605754852,"","","PRUNED"
51,0.0770023986697197,"2025-05-16 21:02:21.582947","2025-05-16 21:02:22.042680","0 days 00:00:00.459733",176,240.0,"","","",0.007020257134037657,2,"","","","","","","","","","","","","","","","","","","","","","","","","","","","","","","","","","","","","","","","","","","","","","","","","","","","","","",0.1325242519378662,64.01190948486328,0.6319353580474854,0.6426556706428528,0.7369821667671204,0.08228063583374023,"","","","","","","","","","","","","","","","","","","","","","","","","","","","","","","","","","","","","","","","","","","","","","","","","",0.0770023986697197,"","","PRUNED"
52,0.08278927206993103,"2025-05-16 21:02:22.042914","2025-05-16 21:02:22.490856","0 days 00:00:00.447942",176,208.0,"","","",0.00984778147801202,2,"","","","","","","","","","","","","","","","","","","","","","","","","","","","","","","","","","","","","","","","","","","","","","","","","","","","","","",0.1327289640903473,63.07248306274414,0.7019280791282654,0.7876688241958618,0.7897388339042664,0.07763713598251343,"","","","","","","","","","","","","","","","","","","","","","","","","","","","","","","","","","","","","","","","","","","","","","","","","",0.08278927206993103,"","","PRUNED"
53,0.07720409333705902,"2025-05-16 21:02:22.491090","2025-05-16 21:02:22.929093","0 days 00:00:00.438003",192,160.0,"","","",0.0020559913246232,2,"","","","","","","","","","","","","","","","","","","","","","","","","","","","","","","","","","","","","","","","","","","","","","","","","","","","","","",0.1253301054239273,62.807430267333984,0.7466341853141785,0.7275473475456238,0.7740737199783325,0.10349780321121216,"","","","","","","","","","","","","","","","","","","","","","","","","","","","","","","","","","","","","","","","","","","","","","","","","",0.07720409333705902,"","","PRUNED"
54,0.06993278115987778,"2025-05-16 21:02:22.929320","2025-05-16 21:02:23.978205","0 days 00:00:01.048885",144,176.0,"","","",0.004171775194947976,2,"","","","","","","","","","","","","","","","","","","","","","","","","","","","","","","","","","","","","","","","","","","","","","","","","","","","","","",0.13741767406463623,65.5638427734375,0.6249166131019592,0.6214233040809631,0.7328028082847595,0.012840449810028076,0.2202252298593521,3390.474365234375,0.501332700252533,0.5139901041984558,0.7608321309089661,-0.09196639060974121,0.14542503654956818,75.00177764892578,0.5088227987289429,0.5992252826690674,0.6557143330574036,-0.27421605587005615,0.11434601247310638,60.27675247192383,0.7442823052406311,0.728773832321167,0.7652890086174011,0.23253333568572998,"","","","","","","","","","","","","","","","","","","","","","","","","","","","","","","",0.06195322796702385,0.06993278115987778,"","PRUNED"
55,0.07150530070066452,"2025-05-16 21:02:23.978441","2025-05-16 21:02:25.065282","0 days 00:00:01.086841",160,192.0,96.0,"","",0.00935218349340866,3,"","","","","","","","","","","","","","","","","","","","","","","","","","","","","","","","","","","","","","","","","","","","","","","","","","","","","","",0.13288936018943787,63.616615295410156,0.7657288312911987,0.7243506908416748,0.7833284139633179,0.09434759616851807,0.21379892528057098,2904.766845703125,0.5058249831199646,0.5474443435668945,0.7657602429389954,-0.06608247756958008,0.15084455907344818,78.17913818359375,0.4848906397819519,0.5951085686683655,0.6686549186706543,-0.3078005313873291,0.10774426907300949,57.245670318603516,0.6478069424629211,0.6829015016555786,0.7458194494247437,0.2870013117790222,"","","","","","","","","","","","","","","","","","","","","","","","","","","","","","","",0.06831753998994827,0.07150530070066452,"","PRUNED"
56,0.07144496589899063,"2025-05-16 21:02:25.065527","2025-05-16 21:02:25.490446","0 days 00:00:00.424919",208,"","","","",0.0058241698802837675,1,"","","","","","","","","","","","","","","","","","","","","","","","","","","","","","","","","","","","","","","","","","","","","","","","","","","","","","",0.13300326466560364,63.108421325683594,0.7204931974411011,0.7392094135284424,0.7807543277740479,0.05147641897201538,"","","","","","","","","","","","","","","","","","","","","","","","","","","","","","","","","","","","","","","","","","","","","","","","","",0.07144496589899063,"","","PRUNED"
57,0.08683813363313675,"2025-05-16 21:02:25.490664","2025-05-16 21:02:25.993719","0 days 00:00:00.503055",176,160.0,48.0,224.0,144.0,0.016246192507134598,5,"","","","","","","","","","","","","","","","","","","","","","","","","","","","","","","","","","","","","","","","","","","","","","","","","","","","","","",0.1465924233198166,51.538978576660156,0.7403103113174438,0.6892484426498413,0.7434068322181702,-0.2258075475692749,"","","","","","","","","","","","","","","","","","","","","","","","","","","","","","","","","","","","","","","","","","","","","","","","","",0.08683813363313675,"","","PRUNED"
58,0.07363072037696838,"2025-05-16 21:02:25.993969","2025-05-16 21:02:27.071793","0 days 00:00:01.077824",144,48.0,176.0,"","",0.002967572783512237,3,"","","","","","","","","","","","","","","","","","","","","","","","","","","","","","","","","","","","","","","","","","","","","","","","","","","","","","",0.14227627217769623,67.73036193847656,0.6675879955291748,0.6751435399055481,0.7315391302108765,-0.029164552688598633,0.22176393866539001,3365.50341796875,0.47816595435142517,0.5332249999046326,0.7500720620155334,-0.13771116733551025,0.1452680230140686,73.68934631347656,0.49603259563446045,0.6072436571121216,0.6478074789047241,-0.240409255027771,0.11333322525024414,60.67356491088867,0.7502796053886414,0.7647059559822083,0.7951902747154236,0.2857585549354553,"","","","","","","","","","","","","","","","","","","","","","","","","","","","","","","",0.06371916830539703,0.07363072037696838,"","PRUNED"
59,0.1288796216249466,"2025-05-16 21:02:27.072037","2025-05-16 21:02:27.543236","0 days 00:00:00.471199",208,144.0,"","","",0.02251597994563124,2,"","","","","","","","","","","","","","","","","","","","","","","","","","","","","","","","","","","","","","","","","","","","","","","","","","","","","","",0.18092581629753113,59.50282669067383,0.3079359233379364,0.3392367362976074,0.38500848412513733,-0.7682919502258301,"","","","","","","","","","","","","","","","","","","","","","","","","","","","","","","","","","","","","","","","","","","","","","","","","",0.1288796216249466,"","","PRUNED"
60,0.0726819783449173,"2025-05-16 21:02:27.543472","2025-05-16 21:02:27.984728","0 days 00:00:00.441256",96,240.0,16.0,256.0,"",0.0017114833541325694,4,"","","","","","","","","","","","","","","","","","","","","","","","","","","","","","","","","","","","","","","","","","","","","","","","","","","","","","",0.14724022150039673,68.0207748413086,0.6416937708854675,0.6339606046676636,0.7251119613647461,-0.03791248798370361,"","","","","","","","","","","","","","","","","","","","","","","","","","","","","","","","","","","","","","","","","","","","","","","","","",0.0726819783449173,"","","PRUNED"
61,0.14429637482937643,"2025-05-16 21:02:27.984967","2025-05-16 21:02:31.595169","0 days 00:00:03.610202",192,144.0,80.0,"","",0.006303045060646559,3,0.14429637482937643,5179.72526550293,0.4978858767186894,0.555040568113327,0.5936907976865768,-0.22721520592184627,0.12881512939929962,417.33447265625,0.3291502892971039,0.37497004866600037,0.49547088146209717,0.06826990842819214,0.11159618943929672,1113.220458984375,0.21325333416461945,0.4543854296207428,0.6143022179603577,0.36760497093200684,0.15369224548339844,264.1615295410156,0.5311111807823181,0.6551834344863892,0.7200412154197693,0.31320101022720337,0.15695208311080933,76.1579360961914,0.4658583998680115,0.5303744673728943,0.604129433631897,0.06116819381713867,0.1043747216463089,145.44439697265625,0.5711802244186401,0.5974017977714539,0.602641761302948,0.18972909450531006,0.10407276451587677,81.60449981689453,0.5997398495674133,0.6737752556800842,0.6849360466003418,0.17749804258346558,0.1870807409286499,219.93650817871094,0.9554647207260132,0.8767382502555847,0.6998018026351929,0.2654743194580078,0.13527598977088928,194.92787170410156,0.21946997940540314,0.2948554754257202,0.43276724219322205,-0.8418031930923462,0.13536371290683746,70.04122924804688,0.6627923846244812,0.7324823141098022,0.7829230427742004,-0.03216242790222168,0.2256685048341751,3777.6787109375,0.428139328956604,0.5256764888763428,0.7456341981887817,-0.1359308958053589,0.14511966705322266,73.67918395996094,0.49004772305488586,0.642951488494873,0.6633116602897644,-0.2443857192993164,0.110960453748703,56.90315246582031,0.717405378818512,0.7599199414253235,0.7700987458229065,0.25765812397003174,0.1276233196258545,74957.8203125,0.15243147313594818,0.36478257179260254,0.3590236008167267,-0.45633089542388916,0.10603934526443481,556.1290283203125,0.3540915250778198,0.43894073367118835,0.4535506069660187,-0.08862042427062988,0.14091169834136963,302.0539855957031,0.5044420957565308,0.44471606612205505,0.5730295181274414,0.06004554033279419,0.25886252522468567,5326.119140625,0.4015909433364868,0.3273718059062958,0.1933182030916214,-4.111831188201904,0.12062928080558777,422.1170959472656,0.8678910732269287,0.7411640882492065,0.6977633833885193,0.2877570390701294,0.0,0.06064716726541519,0.060325831174850464,0.05852567404508591,"COMPLETE"
62,0.06002052500844002,"2025-05-16 21:02:31.595581","2025-05-16 21:02:35.117178","0 days 00:00:03.521597",192,128.0,48.0,"","",0.004111939658218095,3,"","","","","","",0.13297255337238312,496.2342224121094,0.3383979797363281,0.3745027780532837,0.49527546763420105,0.06415963172912598,0.1145593672990799,1069.7276611328125,0.24541908502578735,0.3949536383152008,0.6206343173980713,0.3249279260635376,0.16272421181201935,302.32244873046875,0.5810250639915466,0.6165827512741089,0.6308872699737549,0.2797504663467407,0.154269739985466,79.10709381103516,0.4811146855354309,0.5877330899238586,0.6070945858955383,0.0803534984588623,0.1141943410038948,176.14878845214844,0.5508579611778259,0.533270001411438,0.5347021818161011,0.07681506872177124,0.10525260120630264,75.2762222290039,0.5320470929145813,0.6020517349243164,0.6795175671577454,0.14003121852874756,0.19738934934139252,202.27174377441406,0.7927217483520508,0.7324803471565247,0.6389554738998413,0.15565842390060425,"","","","","","",0.1420532613992691,64.6628646850586,0.7146252393722534,0.7392568588256836,0.7654219269752502,-0.0487055778503418,0.21485808491706848,3052.047607421875,0.5300742387771606,0.567392110824585,0.7752590775489807,-0.03576183319091797,0.14809994399547577,83.76385498046875,0.4792467951774597,0.5776237845420837,0.6604837775230408,-0.2571549415588379,0.1277007758617401,82.47278594970703,0.6567492485046387,0.7114782333374023,0.7546951770782471,0.2600698471069336,0.11732582002878189,62208.47265625,0.13763819634914398,0.26924967765808105,0.31689929962158203,-0.4142723083496094,0.10051130503416061,527.8400268554688,0.3775997459888458,0.4159775972366333,0.5145143866539001,-0.040779948234558105,0.14590370655059814,335.761474609375,0.43365728855133057,0.3730383515357971,0.5270177125930786,0.01385420560836792,0.33143410086631775,7302.7109375,0.4085584878921509,0.2949821949005127,0.17003720998764038,-5.932331085205078,0.11271879076957703,311.0755310058594,0.8966292142868042,0.760553777217865,0.7477066516876221,0.382779061794281,"",0.0604013167321682,0.0644918903708458,0.06002052500844002,"PRUNED"
63,0.06937422603368759,"2025-05-16 21:02:35.117458","2025-05-16 21:02:36.196185","0 days 00:00:01.078727",192,128.0,48.0,"","",0.004019235733275392,3,"","","","","","","","","","","","","","","","","","","","","","","","","","","","","","","","","","","","","","","","","","","","","","","","","","","","","","",0.13838793337345123,63.85408020019531,0.697197437286377,0.7440240383148193,0.7647167444229126,0.016520440578460693,0.24339818954467773,4341.1318359375,0.4404432475566864,0.48210790753364563,0.738149881362915,-0.2744799852371216,0.15046639740467072,85.72909545898438,0.4137272536754608,0.5229228734970093,0.6255835890769958,-0.28010714054107666,0.12378019839525223,63.47372055053711,0.7260284423828125,0.7030438780784607,0.7742919921875,0.15575391054153442,"","","","","","","","","","","","","","","","","","","","","","","","","","","","","","","",0.06434904038906097,0.06937422603368759,"","PRUNED"
64,0.06155358627438545,"2025-05-16 21:02:36.196432","2025-05-16 21:02:39.923585","0 days 00:00:03.727153",224,96.0,64.0,"","",0.0024120242289350957,3,"","","","","","",0.12451019883155823,616.7453002929688,0.8161329627037048,0.7157160639762878,0.63811856508255,0.3110194802284241,0.11829632520675659,1530.53955078125,0.6110072135925293,0.6556543707847595,0.7163816094398499,0.4157354235649109,0.14826807379722595,219.25540161132812,0.6203040480613708,0.6907696723937988,0.7188910841941833,0.3488526940345764,0.155714213848114,75.19589233398438,0.6103253364562988,0.5500454902648926,0.6174703240394592,0.07852780818939209,0.10621234774589539,153.20823669433594,0.6367059946060181,0.649700403213501,0.6327808499336243,0.1576562523841858,0.10664698481559753,87.2292251586914,0.6607866287231445,0.6677339673042297,0.6972904205322266,0.15287768840789795,0.21344523131847382,176.53504943847656,0.5423893928527832,0.5679752826690674,0.5266017317771912,-0.043245673179626465,"","","","","","",0.1392328441143036,66.17599487304688,0.6961797475814819,0.705223560333252,0.7533442378044128,-0.007930636405944824,0.22795481979846954,4050.13134765625,0.4450060725212097,0.5212823748588562,0.7460051774978638,-0.17686951160430908,0.13975001871585846,73.790771484375,0.448840469121933,0.6214078664779663,0.6516784429550171,-0.16590893268585205,0.10372842103242874,55.92464065551758,0.733729362487793,0.7498939633369446,0.7957326173782349,0.3590238690376282,0.11439434438943863,68273.34375,0.10453318804502487,0.3043631911277771,0.351365864276886,-0.3076457977294922,0.10461006313562393,649.3096923828125,0.378813236951828,0.43461647629737854,0.5266289114952087,-0.02971506118774414,0.14909715950489044,427.27069091796875,0.43365728855133057,0.37846776843070984,0.5577471256256104,0.08007776737213135,0.3049221336841583,6739.76904296875,0.4750158190727234,0.3927277624607086,0.2329430878162384,-5.420302391052246,0.12088613212108612,427.5500183105469,0.889585018157959,0.7428173422813416,0.6903555393218994,0.3017483353614807,"",0.06102330982685089,0.06224152445793152,0.06155358627438545,"PRUNED"
65,0.10085965692996979,"2025-05-16 21:02:39.923860","2025-05-16 21:02:40.391756","0 days 00:00:00.467896",224,96.0,64.0,"","",0.0007013484481555153,3,"","","","","","","","","","","","","","","","","","","","","","","","","","","","","","","","","","","","","","","","","","","","","","","","","","","","","","",0.1476992517709732,60.58512878417969,0.6837825179100037,0.6540089249610901,0.760672926902771,-0.097450852394104,"","","","","","","","","","","","","","","","","","","","","","","","","","","","","","","","","","","","","","","","","","","","","","","","","",0.10085965692996979,"","","PRUNED"
66,0.08753973245620728,"2025-05-16 21:02:40.392018","2025-05-16 21:02:40.861082","0 days 00:00:00.469064",224,64.0,64.0,"","",0.002797316144579249,3,"","","","","","","","","","","","","","","","","","","","","","","","","","","","","","","","","","","","","","","","","","","","","","","","","","","","","","",0.13778264820575714,67.80506896972656,0.647686243057251,0.6931467056274414,0.7640754580497742,0.015457868576049805,"","","","","","","","","","","","","","","","","","","","","","","","","","","","","","","","","","","","","","","","","","","","","","","","","",0.08753973245620728,"","","PRUNED"
67,0.09053168445825577,"2025-05-16 21:02:40.861321","2025-05-16 21:02:41.370796","0 days 00:00:00.509475",256,112.0,32.0,112.0,"",0.002268721676054817,4,"","","","","","","","","","","","","","","","","","","","","","","","","","","","","","","","","","","","","","","","","","","","","","","","","","","","","","",0.14679323136806488,69.5377197265625,0.6839258074760437,0.6995631456375122,0.7481815814971924,-0.038970947265625,"","","","","","","","","","","","","","","","","","","","","","","","","","","","","","","","","","","","","","","","","","","","","","","","","",0.09053168445825577,"","","PRUNED"
68,0.08194661140441895,"2025-05-16 21:02:41.371040","2025-05-16 21:02:41.800100","0 days 00:00:00.429060",64,112.0,32.0,"","",0.006812077798673491,3,"","","","","","","","","","","","","","","","","","","","","","","","","","","","","","","","","","","","","","","","","","","","","","","","","","","","","","",0.14889667928218842,67.86184692382812,0.7135158777236938,0.7319545149803162,0.7551282644271851,-0.11028659343719482,"","","","","","","","","","","","","","","","","","","","","","","","","","","","","","","","","","","","","","","","","","","","","","","","","",0.08194661140441895,"","","PRUNED"
69,0.07502467930316925,"2025-05-16 21:02:41.800348","2025-05-16 21:02:42.302321","0 days 00:00:00.501973",240,32.0,96.0,"","",0.004915655097745541,3,"","","","","","","","","","","","","","","","","","","","","","","","","","","","","","","","","","","","","","","","","","","","","","","","","","","","","","",0.1423167586326599,69.27894592285156,0.7500420808792114,0.6931363344192505,0.7661870121955872,-0.03399550914764404,"","","","","","","","","","","","","","","","","","","","","","","","","","","","","","","","","","","","","","","","","","","","","","","","","",0.07502467930316925,"","","PRUNED"
70,0.11093214154243469,"2025-05-16 21:02:42.302563","2025-05-16 21:02:42.826984","0 days 00:00:00.524421",160,128.0,48.0,64.0,"",0.000150537206320578,4,"","","","","","","","","","","","","","","","","","","","","","","","","","","","","","","","","","","","","","","","","","","","","","","","","","","","","","",0.17905546724796295,60.450408935546875,0.7546799182891846,0.7105568051338196,0.7507426738739014,-0.693055272102356,"","","","","","","","","","","","","","","","","","","","","","","","","","","","","","","","","","","","","","","","","","","","","","","","","",0.11093214154243469,"","","PRUNED"
71,0.0683927983045578,"2025-05-16 21:02:42.827227","2025-05-16 21:02:43.295223","0 days 00:00:00.467996",192,144.0,256.0,"","",0.0038220355882010153,3,"","","","","","","","","","","","","","","","","","","","","","","","","","","","","","","","","","","","","","","","","","","","","","","","","","","","","","",0.13278169929981232,67.84490966796875,0.6978271007537842,0.7085741758346558,0.7676372528076172,0.011085569858551025,"","","","","","","","","","","","","","","","","","","","","","","","","","","","","","","","","","","","","","","","","","","","","","","","","",0.0683927983045578,"","","PRUNED"
72,0.07271350175142288,"2025-05-16 21:02:43.295473","2025-05-16 21:02:43.794957","0 days 00:00:00.499484",208,160.0,96.0,"","",0.011656978627196076,3,"","","","","","","","","","","","","","","","","","","","","","","","","","","","","","","","","","","","","","","","","","","","","","","","","","","","","","",0.13172730803489685,68.71448516845703,0.6434745192527771,0.6616713404655457,0.7312145829200745,0.04412031173706055,"","","","","","","","","","","","","","","","","","","","","","","","","","","","","","","","","","","","","","","","","","","","","","","","","",0.07271350175142288,"","","PRUNED"
73,0.06894759833812714,"2025-05-16 21:02:43.795196","2025-05-16 21:02:44.897943","0 days 00:00:01.102747",192,128.0,64.0,"","",0.002566754979054973,3,"","","","","","","","","","","","","","","","","","","","","","","","","","","","","","","","","","","","","","","","","","","","","","","","","","","","","","",0.1307181864976883,65.50057220458984,0.6883960366249084,0.6879315972328186,0.754437267780304,0.05055403709411621,0.23385004699230194,3621.87451171875,0.4609512686729431,0.5458768010139465,0.7523971796035767,-0.25327587127685547,0.14748124778270721,77.19613647460938,0.4890819787979126,0.5957873463630676,0.6715896725654602,-0.279133677482605,0.11583492159843445,68.50881958007812,0.7323760986328125,0.7482958436012268,0.7769351005554199,0.284454345703125,"","","","","","","","","","","","","","","","","","","","","","","","","","","","","","","",0.06248612329363823,0.06894759833812714,"","PRUNED"
74,0.0692172423005104,"2025-05-16 21:02:44.898199","2025-05-16 21:02:45.432515","0 days 00:00:00.534316",208,96.0,128.0,"","",0.007816776821765011,3,"","","","","","","","","","","","","","","","","","","","","","","","","","","","","","","","","","","","","","","","","","","","","","","","","","","","","","",0.14113415777683258,67.29325866699219,0.7180635333061218,0.711279034614563,0.7685713768005371,-0.006211519241333008,"","","","","","","","","","","","","","","","","","","","","","","","","","","","","","","","","","","","","","","","","","","","","","","","","",0.0692172423005104,"","","PRUNED"
75,0.07007168233394623,"2025-05-16 21:02:45.432751","2025-05-16 21:02:45.917542","0 days 00:00:00.484791",176,144.0,80.0,"","",0.003426296108341482,3,"","","","","","","","","","","","","","","","","","","","","","","","","","","","","","","","","","","","","","","","","","","","","","","","","","","","","","",0.13665691018104553,62.089717864990234,0.691932201385498,0.752611517906189,0.7627655863761902,0.007975757122039795,"","","","","","","","","","","","","","","","","","","","","","","","","","","","","","","","","","","","","","","","","","","","","","","","","",0.07007168233394623,"","","PRUNED"
76,0.07024035602807999,"2025-05-16 21:02:45.917805","2025-05-16 21:02:46.391334","0 days 00:00:00.473529",224,64.0,"","","",0.0012783083396516544,2,"","","","","","","","","","","","","","","","","","","","","","","","","","","","","","","","","","","","","","","","","","","","","","","","","","","","","","",0.13743825256824493,63.30815505981445,0.7490700483322144,0.7351362705230713,0.7835050225257874,0.06175637245178223,"","","","","","","","","","","","","","","","","","","","","","","","","","","","","","","","","","","","","","","","","","","","","","","","","",0.07024035602807999,"","","PRUNED"
77,0.0712299719452858,"2025-05-16 21:02:46.391576","2025-05-16 21:02:50.272772","0 days 00:00:03.881196",192,112.0,48.0,144.0,"",0.0053307000665523685,4,"","","","","","",0.12322307378053665,426.81866455078125,0.5652765035629272,0.5222030282020569,0.5675299167633057,0.13524073362350464,0.09793880581855774,844.0846557617188,0.4259594678878784,0.5658439993858337,0.6885554194450378,0.45344865322113037,0.1553962081670761,271.96673583984375,0.5795201659202576,0.6615844368934631,0.6555342674255371,0.30509036779403687,0.1564730554819107,78.80856323242188,0.5811206698417664,0.549120306968689,0.5607835650444031,0.11517220735549927,0.10575233399868011,152.52627563476562,0.5890020728111267,0.6004378795623779,0.5979809165000916,0.14247733354568481,0.10490768402814865,87.48493194580078,0.6413167715072632,0.6717483997344971,0.7340996861457825,0.13745790719985962,0.20709490776062012,238.455322265625,0.7361398935317993,0.7294507622718811,0.6127448678016663,0.10769277811050415,"","","","","","",0.13605965673923492,61.70319366455078,0.7071635127067566,0.6927651166915894,0.7648330926895142,0.02045619487762451,0.22950822114944458,3385.788818359375,0.48143017292022705,0.5485357046127319,0.7531190514564514,-0.180763840675354,0.15527266263961792,77.8997802734375,0.48440882563591003,0.6238269805908203,0.6657916307449341,-0.3875162601470947,0.11626001447439194,69.2070083618164,0.7701512575149536,0.7520566582679749,0.7830393314361572,0.298900842666626,0.12418648600578308,82213.15625,0.13763819634914398,0.20100517570972443,0.3494230806827545,-0.5071250200271606,0.10876832902431488,633.8948974609375,0.3372284173965454,0.3892100155353546,0.5074624419212341,-0.13893139362335205,0.14440257847309113,355.8911437988281,0.4050057828426361,0.35027021169662476,0.5102852582931519,0.04216986894607544,0.2885347902774811,6929.84912109375,0.3531111180782318,0.28808170557022095,0.17982414364814758,-5.693223476409912,0.11883563548326492,416.4074401855469,0.9254552721977234,0.7352463006973267,0.7435157895088196,0.3626256585121155,"",0.0607774518430233,0.06375567615032196,0.0712299719452858,"PRUNED"
78,0.07858138531446457,"2025-05-16 21:02:50.273063","2025-05-16 21:02:50.812811","0 days 00:00:00.539748",160,80.0,160.0,96.0,144.0,0.004468147670081734,5,"","","","","","","","","","","","","","","","","","","","","","","","","","","","","","","","","","","","","","","","","","","","","","","","","","","","","","",0.14101170003414154,68.7081527709961,0.6376826763153076,0.6823634505271912,0.7438305616378784,-0.041715025901794434,"","","","","","","","","","","","","","","","","","","","","","","","","","","","","","","","","","","","","","","","","","","","","","","","","",0.07858138531446457,"","","PRUNED"
79,0.0742340087890625,"2025-05-16 21:02:50.813055","2025-05-16 21:02:51.813656","0 days 00:00:01.000601",128,176.0,"","","",0.001808531632117679,2,"","","","","","","","","","","","","","","","","","","","","","","","","","","","","","","","","","","","","","","","","","","","","","","","","","","","","","",0.13845910131931305,62.1394157409668,0.7190037369728088,0.7560533881187439,0.7698082327842712,-0.022715449333190918,0.23384805023670197,4406.67822265625,0.4299025535583496,0.5116367936134338,0.7343088984489441,-0.14584696292877197,0.1418977975845337,76.71952056884766,0.49603259563446045,0.601431131362915,0.6567233800888062,-0.16719913482666016,0.1168229803442955,65.29934692382812,0.7460242509841919,0.7391335964202881,0.7757875919342041,0.2645437717437744,"","","","","","","","","","","","","","","","","","","","","","","","","","","","","","","",0.06593784689903259,0.0742340087890625,"","PRUNED"
80,0.069551482796669,"2025-05-16 21:02:51.813911","2025-05-16 21:02:52.309078","0 days 00:00:00.495167",208,144.0,112.0,"","",0.006290077582826963,3,"","","","","","","","","","","","","","","","","","","","","","","","","","","","","","","","","","","","","","","","","","","","","","","","","","","","","","",0.13689114153385162,67.6380386352539,0.7432284355163574,0.6907140612602234,0.768625795841217,-0.0342632532119751,"","","","","","","","","","","","","","","","","","","","","","","","","","","","","","","","","","","","","","","","","","","","","","","","","",0.069551482796669,"","","PRUNED"
81,0.07105018198490143,"2025-05-16 21:02:52.309320","2025-05-16 21:02:52.815088","0 days 00:00:00.505768",192,112.0,48.0,144.0,"",0.005337040284438469,4,"","","","","","","","","","","","","","","","","","","","","","","","","","","","","","","","","","","","","","","","","","","","","","","","","","","","","","",0.13801002502441406,63.91285705566406,0.7167420983314514,0.6808803081512451,0.7392048835754395,0.0049340128898620605,"","","","","","","","","","","","","","","","","","","","","","","","","","","","","","","","","","","","","","","","","","","","","","","","","",0.07105018198490143,"","","PRUNED"
82,0.07337600737810135,"2025-05-16 21:02:52.815394","2025-05-16 21:02:53.281601","0 days 00:00:00.466207",176,128.0,32.0,176.0,"",0.008851552971787842,4,"","","","","","","","","","","","","","","","","","","","","","","","","","","","","","","","","","","","","","","","","","","","","","","","","","","","","","",0.13317365944385529,63.587039947509766,0.6469285488128662,0.6619235873222351,0.7406421303749084,0.033478736877441406,"","","","","","","","","","","","","","","","","","","","","","","","","","","","","","","","","","","","","","","","","","","","","","","","","",0.07337600737810135,"","","PRUNED"
83,0.08213236927986145,"2025-05-16 21:02:53.281848","2025-05-16 21:02:54.480792","0 days 00:00:01.198944",176,160.0,64.0,128.0,"",0.0031002389120655407,4,"","","","","","","","","","","","","","","","","","","","","","","","","","","","","","","","","","","","","","","","","","","","","","","","","","","","","","",0.14333347976207733,67.32054901123047,0.7112392783164978,0.6997869610786438,0.7593887448310852,-0.041234493255615234,0.22954092919826508,3837.63037109375,0.44842496514320374,0.47967690229415894,0.7412163019180298,-0.16780495643615723,0.14454606175422668,75.09811401367188,0.506892204284668,0.6024971604347229,0.6472063660621643,-0.20161426067352295,0.10656198859214783,56.39857482910156,0.7389904856681824,0.7612696290016174,0.7930762767791748,0.32548123598098755,"","","","","","","","","","","","","","","","","","","","","","","","","","","","","","","",0.0617394745349884,0.08213236927986145,"","PRUNED"
84,0.06963425129652023,"2025-05-16 21:02:54.481049","2025-05-16 21:02:54.983672","0 days 00:00:00.502623",208,112.0,16.0,160.0,"",0.011006853867893282,4,"","","","","","","","","","","","","","","","","","","","","","","","","","","","","","","","","","","","","","","","","","","","","","","","","","","","","","",0.14945019781589508,66.38361358642578,0.6218599081039429,0.6661810874938965,0.7297104001045227,-0.030521869659423828,"","","","","","","","","","","","","","","","","","","","","","","","","","","","","","","","","","","","","","","","","","","","","","","","","",0.06963425129652023,"","","PRUNED"
85,0.10710309445858002,"2025-05-16 21:02:54.983914","2025-05-16 21:02:55.465242","0 days 00:00:00.481328",192,128.0,80.0,64.0,"",0.0004671701558122944,4,"","","","","","","","","","","","","","","","","","","","","","","","","","","","","","","","","","","","","","","","","","","","","","","","","","","","","","",0.14484915137290955,60.49124526977539,0.7205823063850403,0.6898859143257141,0.7419375777244568,-0.05942988395690918,"","","","","","","","","","","","","","","","","","","","","","","","","","","","","","","","","","","","","","","","","","","","","","","","","",0.10710309445858002,"","","PRUNED"
86,0.07626970112323761,"2025-05-16 21:02:55.465495","2025-05-16 21:02:55.934691","0 days 00:00:00.469196",224,96.0,"","","",0.005766433893530445,2,"","","","","","","","","","","","","","","","","","","","","","","","","","","","","","","","","","","","","","","","","","","","","","","","","","","","","","",0.13433273136615753,66.4408187866211,0.693551778793335,0.7100935578346252,0.7609336376190186,0.054634928703308105,"","","","","","","","","","","","","","","","","","","","","","","","","","","","","","","","","","","","","","","","","","","","","","","","","",0.07626970112323761,"","","PRUNED"
87,0.07252227514982224,"2025-05-16 21:02:55.934923","2025-05-16 21:02:56.407238","0 days 00:00:00.472315",192,144.0,240.0,"","",0.008499828135969651,3,"","","","","","","","","","","","","","","","","","","","","","","","","","","","","","","","","","","","","","","","","","","","","","","","","","","","","","",0.14821410179138184,75.98941040039062,0.6853939294815063,0.6535550951957703,0.729138970375061,-0.0502467155456543,"","","","","","","","","","","","","","","","","","","","","","","","","","","","","","","","","","","","","","","","","","","","","","","","","",0.07252227514982224,"","","PRUNED"
88,0.09589479863643646,"2025-05-16 21:02:56.407487","2025-05-16 21:02:56.897967","0 days 00:00:00.490480",176,128.0,32.0,208.0,16.0,0.002243364104245595,5,"","","","","","","","","","","","","","","","","","","","","","","","","","","","","","","","","","","","","","","","","","","","","","","","","","","","","","",0.136403426527977,61.94038391113281,0.7195080518722534,0.7433415651321411,0.7820515036582947,0.06445431709289551,"","","","","","","","","","","","","","","","","","","","","","","","","","","","","","","","","","","","","","","","","","","","","","","","","",0.09589479863643646,"","","PRUNED"
89,0.12909430265426636,"2025-05-16 21:02:56.898205","2025-05-16 21:02:57.380708","0 days 00:00:00.482503",240,32.0,"","","",0.09532916481607885,2,"","","","","","","","","","","","","","","","","","","","","","","","","","","","","","","","","","","","","","","","","","","","","","","","","","","","","","",0.177418053150177,57.834815979003906,0.3079359233379364,0.3392367362976074,0.38500848412513733,-0.733439564704895,"","","","","","","","","","","","","","","","","","","","","","","","","","","","","","","","","","","","","","","","","","","","","","","","","",0.12909430265426636,"","","PRUNED"
90,0.06733763962984085,"2025-05-16 21:02:57.380947","2025-05-16 21:02:58.359348","0 days 00:00:00.978401",112,176.0,80.0,"","",0.004577599604672042,3,"","","","","","","","","","","","","","","","","","","","","","","","","","","","","","","","","","","","","","","","","","","","","","","","","","","","","","",0.12976031005382538,65.25580596923828,0.7575862407684326,0.7535922527313232,0.788031280040741,0.0556601881980896,0.21592113375663757,2832.205322265625,0.5107033252716064,0.5663458108901978,0.7722254395484924,-0.07412219047546387,0.14590568840503693,81.13592529296875,0.4424276351928711,0.5416845679283142,0.6295639872550964,-0.24772942066192627,0.11875244230031967,66.8121566772461,0.7700033187866211,0.7399865984916687,0.7847842574119568,0.2638798952102661,"","","","","","","","","","","","","","","","","","","","","","","","","","","","","","","",0.06299901753664017,0.06733763962984085,"","PRUNED"
91,0.09603456407785416,"2025-05-16 21:02:58.359595","2025-05-16 21:02:58.815878","0 days 00:00:00.456283",160,208.0,"","","",0.015040649099415593,2,"","","","","","","","","","","","","","","","","","","","","","","","","","","","","","","","","","","","","","","","","","","","","","","","","","","","","","",0.18096241354942322,59.5266227722168,0.3079359233379364,0.3392367362976074,0.38500848412513733,-0.768602728843689,"","","","","","","","","","","","","","","","","","","","","","","","","","","","","","","","","","","","","","","","","","","","","","","","","",0.09603456407785416,"","","PRUNED"
92,0.08357775211334229,"2025-05-16 21:02:58.816116","2025-05-16 21:02:59.230860","0 days 00:00:00.414744",192,16.0,"","","",0.006752650097372436,2,"","","","","","","","","","","","","","","","","","","","","","","","","","","","","","","","","","","","","","","","","","","","","","","","","","","","","","",0.13549008965492249,66.47480010986328,0.7503194808959961,0.6719110608100891,0.7478035688400269,-0.013477921485900879,"","","","","","","","","","","","","","","","","","","","","","","","","","","","","","","","","","","","","","","","","","","","","","","","","",0.08357775211334229,"","","PRUNED"
93,0.0692598968744278,"2025-05-16 21:02:59.231130","2025-05-16 21:03:00.285961","0 days 00:00:01.054831",176,192.0,"","","",0.0035434703766303653,2,"","","","","","","","","","","","","","","","","","","","","","","","","","","","","","","","","","","","","","","","","","","","","","","","","","","","","","",0.1317947655916214,62.27787780761719,0.7360737919807434,0.7086009979248047,0.7724353075027466,0.0753699541091919,0.21993064880371094,3802.60546875,0.4283747673034668,0.4966477155685425,0.7476902008056641,-0.08674287796020508,0.14370355010032654,77.91443634033203,0.5294080376625061,0.5651471614837646,0.6552746295928955,-0.228432297706604,0.10089162737131119,58.20092010498047,0.75274658203125,0.770000159740448,0.8083828687667847,0.3838043808937073,"","","","","","","","","","","","","","","","","","","","","","","","","","","","","","","",0.067010797560215,0.0692598968744278,"","PRUNED"
94,0.071158267557621,"2025-05-16 21:03:00.286227","2025-05-16 21:03:04.090443","0 days 00:00:03.804216",208,160.0,"","","",0.00560473538613049,2,"","","","","","",0.1291031837463379,440.1067810058594,0.5896492600440979,0.526682436466217,0.5631231069564819,0.10976141691207886,0.10094786435365677,1016.8650512695312,0.4872541129589081,0.6118295192718506,0.7061518430709839,0.43399012088775635,0.15086150169372559,243.51210021972656,0.712925910949707,0.6736657023429871,0.7166664004325867,0.3508983254432678,0.15994036197662354,82.14997863769531,0.4907762408256531,0.6034819483757019,0.6269318461418152,0.0029808878898620605,0.11292672902345657,171.313232421875,0.624541699886322,0.601132333278656,0.5364140868186951,0.0707215666770935,0.10521870851516724,81.17924499511719,0.5096251964569092,0.5435152053833008,0.6397432684898376,0.1350466012954712,0.19580629467964172,202.0772247314453,0.8344002366065979,0.8426713347434998,0.6759617328643799,0.1499752402305603,"","","","","","",0.13706529140472412,65.40926361083984,0.7535601854324341,0.7129483222961426,0.7778600454330444,0.0408971905708313,0.2165299952030182,3768.63818359375,0.4971061050891876,0.5385579466819763,0.7646655440330505,-0.03379559516906738,0.1497180461883545,74.90406036376953,0.439805269241333,0.5489805340766907,0.6305915713310242,-0.31943583488464355,0.11183657497167587,59.26943588256836,0.7495234608650208,0.7456381320953369,0.7644575238227844,0.23956763744354248,0.11526525765657425,64987.1328125,0.16907872259616852,0.2596983313560486,0.3645820915699005,-0.2854529619216919,0.10548116266727448,604.249267578125,0.3408113420009613,0.4318436086177826,0.4660804867744446,-0.07544398307800293,0.14131268858909607,286.22674560546875,0.5044420957565308,0.4174276292324066,0.5636861324310303,0.028741061687469482,0.3142121732234955,7104.185546875,0.377183735370636,0.3368590474128723,0.2230178266763687,-5.431422233581543,0.11288454383611679,337.54766845703125,0.8939103484153748,0.7900978922843933,0.7318693995475769,0.3937793970108032,"",0.06763969361782074,0.06307535618543625,0.071158267557621,"PRUNED"
95,0.07679193466901779,"2025-05-16 21:03:04.090737","2025-05-16 21:03:04.597734","0 days 00:00:00.506997",208,160.0,"","","",0.007795724153899825,2,"","","","","","","","","","","","","","","","","","","","","","","","","","","","","","","","","","","","","","","","","","","","","","","","","","","","","","",0.13194581866264343,66.82473754882812,0.7417646050453186,0.7055879235267639,0.7866259217262268,0.04651844501495361,"","","","","","","","","","","","","","","","","","","","","","","","","","","","","","","","","","","","","","","","","","","","","","","","","",0.07679193466901779,"","","PRUNED"
96,0.07298881560564041,"2025-05-16 21:03:04.597973","2025-05-16 21:03:05.042290","0 days 00:00:00.444317",208,"","","","",0.01816705954171244,1,"","","","","","","","","","","","","","","","","","","","","","","","","","","","","","","","","","","","","","","","","","","","","","","","","","","","","","",0.14805930852890015,63.8263053894043,0.684538722038269,0.7164044380187988,0.7524188756942749,-0.048027992248535156,"","","","","","","","","","","","","","","","","","","","","","","","","","","","","","","","","","","","","","","","","","","","","","","","","",0.07298881560564041,"","","PRUNED"
97,0.07917172461748123,"2025-05-16 21:03:05.042525","2025-05-16 21:03:05.421580","0 days 00:00:00.379055",32,112.0,64.0,128.0,"",0.004874929065801234,4,"","","","","","","","","","","","","","","","","","","","","","","","","","","","","","","","","","","","","","","","","","","","","","","","","","","","","","",0.13987359404563904,66.53662872314453,0.690024197101593,0.6933827996253967,0.7673954963684082,-0.011630535125732422,"","","","","","","","","","","","","","","","","","","","","","","","","","","","","","","","","","","","","","","","","","","","","","","","","",0.07917172461748123,"","","PRUNED"
98,0.0787370428442955,"2025-05-16 21:03:05.421835","2025-05-16 21:03:05.818230","0 days 00:00:00.396395",80,160.0,160.0,"","",0.0026603633421578205,3,"","","","","","","","","","","","","","","","","","","","","","","","","","","","","","","","","","","","","","","","","","","","","","","","","","","","","","",0.14216358959674835,66.25081634521484,0.7191038727760315,0.7103894352912903,0.7621314525604248,-0.031207561492919922,"","","","","","","","","","","","","","","","","","","","","","","","","","","","","","","","","","","","","","","","","","","","","","","","","",0.0787370428442955,"","","PRUNED"
99,0.07137304544448853,"2025-05-16 21:03:05.818471","2025-05-16 21:03:09.648252","0 days 00:00:03.829781",224,144.0,"","","",0.005420706609918789,2,"","","","","","",0.13001197576522827,483.34979248046875,0.48596906661987305,0.44980496168136597,0.5263689160346985,0.13414323329925537,0.09933021664619446,988.4686279296875,0.549651026725769,0.6218088269233704,0.7128854393959045,0.4471498131752014,0.1529187113046646,237.51315307617188,0.6369100213050842,0.6208317279815674,0.6976925134658813,0.3095381259918213,0.15602196753025055,74.22985076904297,0.5612630248069763,0.5110424160957336,0.5505034327507019,0.06225275993347168,0.11339017003774643,174.3521270751953,0.6156553626060486,0.591977059841156,0.5550704598426819,0.07558804750442505,0.1040794849395752,86.71409606933594,0.6614284515380859,0.6901956796646118,0.6955006718635559,0.17620104551315308,0.19044643640518188,222.89805603027344,0.9496872425079346,0.8807579278945923,0.7001510262489319,0.2542165517807007,"","","","","","",0.1377781182527542,67.36625671386719,0.7568947076797485,0.7139051556587219,0.7736418843269348,-0.012851476669311523,0.21422705054283142,3050.9560546875,0.4984372556209564,0.5719127655029297,0.764122724533081,-0.03921401500701904,0.13816046714782715,68.97099304199219,0.5381642580032349,0.6311057209968567,0.6893883943557739,-0.20614898204803467,0.11438606679439545,59.90864562988281,0.7442823052406311,0.7295755743980408,0.7712821364402771,0.2313416600227356,0.11674359440803528,47546.33203125,0.16275687515735626,0.3677826523780823,0.3827110230922699,-0.33262109756469727,0.1044812873005867,575.1237182617188,0.3125940263271332,0.3633427619934082,0.46429479122161865,-0.07752466201782227,0.1478932648897171,386.73345947265625,0.5044420957565308,0.3868597745895386,0.5504047870635986,0.06329739093780518,0.3312399089336395,7568.09619140625,0.2435620278120041,0.33229780197143555,0.2185307890176773,-6.026543617248535,0.11330042779445648,348.3023986816406,0.9200852513313293,0.7619947195053101,0.7349793314933777,0.39445585012435913,"",0.061777450144290924,0.06095216050744057,0.07137304544448853,"PRUNED"
